query,url,impressions,clicks,position
lipo foam,/what-is-lipo-foam,2949,3,6.9
liposuction miami,/procedures/liposuction-miami,2383,0,67.4
what to eat after liposuction,/what-to-eat-after-liposuction,2320,1,11.5
what foods to avoid after liposuction,/what-to-eat-after-liposuction,1923,0,25.8
foods to avoid after liposuction,/what-to-eat-after-liposuction,1894,0,24.0
fibrosis after lipo,/how-to-get-rid-of-fibrosis-after-lipo,1383,6,6.5
how to get rid of fibrosis after lipo at home,/how-to-get-rid-of-fibrosis-after-lipo,806,5,4.0
sleeping without compression garment after lipo,/how-to-sleep-after-liposuction,762,0,7.5
how many lymphatic massages after lipo,/how-many-massages-after-lipo-360,519,10,2.9
how to get rid of fibrosis,/how-to-get-rid-of-fibrosis-after-lipo,515,4,8.1
how old do you have to be to get liposuction,/how-old-do-you-have-to-be-to-get-liposuction,504,1,8.1
how long do you wear your foams and boards after lipo,/what-is-lipo-foam,464,2,7.9
how to get rid of fibrosis after lipo,/how-to-get-rid-of-fibrosis-after-lipo,451,3,5.2
how to fix liposuction irregularities,/how-to-fix-uneven-liposuction,432,0,5.7
what is lipo foam,/what-is-lipo-foam,426,2,7.5
how often can you get liposuction,/how-many-times-can-you-get-liposuction,409,1,5.5
how many massages after lipo 360,/how-many-massages-after-lipo-360,407,21,2.5
swelling after liposuction,/how-to-reduce-swelling-after-liposuction,405,0,10.6
itching after liposuction,/how-to-reduce-itching-after-lipo,390,8,4.0
fibrosis after liposuction,/how-to-get-rid-of-fibrosis-after-lipo,384,1,9.7
lymphatic drainage massage,/how-many-massages-after-bbl,375,3,2.9
itching after lipo,/how-to-reduce-itching-after-lipo,367,8,2.6
lipo swelling timeline,/how-to-reduce-swelling-after-liposuction,361,0,1.9
liposuction recovery timeline,/how-to-reduce-swelling-after-liposuction,349,1,10.0
how long after lipo 360 can i workout,/how-long-after-lipo-can-i-workout,337,0,8.6
how many lymphatic massages after bbl,/how-many-massages-after-bbl,331,21,1.4
lipo itch,/how-to-reduce-itching-after-lipo,322,8,3.4
lipo 360 areas,/what-areas-does-lipo-360-cover,316,0,13.6
lipofoam,/what-is-lipo-foam,312,1,6.9
how to sleep after bbl and lipo 360,/how-to-sleep-after-bbl,311,2,3.0
does lipo 360 include arms,/what-areas-does-lipo-360-cover,309,0,8.6
liposuction swelling timeline,/how-to-reduce-swelling-after-liposuction,308,0,1.4
fibrosis treatment after lipo,/how-to-get-rid-of-fibrosis-after-lipo,284,9,6.6
how long does chin lipo take to heal,/how-long-does-it-take-to-recover-from-chin-lipo,278,2,10.0
how many lymphatic massages after lipo 360,/how-many-massages-after-lipo-360,276,12,1.4
bruising after liposuction,/how-to-get-rid-of-bruising-after-liposuction,274,1,7.9
bbl lymphatic drainage massage,/how-many-massages-after-bbl,273,5,5.5
uneven lipo and pregnant belly,/how-to-fix-uneven-liposuction,272,0,3.4
how many times can you get liposuction in the same area,/how-many-times-can-you-get-liposuction,269,3,3.8
lipo 360 12 areas,/what-areas-does-lipo-360-cover,266,1,6.9
how to reduce itching after lipo,/how-to-reduce-itching-after-lipo,263,4,2.8
what is fibrosis after lipo,/how-to-get-rid-of-fibrosis-after-lipo,263,0,10.8
how to reduce swelling after liposuction,/how-to-reduce-swelling-after-liposuction,252,0,9.5
itchy after lipo,/how-to-reduce-itching-after-lipo,252,7,3.4
can liposuction of.the butt.area help with itching,/how-to-reduce-itching-after-lipo,249,0,6.0
best cream for itchy skin after liposuction,/how-to-reduce-itching-after-lipo,247,2,3.4
lipo massage,/how-many-massages-after-lipo-360,244,0,9.1
fibrosis from lipo,/how-to-get-rid-of-fibrosis-after-lipo,239,0,9.8
chin lipo recovery time,/how-long-does-it-take-to-recover-from-chin-lipo,236,0,6.4
when to start lymphatic massage after lipo,/when-to-start-lymphatic-massage-after-lipo,235,1,5.9
botched liposuction correction,/how-to-fix-uneven-liposuction,234,0,9.7
what are the 12 areas of lipo 360,/what-areas-does-lipo-360-cover,234,1,5.8
lipo miami,/procedures/liposuction-miami,233,0,67.7
fibrosis lipo,/how-to-get-rid-of-fibrosis-after-lipo,231,0,11.3
how many times can you get liposuction,/how-many-times-can-you-get-liposuction,230,2,5.6
liposuction fibrosis treatment,/how-to-get-rid-of-fibrosis-after-lipo,227,0,9.5
how to sleep after bbl and lipo 360,/how-to-sleep-after-liposuction,226,1,8.1
does lipo 360 include upper back,/what-areas-does-lipo-360-cover,223,1,6.0
does fibrosis after lipo go away,/how-to-get-rid-of-fibrosis-after-lipo,222,0,6.5
how to sleep after lipo 360,/how-to-sleep-after-liposuction,220,1,6.9
how to get rid of fibrosis after liposuction,/how-to-get-rid-of-fibrosis-after-lipo,219,3,7.4
liposuction bruising,/how-to-get-rid-of-bruising-after-liposuction,213,1,13.2
what does lipo foam do,/what-is-lipo-foam,205,1,3.3
recovery time for chin liposuction procedure,/how-long-does-it-take-to-recover-from-chin-lipo,201,0,25.0
lipo fibrosis,/how-to-get-rid-of-fibrosis-after-lipo,200,0,7.4
how to sleep after lipo 360 and bbl,/how-to-sleep-after-liposuction,197,2,7.6
corrective lipo,/how-to-fix-uneven-liposuction,192,0,7.7
fibrosis,/how-to-get-rid-of-fibrosis-after-lipo,191,0,2.9
can i sleep on my side after lipo 360,/how-to-sleep-after-liposuction,189,1,7.2
how long does swelling last after liposuction,/how-to-reduce-swelling-after-liposuction,188,1,4.3
liposuction in miami,/procedures/liposuction-miami,188,0,70.6
chin lipo swelling timeline,/how-long-does-it-take-to-recover-from-chin-lipo,187,0,5.1
how soon after lipo can i get a lymphatic massage,/when-to-start-lymphatic-massage-after-lipo,181,5,2.8
massage after liposuction,/how-many-massages-after-lipo-360,179,4,8.5
miami liposuction,/procedures/liposuction-miami,179,0,71.0
chin lipo,/how-long-does-it-take-to-recover-from-chin-lipo,175,1,3.0
how many massages after lipo,/how-many-massages-after-lipo-360,175,3,1.6
fibrosis after tummy tuck,/how-to-get-rid-of-fibrosis-after-lipo,174,0,4.2
how many lymphatic massages after tummy tuck and lipo,/how-many-massages-after-lipo-360,173,4,2.9
how many lymphatic massages after tummy tuck,/how-many-massages-after-lipo-360,172,1,11.1
chin lipo recovery timeline,/how-long-does-it-take-to-recover-from-chin-lipo,171,0,8.3
how long to wear lipo foam,/what-is-lipo-foam,171,0,5.1
when can i sleep on my side after liposuction,/how-to-sleep-after-liposuction,171,1,6.0
what is lipo foam used for,/what-is-lipo-foam,170,1,4.2
itching after lipo 360,/how-to-reduce-itching-after-lipo,168,10,1.8
fibrosis post lipo,/how-to-get-rid-of-fibrosis-after-lipo,167,0,11.8
lipo foams,/what-is-lipo-foam,167,0,4.9
how many massages after lipo 360 and bbl,/how-many-massages-after-lipo-360,165,7,1.4
what to eat after bbl and lipo,/how-to-feed-the-fat-after-bbl,165,1,3.9
chin liposuction bruising,/how-to-get-rid-of-bruising-after-liposuction,164,0,14.7
how many massages after lipo 360 and bbl,/how-many-massages-after-bbl,164,3,3.7
itching after tummy tuck and lipo,/how-to-reduce-itching-after-lipo,164,1,6.2
scar tissue after liposuction,/how-to-get-rid-of-fibrosis-after-lipo,164,0,11.1
how long does chin lipo last,/how-long-does-it-take-to-recover-from-chin-lipo,163,1,9.6
how long does it take to recover from chin lipo,/how-long-does-it-take-to-recover-from-chin-lipo,163,0,11.4
how often should i get lymphatic massage after liposuction,/how-many-massages-after-lipo-360,163,0,4.6
liposuction south miami,/procedures/liposuction-miami,163,0,67.3
facial liposuction miami,/procedures/liposuction-miami,162,0,68.2
fibrosis after lipo treatment,/how-to-get-rid-of-fibrosis-after-lipo,159,2,7.2
chin liposuction cost,/how-long-does-it-take-to-recover-from-chin-lipo,158,0,3.0
how long after lipo can i workout,/how-long-after-lipo-can-i-workout,156,0,8.9
lutz liposuction,/procedures/liposuction-miami,155,0,80.5
uneven lipo,/how-to-fix-uneven-liposuction,154,2,2.6
chin liposuction recovery time,/how-long-does-it-take-to-recover-from-chin-lipo,153,0,9.5
how to use lipo foam after tummy tuck,/what-is-lipo-foam,153,3,6.1
liposucción miami,/procedures/liposuction-miami,151,0,73.8
lymphatic massage after bbl,/how-many-massages-after-bbl,151,2,5.3
how to get rid of fluid pockets after liposuction,/how-to-reduce-swelling-after-liposuction,148,0,11.0
when to start lymphatic massage after liposuction,/when-to-start-lymphatic-massage-after-lipo,148,1,5.3
what areas does lipo 360 cover,/what-areas-does-lipo-360-cover,145,0,8.8
chin lipo recovery,/how-long-does-it-take-to-recover-from-chin-lipo,143,1,14.5
lipo bruising,/how-to-get-rid-of-bruising-after-liposuction,142,0,9.2
fibrosis after liposuction treatment,/how-to-get-rid-of-fibrosis-after-lipo,141,0,7.5
how many lymphatic massages after liposuction,/how-many-massages-after-lipo-360,141,0,3.1
is lipo foam necessary,/what-is-lipo-foam,141,1,6.5
liposuction fibrosis,/how-to-get-rid-of-fibrosis-after-lipo,141,0,10.9
lymphatic drainage massage after bbl,/how-many-massages-after-bbl,141,6,4.3
fibrosis removal,/how-to-get-rid-of-fibrosis-after-lipo,140,3,6.5
lipo foam pads,/what-is-lipo-foam,139,0,1.9
liposuction scar tissue,/how-to-get-rid-of-fibrosis-after-lipo,139,0,13.1
liposuction,/how-old-do-you-have-to-be-to-get-liposuction,138,0,3.0
how long is chin lipo recovery,/how-long-does-it-take-to-recover-from-chin-lipo,131,0,11.5
liposuction correction,/how-to-fix-uneven-liposuction,130,0,10.8
liposuction miami fl,/procedures/liposuction-miami,129,0,72.1
itchy skin after liposuction,/how-to-reduce-itching-after-lipo,128,4,3.6
how many times can you get lipo,/how-many-times-can-you-get-liposuction,127,0,6.2
how often should you get lymphatic drainage massage after liposuction,/how-many-massages-after-lipo-360,127,5,3.6
what is fibrosis after liposuction,/how-to-get-rid-of-fibrosis-after-lipo,127,0,12.7
chin liposuction recovery day by day,/how-long-does-it-take-to-recover-from-chin-lipo,125,0,11.5
corrective liposuction,/how-to-fix-uneven-liposuction,125,0,14.5
liposuction recovery timeline,/how-long-does-it-take-to-recover-from-chin-lipo,125,0,23.3
how to fix fibrosis after lipo,/how-to-get-rid-of-fibrosis-after-lipo,124,1,7.3
how to fix uneven liposuction,/how-to-fix-uneven-liposuction,124,1,5.2
how many massages do i need after lipo 360,/how-many-massages-after-lipo-360,123,6,1.6
scar tissue from liposuction,/how-to-get-rid-of-fibrosis-after-lipo,122,0,12.0
liposuction swelling,/how-to-reduce-swelling-after-liposuction,121,0,15.9
fibrose lipo,/how-to-get-rid-of-fibrosis-after-lipo,120,0,48.8
how to get rid of fibrosis in the stomach,/how-to-get-rid-of-fibrosis-after-lipo,120,0,10.1
how to reduce bruising after lipo?,/how-to-get-rid-of-bruising-after-liposuction,120,0,4.0
lymphatic drainage after lipo,/when-to-start-lymphatic-massage-after-lipo,120,0,21.0
lymphatic massage after lipo,/when-to-start-lymphatic-massage-after-lipo,120,0,24.2
stomach fibrosis after lipo,/how-to-get-rid-of-fibrosis-after-lipo,119,1,15.5
what are lipo foams used for,/what-is-lipo-foam,119,0,8
when can i sleep on my stomach after liposuction,/how-to-sleep-after-liposuction,119,1,5.7
when can i stop wearing foams after lipo,/what-is-lipo-foam,119,0,7.7
12 areas of lipo 360,/what-areas-does-lipo-360-cover,118,0,6.3
how many liposuctions can you have,/how-many-times-can-you-get-liposuction,117,2,6.9
lipo 360 massage,/how-many-massages-after-lipo-360,117,0,4.6
ultrasound assisted liposuction miami,/procedures/liposuction-miami,117,0,61.4
how many lymphatic massages after lipo,/when-to-start-lymphatic-massage-after-lipo,115,0,18.7
how to sleep after lipo 360 and bbl,/how-to-sleep-after-bbl,115,0,4.3
how to prevent fibrosis,/how-to-get-rid-of-fibrosis-after-lipo,113,0,8.9
lymphatic massage after liposuction,/when-to-start-lymphatic-massage-after-lipo,113,0,33.3
what to eat after lipo,/what-to-eat-after-liposuction,113,0,9.9
best liposuction in miami,/procedures/liposuction-miami,112,0,38.0
how to treat fibrosis after lipo,/how-to-get-rid-of-fibrosis-after-lipo,112,2,5.8
lipo drainage,/when-to-start-lymphatic-massage-after-lipo,112,0,6.6
lipo pressure,/what-is-lipo-foam,112,0,6.9
how long to wait before revision liposuction 6 months 12 months,/how-many-times-can-you-get-liposuction,111,0,7.9
lipo fibrosis treatment,/how-to-get-rid-of-fibrosis-after-lipo,110,0,6.9
scar tissue from lipo,/how-to-get-rid-of-fibrosis-after-lipo,110,0,12.9
fibrosis from liposuction,/how-to-get-rid-of-fibrosis-after-lipo,109,0,12.8
high definition liposuction miami,/procedures/liposuction-miami,109,0,70.8
post liposuction massages,/when-to-start-lymphatic-massage-after-lipo,109,0,34.4
how long do i wear lipo foam after tummy tuck,/what-is-lipo-foam,108,1,5.9
how to sleep after stomach liposuction?,/how-to-sleep-after-liposuction,108,0,2.6
massage after liposuction,/when-to-start-lymphatic-massage-after-lipo,108,0,32.0
lipo massage,/when-to-start-lymphatic-massage-after-lipo,107,1,16.3
liposculpture miami,/procedures/liposuction-miami,107,0,71.0
liposuction foam,/what-is-lipo-foam,107,0,5.3
liposuction miami cost,/procedures/liposuction-miami,107,0,45.4
how does being on ozempic or zepbound affect my candidacy for liposuction?,/blog/liposuction-recovery-ozempic-miami,105,0,8.5
list of foods to eat after liposuction,/what-to-eat-after-liposuction,105,1,8.7
diet after liposuction,/what-to-eat-after-liposuction,103,0,11.1
how long does lipo swelling last,/how-to-reduce-swelling-after-liposuction,103,0,4.3
when can i start working out after lipo 360,/how-long-after-lipo-can-i-workout,103,0,8.9
chin liposuction recovery,/how-long-does-it-take-to-recover-from-chin-lipo,102,0,25.7
liposuction,/how-many-times-can-you-get-liposuction,102,0,2.8
uneven liposuction results,/how-to-fix-uneven-liposuction,102,1,4.4
what areas are included in the best lipo 360 packages?,/what-areas-does-lipo-360-cover,102,0,3.7
how many lymphatic massage after lipo,/how-many-massages-after-lipo-360,101,0,3.1
how to get rid of fluid after liposuction,/how-to-reduce-swelling-after-liposuction,101,0,8.9
how to use lipo foam,/what-is-lipo-foam,101,0,3.8
liposuction gone wrong,/how-to-fix-uneven-liposuction,101,0,41.7
massages after lipo 360,/how-many-massages-after-lipo-360,100,1,2.9
how long to wear foam after lipo,/what-is-lipo-foam,99,0,5.4
how many massages after lipo 360,/when-to-start-lymphatic-massage-after-lipo,99,0,11.2
how old do you have to be to get lipo,/how-old-do-you-have-to-be-to-get-liposuction,99,0,8.0
how long do you wear lipo foam after tummy tuck,/what-is-lipo-foam,97,0,5.8
how long to wear foams after lipo,/what-is-lipo-foam,97,0,5.7
how many times can you have liposuction,/how-many-times-can-you-get-liposuction,97,0,6.6
fibrosis pulmonar,/how-to-get-rid-of-fibrosis-after-lipo,96,0,2.2
how long do you have to wear foam boards after lipo,/what-is-lipo-foam,96,0,7.5
how many lymphatic massages do i need,/how-many-massages-after-lipo-360,96,0,10.3
pictures of fibrosis after liposuction,/how-to-get-rid-of-fibrosis-after-lipo,95,0,14.6
lipo 360 lymphatic massage,/how-many-massages-after-lipo-360,94,1,5.1
lymphatic massage post lipo,/when-to-start-lymphatic-massage-after-lipo,94,0,26.4
botched liposuction,/how-to-fix-uneven-liposuction,93,0,22.7
fibrosis surgery,/how-to-get-rid-of-fibrosis-after-lipo,93,0,5
lymphatic massage,/how-many-massages-after-bbl,92,1,1.5
surgical lipo,/how-to-fix-uneven-liposuction,92,0,36.8
when to get lymphatic massage after lipo,/when-to-start-lymphatic-massage-after-lipo,91,1,4.3
how to sleep after liposuction,/how-to-sleep-after-liposuction,90,0,5.9
do you need massages after lipo,/how-many-massages-after-lipo-360,89,0,6.9
how to remove fibrosis after lipo,/how-to-get-rid-of-fibrosis-after-lipo,89,0,6.4
liposuction timeline,/how-to-reduce-swelling-after-liposuction,89,0,1.4
when can i start doing abs after lipo,/how-long-after-lipo-can-i-workout,88,0,9.4
american society of plastic surgeons revision liposuction wait 6 months,/how-many-times-can-you-get-liposuction,86,0,2.6
bruising after lipo,/how-to-get-rid-of-bruising-after-liposuction,86,1,7.4
how often can you do liposuction,/how-many-times-can-you-get-liposuction,86,0,5.4
how to smooth out lipo bumps in florida,/how-to-fix-uneven-liposuction,86,0,7.4
itchy after liposuction,/how-to-reduce-itching-after-lipo,86,3,3.1
lipo recovery timeline,/how-to-reduce-swelling-after-liposuction,86,0,4.2
massages after lipo,/how-many-massages-after-lipo-360,86,0,8.0
best foods to eat after liposuction,/what-to-eat-after-liposuction,84,0,8.6
lipo board vs lipo foam,/what-is-lipo-foam,84,0,5.9
lipo cost miami,/procedures/liposuction-miami,84,0,45.4
liposuction near me,/procedures/liposuction-miami,84,0,27.1
post liposuction massage,/when-to-start-lymphatic-massage-after-lipo,84,0,30.1
what is fibrosis,/how-to-get-rid-of-fibrosis-after-lipo,84,1,2.2
how many lymphatic massages after lipo 360,/when-to-start-lymphatic-massage-after-lipo,83,0,1.4
lipo 360,/what-areas-does-lipo-360-cover,83,0,2.9
how many times can you do liposuction,/how-many-times-can-you-get-liposuction,82,1,6.0
lipo itching,/how-to-reduce-itching-after-lipo,82,1,10.6
liposuction edema,/how-to-reduce-swelling-after-liposuction,82,0,17.1
how long do you wear foams and boards after lipo,/what-is-lipo-foam,81,1,8.2
how long does chin lipo take,/how-long-does-it-take-to-recover-from-chin-lipo,81,1,25.8
lipoma removal cost in miami,/blog/affordable-plastic-surgery-miami,81,0,37.6
lymphatic drainage massage for bbl,/how-many-massages-after-bbl,81,2,4.1
foods to eat after liposuction,/what-to-eat-after-liposuction,80,2,7.7
fibrosis liposuction,/how-to-get-rid-of-fibrosis-after-lipo,79,0,7.5
how soon after lipo can i work out,/how-long-after-lipo-can-i-workout,79,0,7.2
lymphatic drainage massage bbl,/how-many-massages-after-bbl,79,1,6.9
lymphatic massage after bbl cost,/how-many-massages-after-bbl,78,0,8.2
can you get rid of fibrosis after lipo,/how-to-get-rid-of-fibrosis-after-lipo,76,0,6.9
fibrosis after surgery,/how-to-get-rid-of-fibrosis-after-lipo,76,0,24.9
how much does body contouring cost at premium centers in miami florida comparison,/blog/affordable-plastic-surgery-miami,76,0,6.4
lymphatic drainage after liposuction,/when-to-start-lymphatic-massage-after-lipo,76,1,21.2
liposuction cost miami,/procedures/liposuction-miami,75,0,46.4
exercise after liposuction,/how-long-after-lipo-can-i-workout,74,0,21.6
fibrosis after chin lipo,/how-to-get-rid-of-fibrosis-after-lipo,74,0,16.4
how long does liposuction swelling last,/how-to-reduce-swelling-after-liposuction,74,0,3.5
how long to wait for revision liposuction 6 months 12 months,/how-many-times-can-you-get-liposuction,74,0,6.7
lipo foam boards,/what-is-lipo-foam,74,0,3.5
chin lipo downtime,/how-long-does-it-take-to-recover-from-chin-lipo,73,0,19.3
chin lipo healing timeline,/how-long-does-it-take-to-recover-from-chin-lipo,73,0,2.8
how old do you have to be for liposuction,/how-old-do-you-have-to-be-to-get-liposuction,72,0,7.3
lymphatic drainage after bbl,/how-many-massages-after-bbl,72,3,4.4
when can i start lymphatic massage after liposuction,/when-to-start-lymphatic-massage-after-lipo,72,0,4.9
when can you exercise after liposuction,/how-long-after-lipo-can-i-workout,72,0,11.5
can a 16 year old get liposuction with parental consent,/how-old-do-you-have-to-be-to-get-liposuction,71,0,8.9
hematoma after liposuction treatment,/how-to-get-rid-of-bruising-after-liposuction,71,1,5.6
how often should i get lymphatic massage after liposuction,/when-to-start-lymphatic-massage-after-lipo,70,0,13.1
how soon can i exercise after lipo?,/how-long-after-lipo-can-i-workout,70,0,9.0
liposuction miami cost,/blog/affordable-plastic-surgery-miami,70,0,16.0
lymphatic drainage massage after lipo 360,/how-many-massages-after-lipo-360,70,2,4.7
lymphatic drainage massage after liposuction,/when-to-start-lymphatic-massage-after-lipo,70,0,16.1
chin lipo before and after,/how-long-does-it-take-to-recover-from-chin-lipo,69,0,2.8
how long to wear lipo foam after liposuction,/what-is-lipo-foam,69,1,6.2
how to clean lipo foam,/what-is-lipo-foam,68,0,6.4
lipo 360 areas included,/what-areas-does-lipo-360-cover,68,0,9.9
lipo pads,/what-is-lipo-foam,68,0,1.2
lipo swelling,/how-to-reduce-swelling-after-liposuction,68,0,15.9
post lipo lymphatic massage,/when-to-start-lymphatic-massage-after-lipo,68,0,28.4
what does lipo 360 include,/what-areas-does-lipo-360-cover,67,0,8.3
how long after liposuction can you workout,/how-long-after-lipo-can-i-workout,66,0,10.1
how long do i have to sleep on my back after lipo,/how-to-sleep-after-liposuction,66,1,5.7
how many lymphatic massages after bbl,/how-many-massages-after-lipo-360,66,0,24.6
lipo recovery timeline,/how-long-does-it-take-to-recover-from-chin-lipo,66,0,9.9
can i get lipo at 18,/how-old-do-you-have-to-be-to-get-liposuction,65,0,9.2
how often should you get a lymphatic drainage massage,/how-many-massages-after-lipo-360,65,0,1.0
how long do i have to wear foams and boards after lipo,/what-is-lipo-foam,64,0,7.7
how long does chin liposuction take to heal,/how-long-does-it-take-to-recover-from-chin-lipo,64,0,14.2
liposuction itching,/how-to-reduce-itching-after-lipo,64,3,2.1
chin liposuction,/how-long-does-it-take-to-recover-from-chin-lipo,63,0,3.4
how much is liposuction,/how-old-do-you-have-to-be-to-get-liposuction,63,0,3
how to choose a post-liposuction lymphatic massage plan for optimal swelling reduction?,/when-to-start-lymphatic-massage-after-lipo,63,0,3.2
what can you do to fix a messed up liposuction,/how-to-fix-uneven-liposuction,62,0,3.3
can i sleep on my side after liposuction,/how-to-sleep-after-liposuction,61,0,5.0
does liposuction work after ozempic,/blog/liposuction-recovery-ozempic-miami,61,0,9.5
foam for liposuction,/what-is-lipo-foam,61,0,11.5
how long do you wear lipo foam,/what-is-lipo-foam,61,0,5.1
lymphatic drainage massage after lipo,/when-to-start-lymphatic-massage-after-lipo,61,0,23.1
post liposuction lymphatic massage,/when-to-start-lymphatic-massage-after-lipo,61,0,26.1
bad lipo results,/how-to-fix-uneven-liposuction,60,0,10.8
chin lipo cost,/how-long-does-it-take-to-recover-from-chin-lipo,60,0,2.9
face liposuction miami,/procedures/liposuction-miami,60,0,74.9
how long after lipo can you workout,/how-long-after-lipo-can-i-workout,60,0,8.7
how long does lipo itch last,/how-to-reduce-itching-after-lipo,60,0,3
massage after lipo 360,/how-many-massages-after-lipo-360,60,6,3.2
fibroids after lipo,/how-to-get-rid-of-fibrosis-after-lipo,59,0,7.5
how many lymphatic massages after liposuction,/when-to-start-lymphatic-massage-after-lipo,59,0,37.8
how many massages do you need after lipo 360,/how-many-massages-after-lipo-360,59,5,1.5
how old do you have to be to get a liposuction,/how-old-do-you-have-to-be-to-get-liposuction,59,0,6.6
lymphatic massages after bbl,/how-many-massages-after-bbl,59,1,2.5
uneven liposuction,/how-to-fix-uneven-liposuction,59,0,2.3
after lipo massage,/when-to-start-lymphatic-massage-after-lipo,58,0,34.2
can you have fibrosis two week after lipo,/how-to-get-rid-of-fibrosis-after-lipo,58,0,1.8
can you have liposuction twice in the same area,/how-many-times-can-you-get-liposuction,58,0,7.7
chin lipo recovery day by day,/how-long-does-it-take-to-recover-from-chin-lipo,58,0,13.2
liposuction healing timeline,/how-to-reduce-swelling-after-liposuction,58,0,6.4
what causes fibrosis after lipo,/how-to-get-rid-of-fibrosis-after-lipo,58,0,4
when can i lift weights after liposuction,/how-long-after-lipo-can-i-workout,58,0,14
how long do you have to get lymphatic massage after lipo,/when-to-start-lymphatic-massage-after-lipo,57,0,4.8
how to sleep after bbl and lipo,/how-to-sleep-after-bbl,57,0,4.9
asps revision liposuction wait 6 months,/how-many-times-can-you-get-liposuction,56,0,2.2
bad liposuction,/how-to-fix-uneven-liposuction,56,0,23.9
how long is chin liposuction recovery,/how-long-does-it-take-to-recover-from-chin-lipo,56,0,15.2
how often can you have liposuction,/how-many-times-can-you-get-liposuction,56,0,5.0
how old do u have to be to get liposuction,/how-old-do-you-have-to-be-to-get-liposuction,56,0,7.2
liposuction surgery in miami,/procedures/liposuction-miami,56,0,61.8
best way to sleep after lipo 360,/how-to-sleep-after-liposuction,55,0,4.6
lipo foam for face and necklift healing,/what-is-lipo-foam,55,4,2.7
bruising after chin lipo,/how-to-get-rid-of-bruising-after-liposuction,54,0,9.1
flank liposuction bruising,/how-to-get-rid-of-bruising-after-liposuction,54,0,23.4
how long after lipo should you get lymphatic massage,/when-to-start-lymphatic-massage-after-lipo,54,0,4.5
how long to wear lipo foam after tummy tuck,/what-is-lipo-foam,54,0,6.2
how many sessions of liposuction are needed,/how-many-times-can-you-get-liposuction,54,0,5.4
how soon after lipo should you get lymphatic massages,/when-to-start-lymphatic-massage-after-lipo,54,0,4.4
how to break up scar tissue after liposuction,/how-to-get-rid-of-fibrosis-after-lipo,54,0,6.0
how to prevent fibrosis after lipo,/how-to-get-rid-of-fibrosis-after-lipo,54,2,8.7
lymphatic drainage bbl,/how-many-massages-after-bbl,54,1,5.8
what areas do lipo 360 cover,/what-areas-does-lipo-360-cover,54,0,9
what to eat after lipo 360,/what-to-eat-after-liposuction,54,0,11.8
do you have to get massages after lipo 360,/how-many-massages-after-lipo-360,53,0,2.5
how long does swelling last after lipo,/how-to-reduce-swelling-after-liposuction,53,0,3.2
how long for chin lipo swelling to go down,/how-long-does-it-take-to-recover-from-chin-lipo,53,0,7.8
how long to wear foams and boards after lipo,/what-is-lipo-foam,53,1,9.1
how often do u do lymphatic drain massages after lipo,/how-many-massages-after-lipo-360,53,0,1.2
how old to get liposuction,/how-old-do-you-have-to-be-to-get-liposuction,53,0,12.0
liposculpting coral gables,/procedures/liposuction-miami,53,0,75.3
when to start massage after lipo,/when-to-start-lymphatic-massage-after-lipo,53,1,3.0
can a 14 year old get liposuction with parental consent,/how-old-do-you-have-to-be-to-get-liposuction,52,0,5.2
foam lipo,/what-is-lipo-foam,52,0,9.3
how long does swelling typically last after chin liposuction and when can i return to work?,/how-long-does-it-take-to-recover-from-chin-lipo,52,0,5.2
how often should you do lymphatic drainage massage,/how-many-massages-after-lipo-360,52,0,1
uneven stomach after liposuction,/how-to-fix-uneven-liposuction,52,1,4.6
chin liposuction after 1 week,/how-long-does-it-take-to-recover-from-chin-lipo,51,0,31.2
how long after chin lipo can i workout,/how-long-after-lipo-can-i-workout,51,0,7.8
how often can i get liposuction,/how-many-times-can-you-get-liposuction,51,0,5.0
how often should you get lymphatic drainage massage,/how-many-massages-after-lipo-360,51,0,1
how often to get lymphatic drainage massage,/how-many-massages-after-lipo-360,51,0,1.0
neck liposuction recovery time,/how-long-does-it-take-to-recover-from-chin-lipo,51,0,68.4
can you get lipo in the same area twice,/how-many-times-can-you-get-liposuction,50,0,5.6
how soon can i start lymphatic massage after liposuction,/when-to-start-lymphatic-massage-after-lipo,50,0,5
lymphatic massage after lipo 360,/how-many-massages-after-lipo-360,50,0,3.1
lymphatic massages after lipo,/when-to-start-lymphatic-massage-after-lipo,50,0,20.4
severe bruising after liposuction,/how-to-get-rid-of-bruising-after-liposuction,50,1,6.3
what to eat after bbl and lipo,/what-to-eat-after-liposuction,50,0,8.3
bbl lymphatic massage,/how-many-massages-after-bbl,49,2,4.0
can fibrosis after lipo be reversed,/how-to-get-rid-of-fibrosis-after-lipo,49,0,7.0
diet after lipo,/what-to-eat-after-liposuction,49,0,10.3
liposuccion miami,/procedures/liposuction-miami,49,0,67.6
liposuction age limit,/how-old-do-you-have-to-be-to-get-liposuction,49,0,12.1
pictures of bruising after liposuction,/how-to-get-rid-of-bruising-after-liposuction,49,0,26.4
fibrosis treatment after lipo near me,/how-to-get-rid-of-fibrosis-after-lipo,48,1,8.2
how much is chin lipo,/how-long-does-it-take-to-recover-from-chin-lipo,48,1,2.8
massage after lipo,/when-to-start-lymphatic-massage-after-lipo,48,0,28.9
post lipo swelling,/how-to-reduce-swelling-after-liposuction,48,0,21.8
is lipo enough after ozempic,/blog/liposuction-recovery-ozempic-miami,47,0,10.9
rash after liposuction,/how-to-reduce-itching-after-lipo,47,0,6
when can you start exercise or weight training after liposuction weeks,/how-long-after-lipo-can-i-workout,47,0,9.1
can you wash lipo foam,/what-is-lipo-foam,46,0,7.0
foam liposuction,/what-is-lipo-foam,46,0,10.7
how do you get rid of fibrosis after liposuction,/how-to-get-rid-of-fibrosis-after-lipo,46,0,6.1
how many lymphatic massages after lipo and bbl,/how-many-massages-after-bbl,46,0,1.1
lipo 360 drainage,/how-many-massages-after-lipo-360,46,1,5.3
lipo drains,/when-to-start-lymphatic-massage-after-lipo,46,0,1
liposuction healing process,/how-to-reduce-swelling-after-liposuction,46,0,1
chin liposuction cost miami,/procedures/liposuction-miami,45,0,42.9
how long to wear foam boards after lipo,/what-is-lipo-foam,45,1,4.8
post lipo massage,/when-to-start-lymphatic-massage-after-lipo,45,0,34.2
post liposuction massage,/how-many-massages-after-lipo-360,45,0,10.7
swelling lipo,/how-to-reduce-swelling-after-liposuction,45,0,17.8
what is the best diet after lipo?,/what-to-eat-after-liposuction,45,0,8.9
what to eat after lipo 360 and bbl,/what-to-eat-after-liposuction,45,0,9.9
foods to reduce swelling after liposuction,/how-to-reduce-swelling-after-liposuction,44,0,15.3
how often do u do lymphatic drain massages after lipo,/when-to-start-lymphatic-massage-after-lipo,44,0,1
how often.can.you have lipo,/how-many-times-can-you-get-liposuction,44,0,9.8
how to reduce swelling after lipo,/how-to-reduce-swelling-after-liposuction,44,0,7.8
can a 15 year old get liposuction with parental consent,/how-old-do-you-have-to-be-to-get-liposuction,43,0,6.7
fibrosis treatment,/how-to-get-rid-of-fibrosis-after-lipo,43,0,47.3
how many massages are recommended after lipo,/how-many-massages-after-lipo-360,43,2,1.7
how much does liposuction cost,/how-old-do-you-have-to-be-to-get-liposuction,43,0,3.2
how old do i have to be to get liposuction,/how-old-do-you-have-to-be-to-get-liposuction,43,0,8.6
how to fix bad lipo on stomach,/how-to-fix-uneven-liposuction,43,0,5.9
when can i exercise after liposuction,/how-long-after-lipo-can-i-workout,43,0,11.9
how long after liposuction can i workout,/how-long-after-lipo-can-i-workout,42,0,13.2
how many massages should you get after lipo 360,/how-many-massages-after-lipo-360,42,1,1.3
how often lymphatic drainage massage,/how-many-massages-after-lipo-360,42,0,1
how to avoid fibrosis after lipo,/how-to-get-rid-of-fibrosis-after-lipo,42,0,3.7
lipo 360,/how-many-times-can-you-get-liposuction,42,0,3.0
liposuction drainage,/when-to-start-lymphatic-massage-after-lipo,42,0,2.5
massages after lipo,/when-to-start-lymphatic-massage-after-lipo,42,0,19.5
recovery time for chin lipo,/how-long-does-it-take-to-recover-from-chin-lipo,42,0,5.6
swelling after lipo 360,/how-to-reduce-swelling-after-liposuction,42,0,8.3
what to eat after a liposuction,/what-to-eat-after-liposuction,42,0,10.4
where does lipo 360 target,/what-areas-does-lipo-360-cover,42,0,8.6
bad liposuction results,/how-to-fix-uneven-liposuction,41,0,12.5
can i eat rice after liposuction,/what-to-eat-after-liposuction,41,0,11.8
chin lipo bruising,/how-to-get-rid-of-bruising-after-liposuction,41,0,9.3
how often to do lymphatic drainage massage,/how-many-massages-after-lipo-360,41,0,1
liposuction bruising recovery time,/how-to-get-rid-of-bruising-after-liposuction,41,0,10.3
liposuction correction surgery,/how-to-fix-uneven-liposuction,41,0,10.6
liposuction cost,/how-old-do-you-have-to-be-to-get-liposuction,41,0,3.0
scar tissue after lipo,/how-to-get-rid-of-fibrosis-after-lipo,41,0,7.5
swelling after lipo,/how-to-reduce-swelling-after-liposuction,41,0,16.9
what is liposuction,/how-old-do-you-have-to-be-to-get-liposuction,41,0,2.8
how long after liposuction can you exercise,/how-long-after-lipo-can-i-workout,40,0,12.4
ultrasound guided lipo miami,/procedures/liposuction-miami,40,0,68.0
what can i eat for breakfast after lipo,/what-to-eat-after-liposuction,40,0,7.4
when does lipo swelling go down,/how-to-reduce-swelling-after-liposuction,40,0,18.9
after lipo massage,/how-many-massages-after-lipo-360,39,0,15.1
can a 17 year old get liposuction with parental consent,/how-old-do-you-have-to-be-to-get-liposuction,39,0,6.9
fibrosis removal surgery,/how-to-get-rid-of-fibrosis-after-lipo,39,1,5.2
lipo florida,/procedures/liposuction-miami,39,0,92.0
liposuction miami beach,/procedures/liposuction-miami,39,0,54.2
liposuction miami florida,/procedures/liposuction-miami,39,0,67.4
massages after liposuction,/when-to-start-lymphatic-massage-after-lipo,39,0,32.2
does 360 lipo include arms,/what-areas-does-lipo-360-cover,38,1,9.4
fluid retention after liposuction,/how-to-reduce-swelling-after-liposuction,38,0,7.3
how long should you get massages after lipo 360,/how-many-massages-after-lipo-360,38,1,1.1
how many lymphatic massages after lipo and bbl,/how-many-massages-after-lipo-360,38,0,1
how many massages after lipo,/when-to-start-lymphatic-massage-after-lipo,38,0,4.9
how much is lipo 360 in miami,/procedures/liposuction-miami,38,0,57.8
how often can you get lipo,/how-many-times-can-you-get-liposuction,38,0,4.0
how often should you get lymphatic drainage massage after liposuction,/when-to-start-lymphatic-massage-after-lipo,38,0,8.9
how to break up fibrosis after liposuction,/how-to-get-rid-of-fibrosis-after-lipo,38,1,5.2
how to reduce swelling after liposuction?,/how-to-reduce-swelling-after-liposuction,38,0,3.7
lipo 360 massages,/how-many-massages-after-lipo-360,38,1,5.0
lipo vs bbl vs tummy tuck,/blog/tummy-tuck-vs-bbl-miami,38,0,7.2
"liposuction miami,florida",/procedures/liposuction-miami,38,0,70.8
liposuction pain timeline,/how-long-does-it-take-to-recover-from-chin-lipo,38,0,1.0
ozempic vs liposuction,/blog/liposuction-recovery-ozempic-miami,38,0,16.1
ozempic vs. liposuction,/blog/liposuction-recovery-ozempic-miami,38,0,16.2
post lipo fibrosis,/how-to-get-rid-of-fibrosis-after-lipo,38,0,5.6
post surgical lymphatic drainage,/when-to-start-lymphatic-massage-after-lipo,38,0,73.7
pre lipo massage,/when-to-start-lymphatic-massage-after-lipo,38,0,45.1
what is liposuction,/how-many-times-can-you-get-liposuction,38,0,2.6
what to eat after lipo 360 and bbl,/how-to-feed-the-fat-after-bbl,38,0,1.4
when does chin lipo swelling go down,/how-long-does-it-take-to-recover-from-chin-lipo,38,0,10.1
age limit for liposuction,/how-old-do-you-have-to-be-to-get-liposuction,37,0,6.8
chin lipo healing time,/how-long-does-it-take-to-recover-from-chin-lipo,37,0,5.2
does lipo 360 include thighs,/what-areas-does-lipo-360-cover,37,0,10.1
how to remove fibrosis,/how-to-get-rid-of-fibrosis-after-lipo,37,0,3.2
how to treat fibrosis after liposuction,/how-to-get-rid-of-fibrosis-after-lipo,37,0,5.2
how to wear lipo foam,/what-is-lipo-foam,37,0,3.4
lipo healing timeline,/how-long-does-it-take-to-recover-from-chin-lipo,37,0,21.7
liposuction miami price,/blog/affordable-plastic-surgery-miami,37,0,13.6
post bbl lymphatic drainage massage,/how-many-massages-after-bbl,37,0,2.7
post liposuction fibrosis treatment,/how-to-get-rid-of-fibrosis-after-lipo,37,2,6.1
post liposuction massages,/how-many-massages-after-lipo-360,37,0,19.2
revision liposuction how long to wait 6 months 12 months,/how-many-times-can-you-get-liposuction,37,0,4.5
revision liposuction irregularities,/how-to-fix-uneven-liposuction,37,0,9.1
after lipo diet,/what-to-eat-after-liposuction,36,0,13.0
botched lipo,/how-to-fix-uneven-liposuction,36,0,14.9
double chin liposuction cost,/how-long-does-it-take-to-recover-from-chin-lipo,36,0,2.9
fibrosis tummy tuck,/how-to-get-rid-of-fibrosis-after-lipo,36,0,4.8
how do you get rid of fibrosis,/how-to-get-rid-of-fibrosis-after-lipo,36,0,3
how long does it take to heal from chin lipo,/how-long-does-it-take-to-recover-from-chin-lipo,36,0,5.8
how to choose the right post-liposuction lymphatic massage package for your recovery timeline?,/how-many-massages-after-lipo-360,36,0,4.5
how to get rid of fibrosis after tummy tuck,/how-to-get-rid-of-fibrosis-after-lipo,36,0,5.9
lymphatic drainage massage after liposuction,/how-many-massages-after-lipo-360,36,0,4.5
lymphatic massage after lipo,/how-many-massages-after-lipo-360,36,0,16.1
water retention after liposuction,/how-to-reduce-swelling-after-liposuction,36,0,7.0
bruises after liposuction,/how-to-get-rid-of-bruising-after-liposuction,35,0,5.7
how often to get lymphatic massage after lipo,/how-many-massages-after-lipo-360,35,0,3.6
itch after liposuction,/how-to-reduce-itching-after-lipo,35,0,2.5
lipo 360 massage near me,/how-many-massages-after-lipo-360,35,0,9.4
lipo foam after tummy tuck,/what-is-lipo-foam,35,1,10.4
lymphatic drainage massage post lipo,/when-to-start-lymphatic-massage-after-lipo,35,0,32.0
lymphatic massage bbl,/how-many-massages-after-bbl,35,0,4.4
how old do you have to be to have liposuction,/how-old-do-you-have-to-be-to-get-liposuction,34,0,10.5
lipo 360 cost miami,/procedures/liposuction-miami,34,0,54.0
chin lipo 2 weeks post op,/how-long-does-it-take-to-recover-from-chin-lipo,33,0,10
fibrosis meaning,/how-to-get-rid-of-fibrosis-after-lipo,33,0,2.4
foam after liposuction,/what-is-lipo-foam,33,0,1.4
how long do i wear foam boards after lipo,/what-is-lipo-foam,33,0,7.1
how many massages after lipo 360 and bbl,/when-to-start-lymphatic-massage-after-lipo,33,0,5.8
how to get rid of internal scar tissue after liposuction,/how-to-get-rid-of-fibrosis-after-lipo,33,0,4.9
how to reduce swelling after lipo 360,/how-to-reduce-swelling-after-liposuction,33,0,3.3
lipo bruises,/how-to-get-rid-of-bruising-after-liposuction,33,0,6.6
lipo cost miami,/blog/affordable-plastic-surgery-miami,33,0,31.6
liposuction coral gables,/procedures/liposuction-miami,33,0,82.5
liposuction cost near me,/procedures/liposuction-miami,33,0,20.5
liposuction fibrosis treatment miami,/how-to-get-rid-of-fibrosis-after-lipo,33,0,6.1
massage after lipo,/how-many-massages-after-lipo-360,33,0,8.8
mld for liposuction recovery,/when-to-start-lymphatic-massage-after-lipo,33,0,42.6
post lipo bruising,/how-to-get-rid-of-bruising-after-liposuction,33,0,10.6
what areas are included in lipo 360,/what-areas-does-lipo-360-cover,33,0,7
what happens if you don't get lymphatic massage after liposuction,/when-to-start-lymphatic-massage-after-lipo,33,0,47.4
fibrosis after lipo treatment near me,/how-to-get-rid-of-fibrosis-after-lipo,32,1,6.7
how long do you drain after lipo 360,/how-many-massages-after-lipo-360,32,0,9.3
how poxinelipoa problems,/how-to-fix-uneven-liposuction,32,0,1
how to drain fluid after liposuction,/how-to-reduce-swelling-after-liposuction,32,0,10.4
laser liposuction miami,/procedures/liposuction-miami,32,0,84.2
lipo gone wrong,/how-to-fix-uneven-liposuction,32,0,59.6
liposuction massage,/when-to-start-lymphatic-massage-after-lipo,32,0,26.9
lymphatic massage post liposuction,/when-to-start-lymphatic-massage-after-lipo,32,0,27.8
what is lymphatic drainage,/when-to-start-lymphatic-massage-after-lipo,32,0,1
what not to eat after liposuction,/what-to-eat-after-liposuction,32,0,23.9
why swelling happens after liposuction,/how-to-reduce-swelling-after-liposuction,32,0,15.5
after liposuction massage,/when-to-start-lymphatic-massage-after-lipo,31,0,39.9
best liposuction miami,/procedures/liposuction-miami,31,0,40.6
do you have to get massages after lipo,/how-many-massages-after-lipo-360,31,0,5
fibrosis after bbl,/how-to-get-rid-of-fibrosis-after-lipo,31,0,9.3
how long is recovery for chin lipo,/how-long-does-it-take-to-recover-from-chin-lipo,31,0,9.9
how much lipo can you get at once,/how-many-times-can-you-get-liposuction,31,0,9.2
how to sleep after bbl and lipo,/how-to-sleep-after-liposuction,31,0,8.1
lipo form,/what-is-lipo-foam,31,0,11.5
liposuction drains,/when-to-start-lymphatic-massage-after-lipo,31,0,1
liposuction florida,/procedures/liposuction-miami,31,0,95.0
lymphatic drainage massage after lipo,/how-many-massages-after-lipo-360,31,0,9.3
revision liposuction fibrosis,/how-to-get-rid-of-fibrosis-after-lipo,31,0,14.6
working out after liposuction,/how-long-after-lipo-can-i-workout,31,0,18.4
can you get liposuction more than once,/how-many-times-can-you-get-liposuction,30,0,4.6
do you need massages after lipo,/when-to-start-lymphatic-massage-after-lipo,30,0,1.8
fibrosis definition,/how-to-get-rid-of-fibrosis-after-lipo,30,0,2.7
how long to recover from chin lipo,/how-long-does-it-take-to-recover-from-chin-lipo,30,0,4.8
how to choose the right post-liposuction lymphatic massage package for your recovery timeline?,/when-to-start-lymphatic-massage-after-lipo,30,0,1
liposuction bruises,/how-to-get-rid-of-bruising-after-liposuction,30,0,9.3
liposuction cost in miami,/procedures/liposuction-miami,30,0,52.4
bruising from liposuction,/how-to-get-rid-of-bruising-after-liposuction,29,0,8.1
do you have to get massages after lipo,/when-to-start-lymphatic-massage-after-lipo,29,0,4.1
large volume liposuction miami,/procedures/liposuction-miami,29,0,39.4
lipo correction,/how-to-fix-uneven-liposuction,29,0,9
what age can you get liposuction,/how-old-do-you-have-to-be-to-get-liposuction,29,0,9.8
what is lipo 360,/what-areas-does-lipo-360-cover,29,0,2.9
what is the purpose of lipo foam,/what-is-lipo-foam,29,1,2.4
where to find information about expected swelling timelines after chin liposuction and associated recovery milestones?,/how-long-does-it-take-to-recover-from-chin-lipo,29,0,7.1
drainage after liposuction,/when-to-start-lymphatic-massage-after-lipo,28,0,2.8
fibrosis massage,/how-to-get-rid-of-fibrosis-after-lipo,28,0,29.0
how long does the swelling last after liposuction,/how-to-reduce-swelling-after-liposuction,28,0,6.6
lipo 360 cost in miami,/procedures/liposuction-miami,28,0,50.4
lipo foam placement,/what-is-lipo-foam,28,0,1.3
lipo scar tissue,/how-to-get-rid-of-fibrosis-after-lipo,28,0,9.7
liposuction options,/how-to-fix-uneven-liposuction,28,0,34.5
liposuction recovery,/how-long-after-lipo-can-i-workout,28,0,1
post lipo massage,/how-many-massages-after-lipo-360,28,1,7.2
uneven weight gain after liposuction,/how-to-fix-uneven-liposuction,28,0,30.9
when can you start weight training after liposuction weeks,/how-long-after-lipo-can-i-workout,28,0,8.4
after liposuction how long does swelling last,/how-to-reduce-swelling-after-liposuction,27,0,3.1
edema after liposuction,/how-to-reduce-swelling-after-liposuction,27,0,15.1
fibrosis treatment after liposuction,/how-to-get-rid-of-fibrosis-after-lipo,27,1,7.1
foods to reduce swelling after liposuction,/what-to-eat-after-liposuction,27,0,10.8
how to get rid of fibrosis after chin lipo,/how-to-get-rid-of-fibrosis-after-lipo,27,0,5.7
injections for fibrosis after lipo,/how-to-get-rid-of-fibrosis-after-lipo,27,0,3.9
lipo 360 cost,/what-areas-does-lipo-360-cover,27,0,3.0
lipo foam boards how to use,/what-is-lipo-foam,27,0,7.8
lipo foam post surgery,/what-is-lipo-foam,27,0,7.6
liposuction miami price,/procedures/liposuction-miami,27,0,50.9
lymphatic drainage after lipo,/how-many-massages-after-lipo-360,27,0,21.1
what are foam boards used for after lipo,/what-is-lipo-foam,27,0,6.6
when to get lymphatic massage after lipo,/how-many-massages-after-lipo-360,27,0,20.1
which post-liposuction recovery options are most effective for reducing swelling and speeding up healing?,/how-to-reduce-swelling-after-liposuction,27,0,3.1
affordable liposuction,/procedures/liposuction-miami,26,0,15.5
am i a candidate for lipo on ozempic,/blog/liposuction-recovery-ozempic-miami,26,0,5.7
body contouring cost premium centers miami florida,/blog/affordable-plastic-surgery-miami,26,0,13.4
can you have liposuction more than once,/how-many-times-can-you-get-liposuction,26,0,6.8
fibrosis after lipo 360,/how-to-get-rid-of-fibrosis-after-lipo,26,2,2.3
how long do you wear foam after lipo,/what-is-lipo-foam,26,1,6.3
how long for lipo swelling to go down,/how-to-reduce-swelling-after-liposuction,26,0,1.2
how long should you wear foam boards after lipo,/what-is-lipo-foam,26,0,8.2
how long to wear compression garment after chin lipo,/how-long-does-it-take-to-recover-from-chin-lipo,26,1,19.4
how to get rid of lumps after liposuction,/how-to-get-rid-of-fibrosis-after-lipo,26,0,43.8
itchy after tummy tuck and lipo,/how-to-reduce-itching-after-lipo,26,1,6.4
lipo 360 miami,/procedures/liposuction-miami,26,0,84.0
lipo fibrosis treatment near me,/how-to-get-rid-of-fibrosis-after-lipo,26,0,11.7
liposuction massage,/how-many-massages-after-lipo-360,26,0,15
liposuction meaning,/how-many-times-can-you-get-liposuction,26,0,2.4
what areas does lipo 360 include,/what-areas-does-lipo-360-cover,26,0,5.4
what helps reduce swelling after liposuction,/how-to-reduce-swelling-after-liposuction,26,0,15.2
when can you resume exercise after liposuction weeks,/how-long-after-lipo-can-i-workout,26,0,8.6
360 lipo,/what-areas-does-lipo-360-cover,25,1,3
after liposuction swelling,/how-to-reduce-swelling-after-liposuction,25,0,23.9
cheap liposuction miami,/procedures/liposuction-miami,25,0,38.6
hd lipo miami,/procedures/liposuction-miami,25,0,79.2
how long does it take for swelling to go down after liposuction,/how-to-reduce-swelling-after-liposuction,25,0,1
how to sleep after lipo,/how-to-sleep-after-liposuction,25,0,7.8
how to wash lipo foam,/what-is-lipo-foam,25,0,2.4
is liposuction safe,/how-old-do-you-have-to-be-to-get-liposuction,25,0,2.9
liposuction in miami cost,/blog/affordable-plastic-surgery-miami,25,0,16.4
lymphatic drainage massage,/when-to-start-lymphatic-massage-after-lipo,25,0,1.7
massage for lipo,/when-to-start-lymphatic-massage-after-lipo,25,0,29.5
post liposuction fibrosis,/how-to-get-rid-of-fibrosis-after-lipo,25,1,6.8
swelling from liposuction,/how-to-reduce-swelling-after-liposuction,25,0,18.8
what does lipo 360 consist of,/what-areas-does-lipo-360-cover,25,0,12.1
botched stomach liposuction,/how-to-fix-uneven-liposuction,24,0,15.1
can a 13 year old get liposuction with parental consent,/how-old-do-you-have-to-be-to-get-liposuction,24,0,6.3
contour irregularities after liposuction,/how-to-fix-uneven-liposuction,24,0,23.7
does fibrosis go away after lipo,/how-to-get-rid-of-fibrosis-after-lipo,24,0,9.2
foams for lipo,/what-is-lipo-foam,24,0,10.3
how long does swelling last after chin lipo,/how-long-does-it-take-to-recover-from-chin-lipo,24,0,9.8
how long wear compression after chin lipo,/how-long-does-it-take-to-recover-from-chin-lipo,24,0,12.6
how many lymphatic massages after bbl,/when-to-start-lymphatic-massage-after-lipo,24,0,60
how much is chin liposuction,/how-long-does-it-take-to-recover-from-chin-lipo,24,0,2.9
how to massage fibrosis after lipo,/how-to-get-rid-of-fibrosis-after-lipo,24,0,10.2
lymphatic massage for bbl,/how-many-massages-after-bbl,24,1,3.5
massages after liposuction,/how-many-massages-after-lipo-360,24,0,7.2
minimum age for liposuction,/how-old-do-you-have-to-be-to-get-liposuction,24,0,5.6
post lipo lymphatic massage,/how-many-massages-after-lipo-360,24,0,23.2
tummy tuck fibrosis,/how-to-get-rid-of-fibrosis-after-lipo,24,0,5.0
what happens if you don't get lymphatic massage after liposuction,/how-many-massages-after-lipo-360,24,0,45.2
"which chin liposuction scar recovery timeline is typical, and when can i resume normal activities?",/how-long-does-it-take-to-recover-from-chin-lipo,24,0,7.9
why massage after liposuction,/when-to-start-lymphatic-massage-after-lipo,24,0,50.9
benefits of lymphatic massage after liposuction,/when-to-start-lymphatic-massage-after-lipo,23,0,41.3
botched liposuction stomach,/how-to-fix-uneven-liposuction,23,0,10.4
exercising after lipo,/how-long-after-lipo-can-i-workout,23,0,17.7
fibrosis after arm lipo,/how-to-get-rid-of-fibrosis-after-lipo,23,0,7.8
fibrosis post liposuction,/how-to-get-rid-of-fibrosis-after-lipo,23,0,5.7
fibrosis pulmonar síntomas,/how-to-get-rid-of-fibrosis-after-lipo,23,0,2.7
find a specialist who can fix botched liposuction results.,/how-to-fix-uneven-liposuction,23,0,6.3
hematoma after liposuction,/how-to-get-rid-of-bruising-after-liposuction,23,0,15.6
how long does chin lipo swelling last,/how-long-does-it-take-to-recover-from-chin-lipo,23,0,7.7
how many massages after lipo 360,/how-many-massages-after-bbl,23,0,25.7
how to reduce swelling after body contouring?,/how-to-reduce-swelling-after-liposuction,23,0,2.4
how to treat fibrosis,/how-to-get-rid-of-fibrosis-after-lipo,23,0,45.1
how to wear foam boards after lipo,/what-is-lipo-foam,23,0,2.8
lipo 360 covers what areas,/what-areas-does-lipo-360-cover,23,0,8.7
lipo 360 massage,/when-to-start-lymphatic-massage-after-lipo,23,0,1.3
lipo 360 sleeping positions with tubes,/how-to-sleep-after-liposuction,23,0,3.9
lipo boards and foam,/what-is-lipo-foam,23,1,3.5
liposuction revision,/how-many-times-can-you-get-liposuction,23,0,1
lymphatic massage lipo,/when-to-start-lymphatic-massage-after-lipo,23,0,21.7
best exercise after liposuction,/how-long-after-lipo-can-i-workout,22,0,13.7
can i walk on treadmill after liposuction,/how-long-after-lipo-can-i-workout,22,0,15.7
chin lipo fibrosis,/how-to-get-rid-of-fibrosis-after-lipo,22,0,12.5
fibrosis after lipo pictures,/how-to-get-rid-of-fibrosis-after-lipo,22,0,23.6
florida lipo,/procedures/liposuction-miami,22,0,84.6
foams lipo,/what-is-lipo-foam,22,1,12.2
how long does chin liposuction last,/how-long-does-it-take-to-recover-from-chin-lipo,22,0,17.9
how many lymphatic massages after lipo and bbl,/when-to-start-lymphatic-massage-after-lipo,22,0,1
is fibrosis after lipo dangerous,/how-to-get-rid-of-fibrosis-after-lipo,22,0,6.4
lipo lymphatic massage,/when-to-start-lymphatic-massage-after-lipo,22,0,29.3
lipoform,/what-is-lipo-foam,22,0,4.0
liposuction,/procedures/liposuction-miami,22,0,36.3
liposuction deals miami,/procedures/liposuction-miami,22,0,42.0
liposuction fluid drainage,/how-to-reduce-swelling-after-liposuction,22,0,2.7
post-lipo lymphatic massage,/when-to-start-lymphatic-massage-after-lipo,22,0,22.3
stomach fibrosis,/how-to-get-rid-of-fibrosis-after-lipo,22,0,31.1
uneven skin after liposuction,/how-to-fix-uneven-liposuction,22,0,8.9
when to start lymphatic drainage massage after liposuction,/when-to-start-lymphatic-massage-after-lipo,22,0,5.1
best age for liposuction,/how-old-do-you-have-to-be-to-get-liposuction,21,0,6.2
chin lipo timeline,/how-long-does-it-take-to-recover-from-chin-lipo,21,0,3.1
do you have to get lymphatic massage after lipo,/when-to-start-lymphatic-massage-after-lipo,21,0,3.2
face liposuction cost,/how-long-does-it-take-to-recover-from-chin-lipo,21,0,3.0
how long does swelling from liposuction last,/how-to-reduce-swelling-after-liposuction,21,0,6.4
how long to wear compression after chin lipo,/how-long-does-it-take-to-recover-from-chin-lipo,21,0,11.2
how many lymphatic massages to see results,/how-many-massages-after-lipo-360,21,0,7.6
how many massages do you need after lipo,/how-many-massages-after-lipo-360,21,0,1.1
how many post op massages after lipo,/how-many-massages-after-lipo-360,21,1,1.4
how old do you have to be to get lipo 360,/how-old-do-you-have-to-be-to-get-liposuction,21,0,8.2
juckreiz nach liposuktion,/how-to-reduce-itching-after-lipo,21,1,2.7
liposucción en miami,/procedures/liposuction-miami,21,0,73.9
liposuction diet menu,/what-to-eat-after-liposuction,21,0,11.5
liposuction safety,/how-many-times-can-you-get-liposuction,21,0,37.2
lymphatic massages after lipo,/how-many-massages-after-lipo-360,21,0,13.3
neck liposuction recovery,/how-long-does-it-take-to-recover-from-chin-lipo,21,0,80.3
sculptra to fix uneven lipo,/how-to-fix-uneven-liposuction,21,0,12
sono bello lipo 360 cost,/what-areas-does-lipo-360-cover,21,0,1.0
what causes fibrosis after liposuction,/how-to-get-rid-of-fibrosis-after-lipo,21,1,8.2
what is lipo 360,/how-many-times-can-you-get-liposuction,21,0,2.6
after liposuction massage,/how-many-massages-after-lipo-360,20,0,27.6
are there minimally invasive options to fix uneven liposuction results?,/how-to-fix-uneven-liposuction,20,0,3.6
arm lipo fibrosis,/how-to-get-rid-of-fibrosis-after-lipo,20,0,8.5
botched liposuction before and after,/how-to-fix-uneven-liposuction,20,0,16.3
can i do my own lymphatic massage after lipo,/when-to-start-lymphatic-massage-after-lipo,20,0,42.2
double chin lipo recovery,/how-long-does-it-take-to-recover-from-chin-lipo,20,0,64.9
how long does bruising last after liposuction,/how-to-get-rid-of-bruising-after-liposuction,20,0,12.6
how long does itching after liposuction last,/how-to-reduce-itching-after-lipo,20,1,1.5
how many lymphatic massage after lipo,/when-to-start-lymphatic-massage-after-lipo,20,0,23.2
how to get rid of scar tissue after lipo,/how-to-get-rid-of-fibrosis-after-lipo,20,0,8.1
itching after coolsculpting,/how-to-reduce-itching-after-lipo,20,0,18.2
lipo 360,/how-many-massages-after-lipo-360,20,0,2.4
lipo 360 before and after,/how-many-times-can-you-get-liposuction,20,0,3.1
lipo 360 near me,/what-areas-does-lipo-360-cover,20,0,1.9
liposculpture miami fl,/procedures/liposuction-miami,20,0,65.8
liposuction age,/how-old-do-you-have-to-be-to-get-liposuction,20,0,24.9
liposuction age requirement,/how-old-do-you-have-to-be-to-get-liposuction,20,0,10.2
liposuction cost miami,/blog/affordable-plastic-surgery-miami,20,0,26.5
lymphatic drainage massage abdomen after liposuction,/when-to-start-lymphatic-massage-after-lipo,20,0,19.8
signs of fibrosis after liposuction,/how-to-get-rid-of-fibrosis-after-lipo,20,0,7.7
when does swelling go down after liposuction,/how-to-reduce-swelling-after-liposuction,20,0,3.1
when to start lymphatic massage after tummy tuck,/when-to-start-lymphatic-massage-after-lipo,20,0,36.3
chin lipo day by day,/how-long-does-it-take-to-recover-from-chin-lipo,19,0,5.2
chin liposuction healing time,/how-long-does-it-take-to-recover-from-chin-lipo,19,0,12.3
how long is the recovery for chin lipo,/how-long-does-it-take-to-recover-from-chin-lipo,19,0,9.1
how many lymphatic massages do i need after lipo,/how-many-massages-after-lipo-360,19,0,1.8
how much is liposuction in miami,/blog/affordable-plastic-surgery-miami,19,0,20.4
how often should you do a lymphatic drainage massage,/how-many-massages-after-lipo-360,19,0,1.2
"i had liposuction that left me with lumpy, uneven results. what are my options?",/how-to-fix-uneven-liposuction,19,0,3.8
i want to fix the results of a previous fat removal procedure. where do i start?,/how-to-fix-uneven-liposuction,19,0,8.5
inner thigh liposuction bruising,/how-to-get-rid-of-bruising-after-liposuction,19,0,33.3
itchy skin after lipo,/how-to-reduce-itching-after-lipo,19,1,4.2
lipo miami fl,/procedures/liposuction-miami,19,0,65.3
lipo packages,/procedures/liposuction-miami,19,0,78.8
lipo recovery massage,/when-to-start-lymphatic-massage-after-lipo,19,0,29.8
lipo/ed massage,/how-many-massages-after-lipo-360,19,0,6.2
liposuction cost,/how-many-times-can-you-get-liposuction,19,0,2.8
liposuction surgery,/how-many-times-can-you-get-liposuction,19,1,2.9
massages after lipo 360,/when-to-start-lymphatic-massage-after-lipo,19,0,9.6
scar tissue fibrosis after lipo,/how-to-get-rid-of-fibrosis-after-lipo,19,0,8.6
swelling after liposuction abdomen,/how-to-reduce-swelling-after-liposuction,19,0,21.4
swelling liposuction,/how-to-reduce-swelling-after-liposuction,19,0,18.5
what does lipo 360 cover,/what-areas-does-lipo-360-cover,19,0,7.2
when can you resume exercise and weight training after liposuction weeks,/how-long-after-lipo-can-i-workout,19,0,9.6
when can you resume exercise or weight training after liposuction weeks,/how-long-after-lipo-can-i-workout,19,0,10.1
after chin lipo when will i see results,/how-long-does-it-take-to-recover-from-chin-lipo,18,0,4.6
asps revision liposuction how long to wait,/how-many-times-can-you-get-liposuction,18,0,2
at what age can you get liposuction,/how-old-do-you-have-to-be-to-get-liposuction,18,0,11.7
bad results of liposuction,/how-to-fix-uneven-liposuction,18,0,27.7
best liposuction surgeon miami,/procedures/liposuction-miami,18,0,40.2
breast enhancement liposuction,/blog/liposuction-vs-breast-augmentation-miami,18,0,16.2
compare revision liposuction options available for fixing poor results.,/how-to-fix-uneven-liposuction,18,0,6.2
curveez post-surgical lipo foam () reviews,/what-is-lipo-foam,18,0,2.2
do you need lymphatic massage after lipo,/when-to-start-lymphatic-massage-after-lipo,18,0,2.1
fibrosis bbl,/how-to-get-rid-of-fibrosis-after-lipo,18,0,19.8
foods to eat after bbl and lipo,/how-to-feed-the-fat-after-bbl,18,0,1.4
hematoma after lipo,/how-to-get-rid-of-bruising-after-liposuction,18,0,2.6
how long does it take to recover from chin liposuction,/how-long-does-it-take-to-recover-from-chin-lipo,18,0,14.6
how long does liposuction last,/how-old-do-you-have-to-be-to-get-liposuction,18,0,3
how many sessions of lymphatic massage do i need,/how-many-massages-after-lipo-360,18,0,5.6
how much is 360 lipo in miami,/procedures/liposuction-miami,18,0,61.4
how often can you get lymphatic drainage massage,/how-many-massages-after-lipo-360,18,0,1
how old do you have to be to get fat removal surgery,/how-old-do-you-have-to-be-to-get-liposuction,18,0,9
how to break up fibrosis,/how-to-get-rid-of-fibrosis-after-lipo,18,0,11.4
how to minimize bruising after fat removal?,/how-to-get-rid-of-bruising-after-liposuction,18,0,2.1
how to prevent fibrosis after liposuction,/how-to-get-rid-of-fibrosis-after-lipo,18,0,13.6
lipo healing process,/how-to-reduce-swelling-after-liposuction,18,0,1
lipo massages,/how-many-massages-after-lipo-360,18,0,36.9
liposuction in miami florida,/procedures/liposuction-miami,18,0,72.1
liposuction pads,/what-is-lipo-foam,18,0,5.6
liposuction recovery process,/how-to-reduce-swelling-after-liposuction,18,0,1
lymphatic drainage for liposuction,/when-to-start-lymphatic-massage-after-lipo,18,0,4
lymphatic massage after liposuction,/how-many-massages-after-lipo-360,18,0,15
post surgical fibrosis treatment,/how-to-get-rid-of-fibrosis-after-lipo,18,0,8.2
when to get lymphatic drainage massage after tummy tuck and lipo,/when-to-start-lymphatic-massage-after-lipo,18,0,7
working out after lipo,/how-long-after-lipo-can-i-workout,18,0,13.6
360 lipo areas,/what-areas-does-lipo-360-cover,17,1,14.9
before and after lipo bruising,/how-to-get-rid-of-bruising-after-liposuction,17,0,11.1
best lipo foam,/what-is-lipo-foam,17,0,1
can you get lipo more than once,/how-many-times-can-you-get-liposuction,17,0,6.3
cost of liposuction miami,/procedures/liposuction-miami,17,0,48.8
does lipo 360 include bra roll,/what-areas-does-lipo-360-cover,17,0,3.9
explain what lipo 360 involves including targeted areas and recovery time,/what-areas-does-lipo-360-cover,17,0,10.8
fibrose nach liposuktion,/how-to-get-rid-of-fibrosis-after-lipo,17,0,7
florida liposuction,/procedures/liposuction-miami,17,0,94.4
how long after lipo can you get a lymphatic massage,/when-to-start-lymphatic-massage-after-lipo,17,1,5.4
how long does it take for chin lipo to heal,/how-long-does-it-take-to-recover-from-chin-lipo,17,0,2.5
how much liposuction can you get at once,/how-many-times-can-you-get-liposuction,17,0,15.6
how often should i get lymphatic drainage massage,/how-many-massages-after-lipo-360,17,0,1
lipo 360,/how-to-sleep-after-liposuction,17,0,3.2
lipo 360 includes what areas,/what-areas-does-lipo-360-cover,17,0,3.6
liposuccion facial south miami,/procedures/liposuction-miami,17,0,80.5
liposuction recovery time,/how-old-do-you-have-to-be-to-get-liposuction,17,0,3
lymphatic drainage massage post bbl,/how-many-massages-after-bbl,17,1,4.1
non surgical treatment for liposuction hard spots,/how-to-get-rid-of-fibrosis-after-lipo,17,0,1.7
what is fibrosis after tummy tuck,/how-to-get-rid-of-fibrosis-after-lipo,17,0,6.6
when can i play golf after liposuction 360 weeks,/how-long-after-lipo-can-i-workout,17,0,7.9
when can you start exercise after liposuction weeks,/how-long-after-lipo-can-i-workout,17,0,9.5
when to start lymphatic massage after liposuction,/how-many-massages-after-lipo-360,17,0,19.8
are lymphatic massages necessary after lipo,/how-many-massages-after-lipo-360,16,0,8.8
chin lipo aftercare,/how-long-does-it-take-to-recover-from-chin-lipo,16,0,30.2
day by day liposuction bruising,/how-to-get-rid-of-bruising-after-liposuction,16,0,4.8
does lipo foam help with swelling,/what-is-lipo-foam,16,1,2.9
fibrosis on stomach,/how-to-get-rid-of-fibrosis-after-lipo,16,0,19.6
how long do you wear foam boards after lipo,/what-is-lipo-foam,16,0,4.6
how long does it take for liposuction swelling to go down,/how-to-reduce-swelling-after-liposuction,16,0,1.2
how soon after surgery can you get lymphatic massage,/when-to-start-lymphatic-massage-after-lipo,16,0,1.5
how to break down fibrosis,/how-to-get-rid-of-fibrosis-after-lipo,16,0,4.9
is fibrosis after lipo permanent,/how-to-get-rid-of-fibrosis-after-lipo,16,0,13.9
lipo foam roll,/what-is-lipo-foam,16,0,10.3
lipo foam vs board,/what-is-lipo-foam,16,0,1
liposuction bad results,/how-to-fix-uneven-liposuction,16,0,23.1
liposuction bruising pictures,/how-to-get-rid-of-bruising-after-liposuction,16,0,27.4
liposuction gone bad,/how-to-fix-uneven-liposuction,16,0,26.9
liposuction packages,/procedures/liposuction-miami,16,0,80.1
liposuction recovery bruising,/how-to-get-rid-of-bruising-after-liposuction,16,0,12.9
lymphatic drainage massage how often,/how-many-massages-after-lipo-360,16,0,1
lymphatic massage post lipo,/how-many-massages-after-lipo-360,16,0,11.9
miami liposuction cost,/blog/affordable-plastic-surgery-miami,16,0,11.3
neck lipo recovery,/how-long-does-it-take-to-recover-from-chin-lipo,16,0,79.4
non surgical treatment for liposuction lumps and bumps,/how-to-fix-uneven-liposuction,16,0,4.5
post lipo diet,/what-to-eat-after-liposuction,16,0,13.6
post lipo fibrosis treatment,/how-to-get-rid-of-fibrosis-after-lipo,16,1,8
que es fibrosis pulmonar,/how-to-get-rid-of-fibrosis-after-lipo,16,0,2
remedios caseros para la fibrosis después de una lipo,/how-to-get-rid-of-fibrosis-after-lipo,16,0,31.2
swollen after liposuction,/how-to-reduce-swelling-after-liposuction,16,0,8
workout after liposuction,/how-long-after-lipo-can-i-workout,16,0,27.2
"""9"" ""12"" months revision liposuction wait",/how-many-times-can-you-get-liposuction,15,0,7.5
after lipo massages,/when-to-start-lymphatic-massage-after-lipo,15,0,54.4
american society of plastic surgeons revision liposuction how long to wait,/how-many-times-can-you-get-liposuction,15,0,2
bruising after chin liposuction,/how-to-get-rid-of-bruising-after-liposuction,15,0,10.6
can i sleep on my stomach after lipo 360,/how-to-sleep-after-liposuction,15,0,5.1
chin lipo fibrosis treatment,/how-to-get-rid-of-fibrosis-after-lipo,15,0,1.3
chin lipo healing process,/how-long-does-it-take-to-recover-from-chin-lipo,15,0,17.3
chin liposuction before and after,/how-long-does-it-take-to-recover-from-chin-lipo,15,0,4.8
chin liposuction recovery timeline,/how-long-does-it-take-to-recover-from-chin-lipo,15,0,8.1
fibroguard post-liposuction recovery garment,/how-to-get-rid-of-fibrosis-after-lipo,15,0,3.1
fibrosis chin lipo,/how-to-get-rid-of-fibrosis-after-lipo,15,0,3.8
fibrosis correction,/how-to-get-rid-of-fibrosis-after-lipo,15,0,1.1
fibrosis correction after lipo,/how-to-get-rid-of-fibrosis-after-lipo,15,0,7.7
fibrosis liposuccion,/how-to-get-rid-of-fibrosis-after-lipo,15,0,32.5
foods to eat after bbl and lipo,/what-to-eat-after-liposuction,15,0,9.3
how long after lipo will i be swollen,/how-to-reduce-swelling-after-liposuction,15,0,1
how long should you get massages after lipo 360,/when-to-start-lymphatic-massage-after-lipo,15,0,1
how long to heal from chin lipo,/how-long-does-it-take-to-recover-from-chin-lipo,15,0,15.8
how many lymphatic drainage massages do you need,/how-many-massages-after-lipo-360,15,0,7.1
how many lymphatic massages after tummy tuck and bbl,/how-many-massages-after-bbl,15,0,3.5
how many massages do you need after lipo 360,/when-to-start-lymphatic-massage-after-lipo,15,0,1.1
how much does chin liposuction cost,/how-long-does-it-take-to-recover-from-chin-lipo,15,0,3
how much is liposuction in miami,/procedures/liposuction-miami,15,0,61
how often should i do lymphatic drainage massage,/how-many-massages-after-lipo-360,15,0,1
how soon after liposuction can you exercise,/how-long-after-lipo-can-i-workout,15,0,8.8
how to sleep after chin lipo,/how-to-sleep-after-liposuction,15,0,74.7
how to smooth out stomach after liposuction,/how-to-fix-uneven-liposuction,15,0,21.9
is liposuction dangerous,/how-many-times-can-you-get-liposuction,15,0,2.5
jucken nach liposuktion,/how-to-reduce-itching-after-lipo,15,0,2.8
lipo 360,/how-old-do-you-have-to-be-to-get-liposuction,15,0,3
lipo discharge,/when-to-start-lymphatic-massage-after-lipo,15,0,1
lipo360,/what-areas-does-lipo-360-cover,15,0,2.8
liposuction,/how-to-sleep-after-liposuction,15,0,2.9
liposuction aventura,/procedures/liposuction-miami,15,0,58.6
liposuction bruising photos,/how-to-get-rid-of-bruising-after-liposuction,15,0,42.3
liposuction side effects,/how-many-times-can-you-get-liposuction,15,0,2.8
liposuction surgery florida,/procedures/liposuction-miami,15,0,92.2
manual lymphatic drainage after lipedema liposuction recommended,/how-many-massages-after-lipo-360,15,0,3.6
post lipo lymphatic drainage massage,/when-to-start-lymphatic-massage-after-lipo,15,0,21.9
what does 360 lipo include,/what-areas-does-lipo-360-cover,15,0,22.4
what does lipo fibrosis look like,/how-to-get-rid-of-fibrosis-after-lipo,15,0,8.9
when can i workout after liposuction,/how-long-after-lipo-can-i-workout,15,0,10.2
when is swelling the worst after lipo,/how-to-reduce-swelling-after-liposuction,15,0,1.4
2 weeks after liposuction photos,/how-many-massages-after-lipo-360,14,0,2
age for liposuction,/how-old-do-you-have-to-be-to-get-liposuction,14,0,29
cuantos masajes despues de una lipo,/how-many-massages-after-lipo-360,14,0,4.6
does fat come back after liposuction,/how-many-times-can-you-get-liposuction,14,0,3
drains after liposuction,/when-to-start-lymphatic-massage-after-lipo,14,0,1
exercising after liposuction,/how-long-after-lipo-can-i-workout,14,0,35.8
fibrose après liposuccion,/how-to-get-rid-of-fibrosis-after-lipo,14,0,36.1
fibrosis in stomach after lipo,/how-to-get-rid-of-fibrosis-after-lipo,14,0,7
fibrosis massage after liposuction,/how-to-get-rid-of-fibrosis-after-lipo,14,0,14.3
fibrosis of the lungs,/how-to-get-rid-of-fibrosis-after-lipo,14,0,2.8
fibrosis pulmonar causas,/how-to-get-rid-of-fibrosis-after-lipo,14,0,2.5
how long to wait for revision liposuction 6 months 1 year,/how-many-times-can-you-get-liposuction,14,0,4
how many lymphatic massages do you need,/how-many-massages-after-lipo-360,14,1,1.4
how many massages do i need after lipo,/how-many-massages-after-lipo-360,14,0,1.4
how often can you get a lymphatic drainage massage,/how-many-massages-after-lipo-360,14,0,1
how soon after lipo can i do lymphatic massage,/when-to-start-lymphatic-massage-after-lipo,14,0,1.6
how soon can i start lymphatic massage after liposuction,/how-many-massages-after-lipo-360,14,0,8.4
is liposuction safe,/how-many-times-can-you-get-liposuction,14,1,2.6
lipo 360 bruising,/how-to-get-rid-of-bruising-after-liposuction,14,0,5.9
lipo contour anti swelling system,/how-to-reduce-swelling-after-liposuction,14,0,3.4
lipo foam leaves marks,/what-is-lipo-foam,14,0,6.6
liposuction chin recovery,/how-long-does-it-take-to-recover-from-chin-lipo,14,0,21.1
liposuction lymphatic massage,/when-to-start-lymphatic-massage-after-lipo,14,0,10
liposuction minimum age,/how-old-do-you-have-to-be-to-get-liposuction,14,0,9.6
liposuction surgery miami,/procedures/liposuction-miami,14,0,60.2
lung fibrosis,/how-to-get-rid-of-fibrosis-after-lipo,14,1,2.7
lymphatic drainage post liposuction,/when-to-start-lymphatic-massage-after-lipo,14,0,18.6
manual lymphatic drainage after laser lipolysis study,/how-many-massages-after-lipo-360,14,0,5.1
miami liposuction deal,/procedures/liposuction-miami,14,0,59.8
miami liposuction prices,/blog/affordable-plastic-surgery-miami,14,0,10.1
post liposuction swelling,/how-to-reduce-swelling-after-liposuction,14,0,28.9
swelling post lipo,/how-to-reduce-swelling-after-liposuction,14,0,18.4
what is included in lipo 360,/what-areas-does-lipo-360-cover,14,0,19.6
what is the best age for liposuction?,/how-old-do-you-have-to-be-to-get-liposuction,14,0,11.4
what is the best post-lipo diet?,/what-to-eat-after-liposuction,14,0,5.5
after lipo massages,/how-many-massages-after-lipo-360,13,0,29.6
awake lipo miami,/procedures/liposuction-miami,13,0,74
bad lipo,/how-to-fix-uneven-liposuction,13,0,18.5
best lipo surgeon in miami,/procedures/liposuction-miami,13,0,55.5
bruises from liposuction,/how-to-get-rid-of-bruising-after-liposuction,13,0,8.1
drains after lipo,/when-to-start-lymphatic-massage-after-lipo,13,0,1
excercise after liposuction,/how-long-after-lipo-can-i-workout,13,0,19.5
exercises after liposuction,/how-long-after-lipo-can-i-workout,13,0,14.2
fibrosis after facelift,/how-to-get-rid-of-fibrosis-after-lipo,13,0,2.2
fibrosis after tummy tuck and lipo,/how-to-get-rid-of-fibrosis-after-lipo,13,0,1.8
fibrosis in stomach,/how-to-get-rid-of-fibrosis-after-lipo,13,1,39.4
fibrosis on stomach after lipo,/how-to-get-rid-of-fibrosis-after-lipo,13,0,15.8
how long does chin lipo procedure take,/how-long-does-it-take-to-recover-from-chin-lipo,13,0,1
how long to wait before revision liposuction 6 months 1 year,/how-many-times-can-you-get-liposuction,13,0,6.6
how much are lymphatic massages after lipo,/how-many-massages-after-lipo-360,13,0,1.5
how old do you need to be to get liposuction,/how-old-do-you-have-to-be-to-get-liposuction,13,0,6.2
how to do lymphatic massage after bbl,/how-many-massages-after-bbl,13,0,4.5
how to reduce fibrosis,/how-to-get-rid-of-fibrosis-after-lipo,13,0,4.4
how to sleep after liposuction 360,/how-to-sleep-after-liposuction,13,0,10.5
lipo 360 with fat transfer to breast,/what-areas-does-lipo-360-cover,13,0,77.7
lipo foam near me,/what-is-lipo-foam,13,0,5.5
lipo in miami,/procedures/liposuction-miami,13,0,69.9
lipo itch relief,/how-to-reduce-itching-after-lipo,13,0,2.7
lipo pads benefits,/what-is-lipo-foam,13,0,5.8
lipodissolve swelling time,/how-to-reduce-swelling-after-liposuction,13,0,68.9
liposuction before and after,/how-many-times-can-you-get-liposuction,13,0,3
liposuction complications,/how-to-fix-uneven-liposuction,13,0,1
liposuction diet,/what-to-eat-after-liposuction,13,0,18.8
liposuction recovery swelling,/how-to-reduce-swelling-after-liposuction,13,0,10
liposuction side effects,/how-to-sleep-after-liposuction,13,0,2.8
lymphatic drainage massage post liposuction,/when-to-start-lymphatic-massage-after-lipo,13,0,29
lymphatic massages after liposuction,/when-to-start-lymphatic-massage-after-lipo,13,0,18.7
post lipo lymphatic drainage massage,/how-many-massages-after-lipo-360,13,0,10.4
smart lipo bruising,/how-to-get-rid-of-bruising-after-liposuction,13,0,21.4
when to get lymphatic drainage massage after liposuction,/when-to-start-lymphatic-massage-after-lipo,13,0,4.5
when to get lymphatic drainage massage after tummy tuck and lipo,/how-many-massages-after-lipo-360,13,0,10.8
why can t you exercise after liposuction,/how-long-after-lipo-can-i-workout,13,0,8.5
2 weeks after liposuction photos,/when-to-start-lymphatic-massage-after-lipo,12,0,2
after liposuction diet,/what-to-eat-after-liposuction,12,0,12
are lymphatic massages necessary after lipo,/when-to-start-lymphatic-massage-after-lipo,12,0,1
average cost liposuction miami 2026,/blog/affordable-plastic-surgery-miami,12,0,8
bbl fibrosis,/how-to-get-rid-of-fibrosis-after-lipo,12,0,11.1
botched back liposuction,/how-to-fix-uneven-liposuction,12,0,41.6
can i do my own lymphatic massage after lipo,/how-many-massages-after-lipo-360,12,0,7.7
chin lipo after 1 week,/how-long-does-it-take-to-recover-from-chin-lipo,12,0,18.3
chin lipo foam,/what-is-lipo-foam,12,0,5.4
chin lipo how long to wear compression,/how-long-does-it-take-to-recover-from-chin-lipo,12,0,8
does chin lipo last,/how-long-does-it-take-to-recover-from-chin-lipo,12,0,13.1
fibrosis correction miami,/how-to-get-rid-of-fibrosis-after-lipo,12,1,13.8
food to eat after liposuction,/what-to-eat-after-liposuction,12,0,9.6
how long are you swollen after liposuction,/how-to-reduce-swelling-after-liposuction,12,0,1.5
how long do you wear lipo foam after surgery,/what-is-lipo-foam,12,0,1.1
how long does swelling after liposuction last,/how-to-reduce-swelling-after-liposuction,12,0,4.8
how long to wear boards after lipo,/what-is-lipo-foam,12,0,8.6
how old for liposuction,/how-old-do-you-have-to-be-to-get-liposuction,12,0,6.4
how to put lipo foam on,/what-is-lipo-foam,12,0,7.4
itching 6 weeks after lipo,/how-to-reduce-itching-after-lipo,12,0,2.3
lipo drain,/when-to-start-lymphatic-massage-after-lipo,12,0,1
lipo foam board,/what-is-lipo-foam,12,0,8.3
lipo foams and boards,/what-is-lipo-foam,12,0,9.5
liposuction foam pads,/what-is-lipo-foam,12,0,3.1
liposuction in florida,/procedures/liposuction-miami,12,0,88
liposuction meaning,/how-old-do-you-have-to-be-to-get-liposuction,12,0,2.8
lymphatic drainage liposuction,/when-to-start-lymphatic-massage-after-lipo,12,0,10.3
lymphatic drainage massage,/how-many-massages-after-lipo-360,12,0,3.3
lymphatic massage after bbl near me,/how-many-massages-after-bbl,12,0,7.7
lymphatic massage after lipo 360,/when-to-start-lymphatic-massage-after-lipo,12,0,18.8
lymphatic massage for liposuction,/when-to-start-lymphatic-massage-after-lipo,12,0,27.9
miami liposculpture,/procedures/liposuction-miami,12,0,57.2
peer reviewed article timing of revision liposuction 6 months,/how-many-times-can-you-get-liposuction,12,0,5.8
post surgical fibrosis,/how-to-get-rid-of-fibrosis-after-lipo,12,0,28.8
pulmonary fibrosis,/how-to-get-rid-of-fibrosis-after-lipo,12,0,2.7
recovery time for chin liposuction,/how-long-does-it-take-to-recover-from-chin-lipo,12,0,30.2
submental liposuction recovery time,/how-long-does-it-take-to-recover-from-chin-lipo,12,0,4.7
swelling after liposuction how long,/how-to-reduce-swelling-after-liposuction,12,0,6.8
swollen feet after liposuction,/how-to-reduce-swelling-after-liposuction,12,0,14.4
what can you eat after liposuction,/what-to-eat-after-liposuction,12,0,8.1
when can i sleep without my faja after bbl,/how-to-sleep-after-bbl,12,0,50.7
when does fibrosis occur after lipo,/how-to-get-rid-of-fibrosis-after-lipo,12,0,1.9
when to start wearing ab board after lipo,/how-to-sleep-after-liposuction,12,0,2.8
arm fibrosis after lipo,/how-to-get-rid-of-fibrosis-after-lipo,11,0,2.5
bad lipo stomach,/how-to-fix-uneven-liposuction,11,0,10
best liposuction doctors in miami,/procedures/liposuction-miami,11,0,51.8
can i get liposuction at 17,/how-old-do-you-have-to-be-to-get-liposuction,11,0,11
chin lipo results timeline,/how-long-does-it-take-to-recover-from-chin-lipo,11,0,10.6
chin lipo swelling after 3 weeks,/how-long-does-it-take-to-recover-from-chin-lipo,11,0,4.9
cost of liposuction,/how-old-do-you-have-to-be-to-get-liposuction,11,0,3
cuanto cuesta una liposucción en miami,/procedures/liposuction-miami,11,0,67.5
deep tissue massage after lipo,/when-to-start-lymphatic-massage-after-lipo,11,0,25.7
face liposuction recovery time,/how-long-does-it-take-to-recover-from-chin-lipo,11,0,21.2
fibrose na liposuctie,/how-to-get-rid-of-fibrosis-after-lipo,11,0,2.7
fibrosis stomach lipo,/how-to-get-rid-of-fibrosis-after-lipo,11,0,12.3
fluid pockets after liposuction,/how-to-reduce-swelling-after-liposuction,11,0,4.2
foams and boards after lipo,/what-is-lipo-foam,11,0,9.7
how does liposuction work,/how-old-do-you-have-to-be-to-get-liposuction,11,0,5
how long after chin lipo can i exercise,/how-long-after-lipo-can-i-workout,11,0,3.2
how long for swelling to go down after liposuction,/how-to-reduce-swelling-after-liposuction,11,0,1.6
how long to wear lipo foam reddit,/what-is-lipo-foam,11,0,4.5
how often do you need lymphatic drainage massage,/how-many-massages-after-lipo-360,11,0,1
is liposuction covered by insurance,/how-old-do-you-have-to-be-to-get-liposuction,11,0,3
is liposuction painful,/how-many-times-can-you-get-liposuction,11,0,2.7
lipo 360 only,/what-areas-does-lipo-360-cover,11,0,25.8
lipo foam sheets,/what-is-lipo-foam,11,0,2.4
lipo in florida,/procedures/liposuction-miami,11,0,90.2
liposuccion facial miami,/procedures/liposuction-miami,11,0,70
liposuction after ozempic,/blog/liposuction-recovery-ozempic-miami,11,0,8.7
liposuction irregularities,/how-to-fix-uneven-liposuction,11,0,24.3
liposuction miami prices,/blog/affordable-plastic-surgery-miami,11,0,15
liposuction miami prices,/procedures/liposuction-miami,11,0,62.1
liposuction price in miami,/blog/affordable-plastic-surgery-miami,11,0,15.3
liposuction surgeon miami,/procedures/liposuction-miami,11,0,73.1
lymphatic drainage massage after lipo 360,/when-to-start-lymphatic-massage-after-lipo,11,0,6.4
mislukte liposuctie buik,/how-to-fix-uneven-liposuction,11,0,92.4
plastic surgery textbook secondary liposuction wait 6 months,/how-many-times-can-you-get-liposuction,11,0,3.5
post bbl lymphatic massage,/how-many-massages-after-bbl,11,0,5.7
stomach fibrosis treatment,/how-to-get-rid-of-fibrosis-after-lipo,11,0,2.5
uneven lipo results,/how-to-fix-uneven-liposuction,11,0,6.9
what age can i get liposuction,/how-old-do-you-have-to-be-to-get-liposuction,11,0,6.8
what results can i realistically expect from liposuction after losing weight on medication?,/blog/liposuction-recovery-ozempic-miami,11,0,13
when does liposuction swelling go down,/how-to-reduce-swelling-after-liposuction,11,0,1
when does swelling go down after lipo,/how-to-reduce-swelling-after-liposuction,11,0,1.2
"""lipo gadda""",/what-is-lipo-foam,10,0,10.9
360 lipo,/how-many-times-can-you-get-liposuction,10,0,2.9
6 weeks after liposuction no results,/how-to-fix-uneven-liposuction,10,0,25.5
academic medical center revision liposuction wait 6 months,/how-many-times-can-you-get-liposuction,10,0,2.2
after liposuction bruising,/how-to-get-rid-of-bruising-after-liposuction,10,0,10.9
asps revision liposuction wait months,/how-many-times-can-you-get-liposuction,10,0,2.7
benefits of lymphatic drainage massage,/how-many-massages-after-lipo-360,10,0,3
botched lipo stomach,/how-to-fix-uneven-liposuction,10,0,4
can you get liposuction at 16,/how-old-do-you-have-to-be-to-get-liposuction,10,0,20.1
como aliviar la picazón después de una liposucción,/how-to-reduce-itching-after-lipo,10,0,4.1
cuanto cuesta una lipoescultura en miami,/procedures/liposuction-miami,10,0,61.5
does fibrosis from lipo go away,/how-to-get-rid-of-fibrosis-after-lipo,10,0,6.1
edema after lipo,/how-to-reduce-swelling-after-liposuction,10,0,10.2
fibrosen nach liposuktion,/how-to-get-rid-of-fibrosis-after-lipo,10,0,1.8
fibrosis liposuction treatment,/how-to-get-rid-of-fibrosis-after-lipo,10,0,3.7
fluid buildup after liposuction,/how-to-reduce-swelling-after-liposuction,10,0,8.2
foam and boards lipo,/what-is-lipo-foam,10,0,1.2
hard lumps after lipo,/how-to-get-rid-of-fibrosis-after-lipo,10,0,28.5
high bmi lipo south florida,/procedures/liposuction-miami,10,0,74.2
how long before returning to exercise after liposuction,/how-long-after-lipo-can-i-workout,10,0,8.2
how long does bruising last after lipo,/how-to-get-rid-of-bruising-after-liposuction,10,0,2.1
how long does it take for chin lipo swelling to go down,/how-long-does-it-take-to-recover-from-chin-lipo,10,0,7.6
how long does it take for lipo swelling to go down,/how-to-reduce-swelling-after-liposuction,10,0,1.2
how long does it take to see chin lipo results,/how-long-does-it-take-to-recover-from-chin-lipo,10,0,1.9
how long for liposuction swelling to go down,/how-to-reduce-swelling-after-liposuction,10,0,1.1
how many liposuction treatments are needed,/how-many-times-can-you-get-liposuction,10,0,6.4
how many massages do i need after lipo 360,/when-to-start-lymphatic-massage-after-lipo,10,0,1.1
how many times can you have liposuction in the same area,/how-many-times-can-you-get-liposuction,10,0,3.3
how often should i get a lymphatic drainage massage,/how-many-massages-after-lipo-360,10,0,1
how often should you get a lymphatic drainage massage after surgery,/how-many-massages-after-lipo-360,10,0,2.8
how to sleep after chin liposuction,/how-to-sleep-after-liposuction,10,0,68
is it normal for liposuction results to vary significantly between patients?,/how-to-fix-uneven-liposuction,10,0,9.5
is liposuction permanent,/how-many-times-can-you-get-liposuction,10,0,2.4
is lymphatic massage necessary after lipo,/when-to-start-lymphatic-massage-after-lipo,10,1,3.7
lipo 360 miami cost,/procedures/liposuction-miami,10,0,57
lipo boards,/how-to-sleep-after-liposuction,10,1,2.3
lipo foam and board,/what-is-lipo-foam,10,0,16.2
lipo foam benefits,/what-is-lipo-foam,10,0,4.5
lipo massages,/when-to-start-lymphatic-massage-after-lipo,10,0,34
lipo ozempic,/blog/liposuction-recovery-ozempic-miami,10,0,8.8
lipo-contour & anti-swelling system,/how-to-reduce-swelling-after-liposuction,10,0,2.1
lipo/ed massage,/when-to-start-lymphatic-massage-after-lipo,10,0,1
liposuccion,/how-many-times-can-you-get-liposuction,10,0,2
liposuction chin cost,/how-long-does-it-take-to-recover-from-chin-lipo,10,0,3
liposuction miami beach fl,/procedures/liposuction-miami,10,0,55.4
liposuction near me,/how-old-do-you-have-to-be-to-get-liposuction,10,0,2
liposuction surgery in miami florida,/procedures/liposuction-miami,10,0,72.9
lymphatic drainage massage lipo,/when-to-start-lymphatic-massage-after-lipo,10,0,18.8
lymphatic drainage massage post lipo,/how-many-massages-after-lipo-360,10,0,9.8
miami lipo,/procedures/liposuction-miami,10,0,72.9
miami liposuction surgery,/procedures/liposuction-miami,10,0,58.6
peer reviewed article liposuction revision timing 6 months,/how-many-times-can-you-get-liposuction,10,0,8.5
post lipo massages,/how-many-massages-after-lipo-360,10,0,2.5
precio liposucción miami,/procedures/liposuction-miami,10,0,70.2
second liposuction on same area,/how-many-times-can-you-get-liposuction,10,0,11.9
self lymphatic massage after lipo,/when-to-start-lymphatic-massage-after-lipo,10,0,33.8
submental liposuction recovery,/how-long-does-it-take-to-recover-from-chin-lipo,10,0,35.7
swelling after abdominal liposuction,/how-to-reduce-swelling-after-liposuction,10,0,22.7
what happens if you exercise too soon after liposuction,/how-long-after-lipo-can-i-workout,10,0,24.9
what is liposuction surgery,/how-many-times-can-you-get-liposuction,10,0,2.8
360 liposuction,/how-many-times-can-you-get-liposuction,9,0,2.7
asps revision liposuction timing 6 months,/how-many-times-can-you-get-liposuction,9,0,2.3
asps revision liposuction wait 6 months 12 months,/how-many-times-can-you-get-liposuction,9,0,2
bbl lymphatic drainage,/how-many-massages-after-bbl,9,0,5
breast augmentation liposuction,/blog/liposuction-vs-breast-augmentation-miami,9,0,21.9
cheap liposuction packages miami,/blog/affordable-plastic-surgery-miami,9,0,11.7
chin lipo swelling,/how-long-does-it-take-to-recover-from-chin-lipo,9,0,18.8
como desinflamar rápido después de una lipo,/how-to-reduce-swelling-after-liposuction,9,0,9.3
cuanto tiempo se debe usar la espuma después de una lipo,/what-is-lipo-foam,9,1,2.1
do you have to get massages after lipo 360,/when-to-start-lymphatic-massage-after-lipo,9,0,1.1
do you need lymphatic massage after lipo,/how-many-massages-after-lipo-360,9,0,6
double chin lipo recovery time,/how-long-does-it-take-to-recover-from-chin-lipo,9,0,51.6
dr miami liposuction cost,/blog/affordable-plastic-surgery-miami,9,0,20.9
drainage after lipo,/when-to-start-lymphatic-massage-after-lipo,9,0,1
evaluate ideal image on lymphatic massage after liposuction,/when-to-start-lymphatic-massage-after-lipo,9,0,3.9
facial liposuction,/how-long-does-it-take-to-recover-from-chin-lipo,9,0,3
fibrose liposuccion,/how-to-get-rid-of-fibrosis-after-lipo,9,1,26.8
fibrosis abdomen,/how-to-get-rid-of-fibrosis-after-lipo,9,0,55.8
fibrosis in abdomen,/how-to-get-rid-of-fibrosis-after-lipo,9,0,51.9
fibrosis lumpy stomach after liposuction,/how-to-get-rid-of-fibrosis-after-lipo,9,0,12.4
fibrosis of lungs,/how-to-get-rid-of-fibrosis-after-lipo,9,0,2.9
fibrosis pulmonar es cáncer,/how-to-get-rid-of-fibrosis-after-lipo,9,0,2.7
foam boards after lipo,/what-is-lipo-foam,9,0,8.8
hard lumps after liposuction,/how-to-get-rid-of-fibrosis-after-lipo,9,0,26.3
how long between liposuction sessions,/how-many-times-can-you-get-liposuction,9,0,3
how long does fibrosis last after liposuction,/how-to-get-rid-of-fibrosis-after-lipo,9,0,8.2
how long does swelling last after abdominal liposuction,/how-to-reduce-swelling-after-liposuction,9,0,4
how many massages are recommended after lipo,/when-to-start-lymphatic-massage-after-lipo,9,0,16.9
how many times should i do lymphatic drainage massage,/how-many-massages-after-lipo-360,9,0,1
how much does lymphatic massage after liposuction typically cost and what does a session involve?,/how-many-massages-after-lipo-360,9,0,8.6
itching 3 months after liposuction,/how-to-reduce-itching-after-lipo,9,0,2.2
lipo 360 vero beach,/what-areas-does-lipo-360-cover,9,0,56.3
lipo diet,/what-to-eat-after-liposuction,9,0,47.3
lipo drainage massage,/how-many-massages-after-lipo-360,9,0,7.7
lipo lymphatic drainage massage,/when-to-start-lymphatic-massage-after-lipo,9,0,36.6
liposuction bruise,/how-to-get-rid-of-bruising-after-liposuction,9,0,3.3
liposuction doctors in miami,/procedures/liposuction-miami,9,0,77
liposuction lymphatic massage,/how-many-massages-after-lipo-360,9,0,11.9
liposuction south florida,/procedures/liposuction-miami,9,0,74.8
liposuction uneven results,/how-to-fix-uneven-liposuction,9,0,6.7
liver fibrosis,/how-to-get-rid-of-fibrosis-after-lipo,9,0,2.6
lymphatic drainage,/when-to-start-lymphatic-massage-after-lipo,9,0,1
lymphatic drainage massage for liposuction,/when-to-start-lymphatic-massage-after-lipo,9,0,36.7
lymphatic massage,/when-to-start-lymphatic-massage-after-lipo,9,0,1.2
lymphatic massage after airsculpt,/when-to-start-lymphatic-massage-after-lipo,9,0,10.2
lymphatic massage buttocks,/how-many-massages-after-bbl,9,0,14.9
massage after lipo 360,/when-to-start-lymphatic-massage-after-lipo,9,0,10.3
post liposuction lymphatic massage,/how-many-massages-after-lipo-360,9,0,11.2
post op lipo massage,/when-to-start-lymphatic-massage-after-lipo,9,0,32.6
reduce swelling after liposuction,/how-to-reduce-swelling-after-liposuction,9,0,7
remedios caseros para la fibrosis despues de una lipo,/how-to-get-rid-of-fibrosis-after-lipo,9,0,58.7
revision liposuction timing wait 6 months 12 months plastic surgeon recommendation,/how-many-times-can-you-get-liposuction,9,0,2.7
swelling from lipo,/how-to-reduce-swelling-after-liposuction,9,0,22
what is lipo 360,/how-to-sleep-after-liposuction,9,0,2.9
what to eat after tummy tuck and lipo,/what-to-eat-after-liposuction,9,0,57.9
when to start lymphatic massage after lipo,/how-many-massages-after-lipo-360,9,0,14.6
2 weeks after liposuction photos,/how-to-sleep-after-liposuction,8,0,2
abdominal fibrosis after lipo,/how-to-get-rid-of-fibrosis-after-lipo,8,0,12.5
apres une liposuccion combien de temps pour dégonfler,/how-to-reduce-swelling-after-liposuction,8,0,2.1
arm lipo before and after,/how-old-do-you-have-to-be-to-get-liposuction,8,0,3
bbl lymphatic drainage massage near me,/how-many-massages-after-bbl,8,0,2
best board-certified surgeons for precision liposuction with minimal downtime in miami,/procedures/liposuction-miami,8,0,71.9
bruising from lipo,/how-to-get-rid-of-bruising-after-liposuction,8,0,9.5
chin lipo week by week,/how-long-does-it-take-to-recover-from-chin-lipo,8,0,1
corrective liposuction,/how-many-times-can-you-get-liposuction,8,0,1
cuanto tiempo se usa el foam despues de una lipo,/what-is-lipo-foam,8,0,1.9
does chin liposuction last,/how-long-does-it-take-to-recover-from-chin-lipo,8,0,11.6
does lipo 360 include bra fat,/what-areas-does-lipo-360-cover,8,0,8.1
evaluate mia aesthetics on lymphatic massage after liposuction,/when-to-start-lymphatic-massage-after-lipo,8,0,4.8
facial liposuction cost,/how-long-does-it-take-to-recover-from-chin-lipo,8,0,3
fat removal miami,/procedures/liposuction-miami,8,0,60.1
fat removal near me,/procedures/liposuction-miami,8,0,22.2
fibrosis after plastic surgery,/how-to-get-rid-of-fibrosis-after-lipo,8,0,13.5
fibrosis despues de liposuccion,/how-to-get-rid-of-fibrosis-after-lipo,8,0,70.1
fibrosis scar tissue,/how-to-get-rid-of-fibrosis-after-lipo,8,0,48.4
fluid pocket after lipo,/how-to-reduce-swelling-after-liposuction,8,0,4.6
foam post lipo,/what-is-lipo-foam,8,0,3.5
hard spots after lipo,/how-to-get-rid-of-fibrosis-after-lipo,8,0,44
how common is liposuction,/how-many-times-can-you-get-liposuction,8,0,57.8
how long is recovery from chin lipo,/how-long-does-it-take-to-recover-from-chin-lipo,8,0,5.2
how many lymphatic drainage massages after lipo,/how-many-massages-after-lipo-360,8,0,2.6
how much is lipo in miami,/blog/affordable-plastic-surgery-miami,8,0,20.4
how often can i get lymphatic drainage massage,/how-many-massages-after-lipo-360,8,0,1
how often to get a lymphatic drainage massage,/how-many-massages-after-lipo-360,8,0,1
how old do you have to be to get liposuction in the us,/how-old-do-you-have-to-be-to-get-liposuction,8,0,2
how soon after surgery can you get a lymphatic drainage massage,/when-to-start-lymphatic-massage-after-lipo,8,0,4.1
how to avoid fibrosis,/how-to-get-rid-of-fibrosis-after-lipo,8,0,1.6
how to fix fibrosis,/how-to-get-rid-of-fibrosis-after-lipo,8,0,13.6
how to self massage after lipo,/when-to-start-lymphatic-massage-after-lipo,8,0,37.5
inflammation after liposuction,/how-to-reduce-swelling-after-liposuction,8,0,1
is liposuction dangerous,/how-old-do-you-have-to-be-to-get-liposuction,8,0,2.8
is lymphatic massage necessary after lipo,/how-many-massages-after-lipo-360,8,0,5.5
lipo 360 drains,/how-many-massages-after-lipo-360,8,0,7.5
lipo foam 360,/what-is-lipo-foam,8,0,4.2
liposculpture near me,/procedures/liposuction-miami,8,0,25.8
liposuction 12 areas,/what-areas-does-lipo-360-cover,8,0,4.5
liposuction after wegovy,/blog/liposuction-recovery-ozempic-miami,8,0,26.9
liposuction center florida,/procedures/liposuction-miami,8,0,83.2
liposuction contour irregularities,/how-to-fix-uneven-liposuction,8,0,25
liposuction cost near me,/blog/affordable-plastic-surgery-miami,8,0,13.1
liposuction healing stages,/how-to-reduce-swelling-after-liposuction,8,0,1
liposuction in miami fl,/procedures/liposuction-miami,8,0,65.9
liposuction message,/when-to-start-lymphatic-massage-after-lipo,8,0,30.8
liposuction price in miami,/procedures/liposuction-miami,8,0,44.6
liposuction recovery time,/how-to-sleep-after-liposuction,8,0,2.6
liposuction under chin,/how-long-does-it-take-to-recover-from-chin-lipo,8,0,3
lymphatic drainage massage images,/how-many-massages-after-bbl,8,0,3
lymphatic drainage massage post surgery,/when-to-start-lymphatic-massage-after-lipo,8,0,2.5
massage for fibrosis,/how-to-get-rid-of-fibrosis-after-lipo,8,0,44.4
massage post liposuction,/when-to-start-lymphatic-massage-after-lipo,8,0,35
massage therapy after liposuction,/when-to-start-lymphatic-massage-after-lipo,8,0,43
miami liposuction cost,/procedures/liposuction-miami,8,0,50.2
minimum age for liposuction surgery,/how-old-do-you-have-to-be-to-get-liposuction,8,0,5.2
peer reviewed article revision liposuction timing 6 months,/how-many-times-can-you-get-liposuction,8,0,10
post op liposuction massage,/when-to-start-lymphatic-massage-after-lipo,8,0,40.1
post surgical lymphatic drainage,/how-many-massages-after-bbl,8,0,55.8
purpose of lipo foam,/what-is-lipo-foam,8,0,1.9
qué es fibrosis pulmonar,/how-to-get-rid-of-fibrosis-after-lipo,8,0,2.1
recovery process for liposuction,/how-to-reduce-swelling-after-liposuction,8,0,1
revision liposuction timing 6 months 12 months recommendation,/how-many-times-can-you-get-liposuction,8,0,2
secondary liposuction wait 9 months,/how-many-times-can-you-get-liposuction,8,0,3.6
submental liposuction swelling peaks 48 72 hours,/how-long-does-it-take-to-recover-from-chin-lipo,8,0,5.2
weight gain after liposuction pictures,/how-many-times-can-you-get-liposuction,8,0,2.5
what helps fibrosis,/how-to-get-rid-of-fibrosis-after-lipo,8,0,8.6
what is lipo 360,/how-old-do-you-have-to-be-to-get-liposuction,8,0,3
what is lipofoam,/what-is-lipo-foam,8,0,3.2
why massage after liposuction,/how-many-massages-after-lipo-360,8,0,41.8
american society of plastic surgeons revision liposuction wait months,/how-many-times-can-you-get-liposuction,7,0,2
arm liposuction,/how-many-times-can-you-get-liposuction,7,0,2.9
bra fat lipo before and after,/what-areas-does-lipo-360-cover,7,0,3
can you workout after liposuction,/how-long-after-lipo-can-i-workout,7,0,4.3
chin lipo long term effects,/how-long-does-it-take-to-recover-from-chin-lipo,7,0,9.6
chin lipo miami,/procedures/liposuction-miami,7,0,66.7
chin neck liposuction recovery,/how-long-does-it-take-to-recover-from-chin-lipo,7,0,61.7
do you have to get lymphatic massage after lipo,/how-many-massages-after-lipo-360,7,0,1.3
exercise after arm lipo,/how-long-after-lipo-can-i-workout,7,0,69.9
fibrosis after chin liposuction,/how-to-get-rid-of-fibrosis-after-lipo,7,0,20
fibrosis fat,/how-to-get-rid-of-fibrosis-after-lipo,7,0,2.7
fibrosis skin after liposuction,/how-to-get-rid-of-fibrosis-after-lipo,7,0,7.9
fibrosis treatment near me,/how-to-get-rid-of-fibrosis-after-lipo,7,0,12
how common is fibrosis after liposuction,/how-to-get-rid-of-fibrosis-after-lipo,7,0,8.7
how long after liposuction can i exercise,/how-long-after-lipo-can-i-workout,7,0,10.4
how many lymphatic drainage massages to see results,/when-to-start-lymphatic-massage-after-lipo,7,0,1
how many massages after lipo,/how-many-massages-after-bbl,7,0,6.4
how many times can i get lipo,/how-many-times-can-you-get-liposuction,7,0,8.6
how much does liposuction cost,/how-many-times-can-you-get-liposuction,7,0,3
how much is lipo 360,/how-many-times-can-you-get-liposuction,7,0,2.9
how much is liposuction miami,/procedures/liposuction-miami,7,0,52.1
how much is sono bello lipo 360,/what-areas-does-lipo-360-cover,7,0,1
how often can you do lymphatic drainage massage,/how-many-massages-after-lipo-360,7,0,1
how to do lymphatic drainage massage,/how-many-massages-after-bbl,7,0,2.7
how to do lymphatic massage after lipo,/when-to-start-lymphatic-massage-after-lipo,7,0,22.6
how to massage after liposuction,/how-many-massages-after-lipo-360,7,0,11.3
how to massage hard spots after lipo,/how-to-get-rid-of-fibrosis-after-lipo,7,0,9.9
is liposuction painful,/how-old-do-you-have-to-be-to-get-liposuction,7,0,3
leg swelling after liposuction,/how-to-reduce-swelling-after-liposuction,7,0,9.1
lipo 360 lymphatic massage,/when-to-start-lymphatic-massage-after-lipo,7,0,6.3
lipo areas,/what-areas-does-lipo-360-cover,7,0,39
lipo board,/how-to-sleep-after-liposuction,7,0,2.9
lipo complications,/how-to-fix-uneven-liposuction,7,0,1
lipo contour anti-swelling system,/how-to-reduce-swelling-after-liposuction,7,0,1.4
lipo foam and boards,/what-is-lipo-foam,7,0,26.4
lipo forme,/what-is-lipo-foam,7,0,3.1
lipo recovery,/how-long-after-lipo-can-i-workout,7,0,1
lipo recovery week by week,/how-to-reduce-itching-after-lipo,7,0,1
lipofibrosis,/how-to-get-rid-of-fibrosis-after-lipo,7,0,4.9
liposuccion south miami,/procedures/liposuction-miami,7,0,59.3
liposuction 360 areas,/what-areas-does-lipo-360-cover,7,0,23
liposuction chin recovery time,/how-long-does-it-take-to-recover-from-chin-lipo,7,0,35
liposuction drain,/when-to-start-lymphatic-massage-after-lipo,7,0,1
liposuction in miami cost,/procedures/liposuction-miami,7,0,61.1
liposuction recovery massage,/when-to-start-lymphatic-massage-after-lipo,7,0,27.6
lung fibrosis symptoms,/how-to-get-rid-of-fibrosis-after-lipo,7,0,2.7
lymphatic drainage massage techniques,/how-many-massages-after-bbl,7,0,3
lymphatic massage post liposuction,/how-many-massages-after-lipo-360,7,0,35.9
massage for lipo,/how-many-massages-after-lipo-360,7,0,14.4
massage post liposuction,/how-many-massages-after-lipo-360,7,0,1
my legs are extremely swollen after lipo,/how-to-reduce-swelling-after-liposuction,7,0,26.3
neck lipo bruising,/how-to-get-rid-of-bruising-after-liposuction,7,0,32.6
peer reviewed article secondary liposuction timing 6 months,/how-many-times-can-you-get-liposuction,7,0,9
personas que se curaron de fibrosis pulmonar,/how-to-get-rid-of-fibrosis-after-lipo,7,0,2.4
post liposuction bruising,/how-to-get-rid-of-bruising-after-liposuction,7,0,10.9
post surgical lymphatic massage,/when-to-start-lymphatic-massage-after-lipo,7,0,16.3
que es la fibrosis,/how-to-get-rid-of-fibrosis-after-lipo,7,0,2
qué es la fibrosis pulmonar,/how-to-get-rid-of-fibrosis-after-lipo,7,0,2.7
recovery time chin liposuction,/how-long-does-it-take-to-recover-from-chin-lipo,7,0,16.3
revision liposuction wait 6 months 12 months recommendation,/how-many-times-can-you-get-liposuction,7,0,2.7
skin discoloration after liposuction,/how-to-get-rid-of-bruising-after-liposuction,7,0,2.4
thin lipo foam,/what-is-lipo-foam,7,0,10.4
under chin lipo,/how-long-does-it-take-to-recover-from-chin-lipo,7,0,3.1
what does a lymphatic drainage massage do,/when-to-start-lymphatic-massage-after-lipo,7,0,1
what is chin lipo,/how-long-does-it-take-to-recover-from-chin-lipo,7,0,2.9
what to expect after chin liposuction,/how-long-does-it-take-to-recover-from-chin-lipo,7,0,27
when can i start cavitation after lipo,/how-many-massages-after-lipo-360,7,0,2.6
which factors affect chin liposuction recovery time and what should i expect during healing?,/how-long-does-it-take-to-recover-from-chin-lipo,7,0,10.6
working out after lipo 360,/how-long-after-lipo-can-i-workout,7,0,2.7
workout after lipo,/how-long-after-lipo-can-i-workout,7,0,20.6
360 lipo cost miami,/procedures/liposuction-miami,6,0,54
360 lipo foam,/what-is-lipo-foam,6,0,10
after lipo,/how-to-get-rid-of-fibrosis-after-lipo,6,0,1
after lipo massage near me,/when-to-start-lymphatic-massage-after-lipo,6,0,2.5
asps revision liposuction wait 6 months 1 year,/how-many-times-can-you-get-liposuction,6,0,2
best lipo in miami,/procedures/liposuction-miami,6,0,38.7
can you exercise after liposuction,/how-long-after-lipo-can-i-workout,6,0,3
can you get rid of fibrosis,/how-to-get-rid-of-fibrosis-after-lipo,6,0,5.7
can you lay on your stomach after lipo 360,/how-to-sleep-after-liposuction,6,0,10.2
chin lipo price,/how-long-does-it-take-to-recover-from-chin-lipo,6,0,3
chin liposuction downtime,/how-long-does-it-take-to-recover-from-chin-lipo,6,0,1
como drenar más rápido después de una liposucción,/how-to-reduce-swelling-after-liposuction,6,0,2.8
como quitar la fibrosis del abdomen en casa,/how-to-get-rid-of-fibrosis-after-lipo,6,0,13.8
complications of liposuction,/how-to-fix-uneven-liposuction,6,0,1
cost of liposuction miami,/blog/affordable-plastic-surgery-miami,6,0,21.3
does chin lipo last forever,/how-long-does-it-take-to-recover-from-chin-lipo,6,0,32
does fibrosis go away,/how-to-get-rid-of-fibrosis-after-lipo,6,0,36.7
does liposuction hurt,/how-old-do-you-have-to-be-to-get-liposuction,6,0,2.8
does liposuction work,/how-old-do-you-have-to-be-to-get-liposuction,6,0,3
drainage massage after lipo,/how-many-massages-after-lipo-360,6,0,6.3
face lipo recovery,/how-long-does-it-take-to-recover-from-chin-lipo,6,0,33.2
facial liposuction recovery,/how-long-does-it-take-to-recover-from-chin-lipo,6,0,33.3
fat fibrosis,/how-to-get-rid-of-fibrosis-after-lipo,6,0,35.7
fat removal surgery,/how-many-times-can-you-get-liposuction,6,0,3
fibrose post liposuccion,/how-to-get-rid-of-fibrosis-after-lipo,6,0,2.2
fibrosis abdomen lipo,/how-to-get-rid-of-fibrosis-after-lipo,6,0,10
fibrosis cream,/how-to-get-rid-of-fibrosis-after-lipo,6,0,3
fibrosis despues de una lipo,/how-to-get-rid-of-fibrosis-after-lipo,6,0,45.8
fibrosis en liposuccion,/how-to-get-rid-of-fibrosis-after-lipo,6,0,52.2
healing process of liposuction,/how-to-reduce-swelling-after-liposuction,6,0,1
how do you get fibrosis after lipo,/how-to-get-rid-of-fibrosis-after-lipo,6,0,3.3
how long do you need lymphatic massages after liposuction,/when-to-start-lymphatic-massage-after-lipo,6,0,1
how long should i wear foams and boards after lipo,/what-is-lipo-foam,6,0,9.7
how many areas is lipo 360,/what-areas-does-lipo-360-cover,6,0,9
how many lymphatic massages after tummy tuck and bbl,/how-many-massages-after-lipo-360,6,0,8.8
how many massages should you get after lipo 360,/when-to-start-lymphatic-massage-after-lipo,6,0,1
how many post op massages after lipo,/when-to-start-lymphatic-massage-after-lipo,6,0,1
how much does lymphatic massage after liposuction typically cost and what does a session involve?,/when-to-start-lymphatic-massage-after-lipo,6,0,2.8
how often can i do lymphatic drainage massage,/how-many-massages-after-lipo-360,6,0,1
how often can i get a lymphatic drainage massage,/how-many-massages-after-lipo-360,6,0,1
how often can you do lymphatic massage,/how-many-massages-after-lipo-360,6,0,1
how often should you have a lymphatic drainage massage,/how-many-massages-after-lipo-360,6,0,1
how safe is liposuction,/how-old-do-you-have-to-be-to-get-liposuction,6,0,3
how to choose a post-liposuction lymphatic massage plan for optimal swelling reduction?,/how-many-massages-after-lipo-360,6,0,3.2
how to get rid of fibrosis after lipo 360,/how-to-get-rid-of-fibrosis-after-lipo,6,0,4.5
lipo 360 what is it,/what-areas-does-lipo-360-cover,6,0,3
lipo care order cancellation policy,/how-many-times-can-you-get-liposuction,6,0,2
lipo fibrosis before and after,/how-to-get-rid-of-fibrosis-after-lipo,6,0,20.2
lipo foam after liposuction,/what-is-lipo-foam,6,0,2.5
lipo foam wrap,/what-is-lipo-foam,6,0,12.7
lipo recovery stages,/how-to-reduce-swelling-after-liposuction,6,0,1
lipo swelling week by week,/how-to-reduce-swelling-after-liposuction,6,0,32.3
lipodissolve swelling,/how-to-reduce-swelling-after-liposuction,6,0,57
liposculpture miami cost,/blog/affordable-plastic-surgery-miami,6,0,9.5
liposuction 360,/what-areas-does-lipo-360-cover,6,0,2.5
liposuction dents,/how-to-fix-uneven-liposuction,6,0,6.3
liposuction dents in stomach,/how-to-fix-uneven-liposuction,6,0,5.7
liposuction fails,/how-to-fix-uneven-liposuction,6,0,27.7
liposuction florida cost,/procedures/liposuction-miami,6,0,79.7
liposuction healing timeline,/how-long-does-it-take-to-recover-from-chin-lipo,6,0,18.7
liposuction irregularities correction miami,/how-to-fix-uneven-liposuction,6,0,3.5
liposuction lymphatic drainage massage,/how-many-massages-after-lipo-360,6,0,1.2
liposuction plantation,/procedures/liposuction-miami,6,0,78.5
liposuction prices miami,/procedures/liposuction-miami,6,0,55.3
liposuction sunny isles beach,/procedures/liposuction-miami,6,0,73.5
lymph massage after liposuction,/when-to-start-lymphatic-massage-after-lipo,6,0,35.2
lymphatic drainage ankles,/how-to-reduce-swelling-after-liposuction,6,0,2.2
lymphatic drainage buttocks,/how-many-massages-after-bbl,6,0,20.3
lymphatic drainage massage at home,/how-many-massages-after-bbl,6,0,2.8
lymphatic drainage massage liposuction,/when-to-start-lymphatic-massage-after-lipo,6,0,29
lymphatic drainage self massage,/how-many-massages-after-bbl,6,0,3
marena breathable lipo foam 3-pack () reviews,/what-is-lipo-foam,6,0,2.2
massage liposuction,/when-to-start-lymphatic-massage-after-lipo,6,0,13.7
massages post lipo,/how-many-massages-after-lipo-360,6,0,6.7
my skin become bumpy after i had liposuction.,/how-to-reduce-itching-after-lipo,6,0,15.8
post op faja stage 1,/what-is-lipo-foam,6,0,1
post op lipo lymphatic drainage massage,/when-to-start-lymphatic-massage-after-lipo,6,0,13.8
post op lymphatic massage,/when-to-start-lymphatic-massage-after-lipo,6,0,23.8
post surgery lymphatic drainage massage,/when-to-start-lymphatic-massage-after-lipo,6,0,2
post-lipo lymphatic massage,/how-many-massages-after-lipo-360,6,0,25.3
que es la fibrosis pulmonar,/how-to-get-rid-of-fibrosis-after-lipo,6,0,2.2
recovery chin liposuction,/how-long-does-it-take-to-recover-from-chin-lipo,6,0,12.2
recovery from liposuction,/how-long-after-lipo-can-i-workout,6,0,1
submental liposuction miami,/procedures/liposuction-miami,6,0,76.8
swelling post liposuction,/how-to-reduce-swelling-after-liposuction,6,0,17.2
the aesthetic society revision liposuction wait 6 months,/how-many-times-can-you-get-liposuction,6,0,8.8
under chin lipo before and after,/how-long-does-it-take-to-recover-from-chin-lipo,6,0,3
what areas are lipo 360,/what-areas-does-lipo-360-cover,6,0,4.5
what to eat after liposuction recovery,/what-to-eat-after-liposuction,6,0,4.3
why am i still swollen after lipo,/how-to-reduce-swelling-after-liposuction,6,0,17.7
will fibrosis go away,/how-to-get-rid-of-fibrosis-after-lipo,6,0,35.7
2 weeks after liposuction photos,/how-many-times-can-you-get-liposuction,5,0,2
360 lipo before and after,/how-many-times-can-you-get-liposuction,5,0,2.8
ab board lipo,/how-to-sleep-after-liposuction,5,1,2.4
adipose tissue fibrosis treatment,/how-to-get-rid-of-fibrosis-after-lipo,5,0,1.4
aesthetic surgery journal secondary liposuction timing,/how-many-times-can-you-get-liposuction,5,0,5.4
"after using ozempic, i have some loose skin and fat pockets. is liposuction a good option for me to tighten up these areas",/blog/liposuction-recovery-ozempic-miami,5,0,3.2
american lipo centers,/procedures/liposuction-miami,5,0,64.6
american society of plastic surgeons liposuction revision wait 6 months,/how-many-times-can-you-get-liposuction,5,0,2
arm lipo cost miami,/procedures/liposuction-miami,5,0,69.4
bbl lipo 360 12 areas,/what-areas-does-lipo-360-cover,5,0,5.8
before and after chin lipo,/how-long-does-it-take-to-recover-from-chin-lipo,5,0,2.2
before%2band%2bafter%2blymphatic%2bdrainage%2bmassage,/how-many-massages-after-bbl,5,0,24
benefits of liposuction,/how-old-do-you-have-to-be-to-get-liposuction,5,0,2.6
best methods for post liposuction massage,/how-many-massages-after-lipo-360,5,0,13
body contouring cost miami,/blog/affordable-plastic-surgery-miami,5,0,10.4
body sculpting miami,/procedures/liposuction-miami,5,0,76
bra line lipo,/what-areas-does-lipo-360-cover,5,0,3
breast augmentation and lipo,/blog/liposuction-vs-breast-augmentation-miami,5,0,28
buccal fat removal,/how-old-do-you-have-to-be-to-get-liposuction,5,0,3
can liposuction go wrong,/how-to-fix-uneven-liposuction,5,0,68.6
can you get two lymphatic drainage massages in a week,/how-many-massages-after-lipo-360,5,0,11
chin lipo 3 weeks post op,/how-long-does-it-take-to-recover-from-chin-lipo,5,0,7
chin lipo day 3,/how-long-does-it-take-to-recover-from-chin-lipo,5,0,9.6
chin lipo miami cost,/procedures/liposuction-miami,5,0,52.2
chin liposuction after 2 weeks,/how-long-does-it-take-to-recover-from-chin-lipo,5,0,27.6
chin liposuction recovery swelling,/how-long-does-it-take-to-recover-from-chin-lipo,5,0,29.8
complications of liposuction surgery,/how-to-fix-uneven-liposuction,5,0,1
cuanto tiempo se usa la tabla abdominal después de una lipo,/what-is-lipo-foam,5,0,3
cuantos masajes post operatorios de liposuccion,/how-many-massages-after-lipo-360,5,0,3.2
double chin liposuction recovery time,/how-long-does-it-take-to-recover-from-chin-lipo,5,0,53.4
drainage after liposuction,/how-to-reduce-swelling-after-liposuction,5,0,67.2
drainage massage after lipo,/when-to-start-lymphatic-massage-after-lipo,5,0,14.8
durée des bleus après liposuccion,/how-to-get-rid-of-bruising-after-liposuction,5,1,2.2
espuma para pegar la piel después de una lipo,/what-is-lipo-foam,5,0,2.8
face lipo before and after,/how-long-does-it-take-to-recover-from-chin-lipo,5,0,2.4
facial liposuction recovery time,/how-long-does-it-take-to-recover-from-chin-lipo,5,0,4.8
fibrosis after liposuction scar tissue softens over months,/how-to-get-rid-of-fibrosis-after-lipo,5,0,11.2
fibrosis in arms after lipo,/how-to-get-rid-of-fibrosis-after-lipo,5,0,9.4
fibrosis of the liver,/how-to-get-rid-of-fibrosis-after-lipo,5,0,2.8
fibrosis por lipo,/how-to-get-rid-of-fibrosis-after-lipo,5,0,14
foam para lipo,/what-is-lipo-foam,5,0,7.8
foods to eat after lipo 360,/what-to-eat-after-liposuction,5,0,11.8
high definition liposuction coral gables,/procedures/liposuction-miami,5,0,81.2
high definition liposuction south miami,/procedures/liposuction-miami,5,0,70.6
home remedies for liposuction,/how-to-reduce-swelling-after-liposuction,5,0,27.4
how long after chin lipo can i sleep on my side,/how-long-does-it-take-to-recover-from-chin-lipo,5,0,17.6
how long do you have to get lymphatic massage after lipo,/how-many-massages-after-lipo-360,5,0,4.4
how long does it take to recover from liposuction,/how-old-do-you-have-to-be-to-get-liposuction,5,0,2.8
how long does lymphatic drainage massage results last,/how-many-massages-after-lipo-360,5,0,2.8
how long to wait before revision liposuction 6 months 12 months recommendation,/how-many-times-can-you-get-liposuction,5,0,2.4
how many laser lipo treatments are needed,/how-many-times-can-you-get-liposuction,5,0,84.6
how many lymphatic massages after tummy tuck and lipo,/when-to-start-lymphatic-massage-after-lipo,5,0,12.6
how many lymphatic massages should i get,/how-many-massages-after-lipo-360,5,0,3
how many lymphatic massages to see results,/when-to-start-lymphatic-massage-after-lipo,5,1,1
how much is liposuction,/how-many-times-can-you-get-liposuction,5,0,2.8
how often do you do lymphatic drainage massage,/how-many-massages-after-lipo-360,5,0,1
how often for lymphatic drainage massage,/how-many-massages-after-lipo-360,5,0,1
how often should you get lymphatic drainage massage after tummy tuck,/how-many-massages-after-lipo-360,5,0,20
how often to do a lymphatic drainage massage,/how-many-massages-after-lipo-360,5,0,1
is liposuction permanent,/how-old-do-you-have-to-be-to-get-liposuction,5,0,2.6
jeuk na liposuctie,/how-to-reduce-itching-after-lipo,5,0,6.4
lipo 12 areas,/what-areas-does-lipo-360-cover,5,0,7.2
lipo 360 cost,/how-many-times-can-you-get-liposuction,5,0,2.8
lipo 360 foam,/what-is-lipo-foam,5,0,3.2
lipo 360 massage near me,/when-to-start-lymphatic-massage-after-lipo,5,0,2.2
lipo 360 recovery time,/how-to-sleep-after-liposuction,5,0,3.2
lipo compression garment,/how-to-sleep-after-liposuction,5,0,2.2
lipo drainage,/how-many-massages-after-lipo-360,5,0,30.8
lipo foam for loose skin,/what-is-lipo-foam,5,0,1
lipo in miami,/blog/affordable-plastic-surgery-miami,5,0,2
lipo massage near me,/when-to-start-lymphatic-massage-after-lipo,5,0,2.8
lipo options,/how-to-fix-uneven-liposuction,5,0,55.4
liposuccion age,/how-old-do-you-have-to-be-to-get-liposuction,5,0,30.8
liposuction,/how-to-get-rid-of-fibrosis-after-lipo,5,0,2.6
liposuction bad,/how-to-fix-uneven-liposuction,5,0,1
liposuction bruising timeline,/how-to-get-rid-of-bruising-after-liposuction,5,0,6.6
liposuction correction,/how-many-times-can-you-get-liposuction,5,0,1
liposuction exercise after,/how-long-after-lipo-can-i-workout,5,0,42.6
liposuction fl,/procedures/liposuction-miami,5,0,82.8
liposuction foam boards,/what-is-lipo-foam,5,0,2.6
liposuction lymphatic drainage massage,/when-to-start-lymphatic-massage-after-lipo,5,0,27.4
liposuction massage post op,/when-to-start-lymphatic-massage-after-lipo,5,0,35.2
liposuction miami,/blog/affordable-plastic-surgery-miami,5,0,2
liposuction price,/how-old-do-you-have-to-be-to-get-liposuction,5,0,3.2
liposuction recovery exercise timeline,/how-long-after-lipo-can-i-workout,5,0,8.4
liposuction side effects,/how-old-do-you-have-to-be-to-get-liposuction,5,0,2.8
liposuction surgery,/how-old-do-you-have-to-be-to-get-liposuction,5,0,3
liposuction under chin cost,/how-long-does-it-take-to-recover-from-chin-lipo,5,0,3
liposuktion sport wann wieder,/how-long-after-lipo-can-i-workout,5,0,98.2
liver fibrosis treatment,/how-to-get-rid-of-fibrosis-after-lipo,5,0,2.6
lung fibrosis meaning,/how-to-get-rid-of-fibrosis-after-lipo,5,0,2.8
lymphatic drainage massage chart,/how-many-massages-after-bbl,5,0,2.2
lymphatic drainage massage near me,/how-many-massages-after-bbl,5,0,2.6
lymphatic drainage massage on legs,/how-many-massages-after-bbl,5,0,3
lymphatic drainage what is it,/when-to-start-lymphatic-massage-after-lipo,5,0,1
lymphatic massage,/how-many-massages-after-lipo-360,5,0,6.6
lymphatic massage after facelift,/when-to-start-lymphatic-massage-after-lipo,5,0,3.6
lymphatic massage benefits,/how-many-massages-after-lipo-360,5,0,2.2
masajes post liposucción,/how-many-massages-after-lipo-360,5,0,2.8
massage na liposuctie,/how-many-massages-after-lipo-360,5,0,2.4
massage post lipo,/when-to-start-lymphatic-massage-after-lipo,5,0,33
massages post lipo,/when-to-start-lymphatic-massage-after-lipo,5,0,14.8
miami liposuction,/blog/affordable-plastic-surgery-miami,5,0,2
neck liposuction bruising,/how-to-get-rid-of-bruising-after-liposuction,5,0,59.4
nhs liposuction recovery compression garment swelling bruising,/how-to-get-rid-of-bruising-after-liposuction,5,0,9.8
pictures of fibrosis after tummy tuck,/how-to-get-rid-of-fibrosis-after-lipo,5,2,9.8
post lipo massage near me,/how-many-massages-after-lipo-360,5,0,2.8
post lipo massage near me,/when-to-start-lymphatic-massage-after-lipo,5,0,3
post liposuction indentation treatment fat grafting subcision scar release,/how-to-fix-uneven-liposuction,5,0,3.2
pubmed secondary liposuction revision timing 6 months,/how-many-times-can-you-get-liposuction,5,0,6
recovery chin lipo,/how-long-does-it-take-to-recover-from-chin-lipo,5,0,16
reduce swelling after lipo,/how-to-reduce-swelling-after-liposuction,5,0,18.8
remedios caseros para desinflamar después de una liposucción,/how-to-reduce-swelling-after-liposuction,5,0,3
revision liposuction how long to wait 6 months 12 months plastic surgeons recommend,/how-many-times-can-you-get-liposuction,5,0,9.4
revision liposuction timing 6 months 12 months recommended wait,/how-many-times-can-you-get-liposuction,5,0,2
side effects of liposuction,/how-many-times-can-you-get-liposuction,5,0,2.6
signos de alarma después de una liposucción,/how-to-get-rid-of-fibrosis-after-lipo,5,0,2.8
sleeping without compression garment after tummy tuck,/how-to-sleep-after-liposuction,5,0,38.4
stomach lipo bruising,/how-to-get-rid-of-bruising-after-liposuction,5,0,8.4
typical recovery time chin liposuction,/how-long-does-it-take-to-recover-from-chin-lipo,5,0,14.8
under chin liposuction recovery,/how-long-does-it-take-to-recover-from-chin-lipo,5,0,43.8
vaser liposuction,/how-many-times-can-you-get-liposuction,5,0,3
was essen nach liposuktion,/what-to-eat-after-liposuction,5,0,80
what are the side effects of liposuction,/how-many-times-can-you-get-liposuction,5,0,2.6
what is fibrosis after a tummy tuck,/how-to-get-rid-of-fibrosis-after-lipo,5,0,4.2
what is fibrosis in the stomach,/how-to-get-rid-of-fibrosis-after-lipo,5,0,2.2
what is fibrosis of the skin,/how-to-get-rid-of-fibrosis-after-lipo,5,0,2
what is lymphatic massage after lipo,/when-to-start-lymphatic-massage-after-lipo,5,0,30.6
what should be included in a comprehensive post-liposuction lymphatic massage program at a surgical center?,/when-to-start-lymphatic-massage-after-lipo,5,0,1
when can i resume sports like golf after liposuction 3 weeks,/how-long-after-lipo-can-i-workout,5,0,10.8
where to schedule lymphatic massage after liposuction near me and what should i know beforehand?,/when-to-start-lymphatic-massage-after-lipo,5,0,2
why do you need massages after lipo,/when-to-start-lymphatic-massage-after-lipo,5,0,1
zone liposuccion,/what-areas-does-lipo-360-cover,5,0,33.2
1 weeks after liposuction photos,/how-to-sleep-after-liposuction,4,0,2
360 liposuction,/what-areas-does-lipo-360-cover,4,0,3
abdominal liposuction bruising,/how-to-get-rid-of-bruising-after-liposuction,4,0,2.2
abdominal liposuction miami,/procedures/liposuction-miami,4,0,66.2
aesthetic society revision liposuction timing,/how-many-times-can-you-get-liposuction,4,0,4.5
aesthetic society revision liposuction wait 6 months,/how-many-times-can-you-get-liposuction,4,0,6.5
aesthetic surgery journal secondary liposuction revision timing,/how-many-times-can-you-get-liposuction,4,0,2.8
after lipo 360 12 areas,/what-areas-does-lipo-360-cover,4,0,9.2
after lipo massage near me,/how-many-massages-after-lipo-360,4,0,2.2
after liposuction can fat come back,/how-many-times-can-you-get-liposuction,4,0,2.5
after liposuction when can i exercise,/how-long-after-lipo-can-i-workout,4,0,10.5
all inclusive liposuction packages,/procedures/liposuction-miami,4,0,89.5
american society of plastic surgeons liposuction recovery diet sodium swelling,/how-to-reduce-swelling-after-liposuction,4,0,2.5
american society of plastic surgeons revision liposuction how long wait,/how-many-times-can-you-get-liposuction,4,0,2
american society of plastic surgeons revision liposuction timing wait 6 months,/how-many-times-can-you-get-liposuction,4,0,2.5
american society of plastic surgeons wait 6 months before revision liposuction,/how-many-times-can-you-get-liposuction,4,0,2
are there specific post-liposuction care recommendations for individuals who have undergone significant weight reduction from glp-1 medications,/blog/liposuction-recovery-ozempic-miami,4,0,2
arm liposuction cost,/how-many-times-can-you-get-liposuction,4,0,3
asps liposuction average cost 2024,/blog/affordable-plastic-surgery-miami,4,0,8.8
asps liposuction revision timing,/how-many-times-can-you-get-liposuction,4,0,3.8
asps revision liposuction how long to wait 6 months,/how-many-times-can-you-get-liposuction,4,0,2.2
back lipo before and after,/what-areas-does-lipo-360-cover,4,0,1
back liposuction,/what-areas-does-lipo-360-cover,4,0,1
belly fat removal surgery cost,/how-many-times-can-you-get-liposuction,4,0,2.8
body contouring massage frequency every other day recommended,/how-many-massages-after-lipo-360,4,0,9.5
botched bad liposuction,/how-to-fix-uneven-liposuction,4,0,32.5
bra roll liposuction,/what-areas-does-lipo-360-cover,4,0,2.8
can you do liposuction more than once,/how-many-times-can-you-get-liposuction,4,0,3
cellulite and lymphatic drainage,/when-to-start-lymphatic-massage-after-lipo,4,0,1
chin lipo,/how-many-times-can-you-get-liposuction,4,0,3
como quitar la fibrosis del abdomen,/how-to-get-rid-of-fibrosis-after-lipo,4,0,54
coolsculpting gone wrong pictures before and after,/how-to-fix-uneven-liposuction,4,0,1.5
cost of liposuction in miami,/procedures/liposuction-miami,4,0,58.2
cuanto cuesta una lipo en miami,/procedures/liposuction-miami,4,0,63.8
cuanto tiempo debo usar las tablas despues de una lipo,/what-is-lipo-foam,4,0,3
cuanto vale una lipo en miami,/procedures/liposuction-miami,4,0,59.8
discharge lipo,/when-to-start-lymphatic-massage-after-lipo,4,0,1
does fat grow back after liposuction,/how-many-times-can-you-get-liposuction,4,0,2.2
does liposuction cause scar tissue,/how-to-get-rid-of-fibrosis-after-lipo,4,0,1.5
does liposuction hurt,/how-to-sleep-after-liposuction,4,0,2.2
does liposuction leave scars,/how-old-do-you-have-to-be-to-get-liposuction,4,0,2.8
does liposuction work,/how-many-times-can-you-get-liposuction,4,0,3
evaluate airsculpt on postpartum lymphatic massage,/how-many-massages-after-lipo-360,4,0,5.5
face liposuction before and after,/how-long-does-it-take-to-recover-from-chin-lipo,4,0,3
facial lipo,/how-long-does-it-take-to-recover-from-chin-lipo,4,0,2.5
fibrosis abdominal post liposuction,/how-to-get-rid-of-fibrosis-after-lipo,4,0,3.8
fibrosis despues de lipo,/how-to-get-rid-of-fibrosis-after-lipo,4,0,50.8
fibrosis in stomach meaning,/how-to-get-rid-of-fibrosis-after-lipo,4,0,2.5
fibrosis in the stomach,/how-to-get-rid-of-fibrosis-after-lipo,4,0,45.5
fibrosis lungs,/how-to-get-rid-of-fibrosis-after-lipo,4,0,2.8
fibrosis of liver,/how-to-get-rid-of-fibrosis-after-lipo,4,0,3
fibrosis stomach,/how-to-get-rid-of-fibrosis-after-lipo,4,0,67.2
hard lump after liposuction,/how-to-get-rid-of-fibrosis-after-lipo,4,0,56.2
how does liposuction work,/how-many-times-can-you-get-liposuction,4,0,2.8
how long after lipo should you get lymphatic massage,/how-many-massages-after-lipo-360,4,0,4.2
how long are lymphatic massages,/when-to-start-lymphatic-massage-after-lipo,4,0,6.5
how long does it take for lymphatic drainage drops to work,/when-to-start-lymphatic-massage-after-lipo,4,0,1
how long does it take for swelling to go down after lipo,/how-to-reduce-swelling-after-liposuction,4,0,1
how long does swelling from lipo last,/how-to-reduce-swelling-after-liposuction,4,0,1
how long is a lymphatic drainage massage,/how-many-massages-after-lipo-360,4,0,1
how long is recovery from liposuction,/how-old-do-you-have-to-be-to-get-liposuction,4,0,3
how many lymphatic drainage massage after liposuction,/how-many-massages-after-lipo-360,4,0,1
how many lymphatic drainage massage after liposuction,/when-to-start-lymphatic-massage-after-lipo,4,0,1
how many lymphatic drainage massages to see results,/how-many-massages-after-lipo-360,4,0,1
how many massages do you need after lipo,/when-to-start-lymphatic-massage-after-lipo,4,0,1
how much does lipo 360 cost,/what-areas-does-lipo-360-cover,4,0,3
how much fat can liposuction remove at one time,/how-many-times-can-you-get-liposuction,4,0,1
how much is liposuction,/how-to-sleep-after-liposuction,4,0,2
how much liposuction can you get,/how-many-times-can-you-get-liposuction,4,0,12.5
how often can you do a lymphatic drainage massage,/how-many-massages-after-lipo-360,4,0,1
how often should lymphatic drainage massage be done,/how-many-massages-after-lipo-360,4,0,1
how to do lymphatic massage,/how-many-massages-after-bbl,4,0,3
how to get rid of fibrosis after bbl,/how-to-get-rid-of-fibrosis-after-lipo,4,0,8
how to improve lymphatic drainage in legs,/how-to-reduce-swelling-after-liposuction,4,0,2
how to reverse fibrosis of the liver,/how-to-get-rid-of-fibrosis-after-lipo,4,0,2.5
how to stop burning sensation after liposuction,/how-to-reduce-itching-after-lipo,4,0,61
how to stop fibrosis,/how-to-get-rid-of-fibrosis-after-lipo,4,0,2
is chin lipo permanent,/how-long-does-it-take-to-recover-from-chin-lipo,4,0,3
is lipo 360 dangerous,/how-many-times-can-you-get-liposuction,4,0,3
laser lipo recovery timeline when can i workout,/how-long-after-lipo-can-i-workout,4,0,8
laser lipolysis postoperative lymphatic drainage recommended,/how-many-massages-after-lipo-360,4,0,2.8
lipo,/when-to-start-lymphatic-massage-after-lipo,4,0,2.8
lipo 360,/how-to-reduce-itching-after-lipo,4,0,2.8
lipo 360,/what-is-lipo-foam,4,0,1
lipo 360,/when-to-start-lymphatic-massage-after-lipo,4,0,1.8
lipo 360 area,/what-areas-does-lipo-360-cover,4,0,3.5
lipo 360 back,/what-areas-does-lipo-360-cover,4,0,3
lipo 360 before and after,/what-areas-does-lipo-360-cover,4,0,2.2
lipo 360 cost,/how-old-do-you-have-to-be-to-get-liposuction,4,0,3
lipo 360 recovery time,/how-many-times-can-you-get-liposuction,4,0,3.2
lipo 360 what areas are included,/what-areas-does-lipo-360-cover,4,0,8.5
lipo 360 what does it include,/what-areas-does-lipo-360-cover,4,0,1.2
lipo boards,/what-is-lipo-foam,4,0,1
lipo chin recovery,/how-long-does-it-take-to-recover-from-chin-lipo,4,0,18.5
lipo en miami,/procedures/liposuction-miami,4,0,68
lipo foam boards near me,/what-is-lipo-foam,4,0,3.2
lipo foam pads post surgery,/what-is-lipo-foam,4,0,8.2
lipo in miami cost,/blog/affordable-plastic-surgery-miami,4,0,30.2
lipo plastic,/what-is-lipo-foam,4,0,22.2
lipo recovery massage,/how-many-massages-after-lipo-360,4,0,15.2
lipo recovery process,/how-to-reduce-swelling-after-liposuction,4,0,1
lipo revision,/how-many-times-can-you-get-liposuction,4,0,2
lipo swelling timeline,/how-long-does-it-take-to-recover-from-chin-lipo,4,0,1.5
lipo.foam,/what-is-lipo-foam,4,0,1
lipo360,/how-many-times-can-you-get-liposuction,4,0,3
lipofom,/what-is-lipo-foam,4,0,3.2
lipoplasty near me,/procedures/liposuction-miami,4,0,45
liposuction,/when-to-start-lymphatic-massage-after-lipo,4,0,1
liposuction before and after,/how-old-do-you-have-to-be-to-get-liposuction,4,0,2.8
liposuction botched,/how-to-fix-uneven-liposuction,4,0,2.2
liposuction compression foam,/what-is-lipo-foam,4,0,1
liposuction cost,/how-to-sleep-after-liposuction,4,0,2.5
liposuction downtime,/how-old-do-you-have-to-be-to-get-liposuction,4,0,3
liposuction irregularities correction miami,/procedures/liposuction-miami,4,0,72.8
liposuction lymphatic drainage,/when-to-start-lymphatic-massage-after-lipo,4,0,1
liposuction meaning,/how-to-sleep-after-liposuction,4,0,2.5
liposuction permanent,/how-many-times-can-you-get-liposuction,4,0,2.2
liposuction recovery day by day,/how-to-sleep-after-liposuction,4,0,3.2
liposuction recovery massage,/how-many-massages-after-lipo-360,4,0,1
liposuction requirements,/how-old-do-you-have-to-be-to-get-liposuction,4,0,62.8
liposuction side effects long-term,/how-many-times-can-you-get-liposuction,4,0,3
liposuction surgery,/how-to-sleep-after-liposuction,4,0,3
liver fibrosis symptoms,/how-to-get-rid-of-fibrosis-after-lipo,4,0,2.8
lumps after liposuction,/how-to-get-rid-of-fibrosis-after-lipo,4,0,52.8
lumps years after liposuction,/how-to-get-rid-of-fibrosis-after-lipo,4,1,2
lymphatic drainage after laser lipolysis recommended,/when-to-start-lymphatic-massage-after-lipo,4,0,2.5
lymphatic drainage massage for liposuction,/how-many-massages-after-lipo-360,4,0,1
lymphatic massage techniques,/how-many-massages-after-bbl,4,0,2.2
lymphatic massages after liposuction,/how-many-massages-after-lipo-360,4,0,30
masajes despues de lipo,/how-many-massages-after-lipo-360,4,0,1.8
massage lipo,/how-many-massages-after-lipo-360,4,0,10
medical grade lipo foam,/what-is-lipo-foam,4,0,7.8
miami lipo 360 cost,/blog/affordable-plastic-surgery-miami,4,0,46.5
miami lipo 360 cost,/procedures/liposuction-miami,4,0,63.8
miami liposuction deal,/blog/affordable-plastic-surgery-miami,4,0,42.5
nhs liposuction recovery exercise weeks,/how-long-after-lipo-can-i-workout,4,0,2.8
peer reviewed article revision liposuction timing 6 months 12 months,/how-many-times-can-you-get-liposuction,4,0,10
peer reviewed article timing of revision liposuction 6 months 12 months,/how-many-times-can-you-get-liposuction,4,0,4.8
pictures of loose skin after liposuction,/how-many-times-can-you-get-liposuction,4,0,2.8
post lipo,/how-many-massages-after-lipo-360,4,0,1.2
post surgery fibrosis,/how-to-get-rid-of-fibrosis-after-lipo,4,0,37.2
post surgery lymphatic drainage massage,/how-many-massages-after-lipo-360,4,0,2
pulmonary fibrosis treatment,/how-to-get-rid-of-fibrosis-after-lipo,4,0,2.8
que es fibrosis,/how-to-get-rid-of-fibrosis-after-lipo,4,0,2
que pasa si me queda líquido después de una lipo,/how-to-reduce-swelling-after-liposuction,4,0,2.8
recovery chin liposuction bruising,/how-to-get-rid-of-bruising-after-liposuction,4,0,7.5
recovery from chin lipo,/how-long-does-it-take-to-recover-from-chin-lipo,4,0,17.2
rejuve & care after lipo therapy lymphatic drainage specialist,/when-to-start-lymphatic-massage-after-lipo,4,0,61
revision liposuction,/how-many-times-can-you-get-liposuction,4,0,1.5
running after liposuction,/how-long-after-lipo-can-i-workout,4,0,52
skin fibrosis,/how-to-get-rid-of-fibrosis-after-lipo,4,0,3
skin lipo,/how-to-fix-uneven-liposuction,4,0,4
sleeping without compression garment after lipo,/how-to-reduce-swelling-after-liposuction,4,0,3
stages of liposuction recovery,/how-to-reduce-swelling-after-liposuction,4,0,1
submental liposuction,/how-long-does-it-take-to-recover-from-chin-lipo,4,0,4
submental liposuction recovery timeline,/how-long-does-it-take-to-recover-from-chin-lipo,4,0,12.5
vaser lipo hd north miami beach,/procedures/liposuction-miami,4,0,70.8
vaser liposuction,/how-to-sleep-after-liposuction,4,0,2.5
what are lipo foam boards for,/what-is-lipo-foam,4,0,9
what are lymphatic massages,/how-many-massages-after-lipo-360,4,0,2
what areas does 360 lipo cover,/what-areas-does-lipo-360-cover,4,0,3.5
what does a lipo 360 consist of,/what-areas-does-lipo-360-cover,4,0,10
what does fibrosis look like after lipo,/how-to-get-rid-of-fibrosis-after-lipo,4,0,2.2
what does fibrosis mean,/how-to-get-rid-of-fibrosis-after-lipo,4,0,2
what is 360 lipo,/what-areas-does-lipo-360-cover,4,0,35.8
what is chin liposuction,/how-long-does-it-take-to-recover-from-chin-lipo,4,0,2
what is dermal fibrosis,/how-to-get-rid-of-fibrosis-after-lipo,4,0,2
what is fibrosis of the lungs,/how-to-get-rid-of-fibrosis-after-lipo,4,0,2.8
what is liver fibrosis,/how-to-get-rid-of-fibrosis-after-lipo,4,0,2.8
what is the recovery time for chin liposuction,/how-long-does-it-take-to-recover-from-chin-lipo,4,0,1
what is the recovery time for liposuction,/how-old-do-you-have-to-be-to-get-liposuction,4,0,2.8
"what post-operative care steps are commonly recommended to support chin liposuction recovery (compression garments, incision care, activity limits)?",/how-long-does-it-take-to-recover-from-chin-lipo,4,0,24.5
what to do after lymphatic drainage massage,/how-many-massages-after-lipo-360,4,0,2.8
what to expect after lymphatic massage,/when-to-start-lymphatic-massage-after-lipo,4,0,88.2
what's the difference between liposuction after natural weight loss versus after ozempic or wegovy?,/blog/liposuction-recovery-ozempic-miami,4,0,8.5
when can i play golf after liposuction 3 weeks,/how-long-after-lipo-can-i-workout,4,0,11.2
when can i resume exercise after liposuction weeks,/how-long-after-lipo-can-i-workout,4,0,11
when can i sleep on my side after tummy tuck and lipo,/how-to-reduce-swelling-after-liposuction,4,0,3
when can i start exercise after liposuction weeks,/how-long-after-lipo-can-i-workout,4,0,5.5
when can i start exercising after liposuction,/how-long-after-lipo-can-i-workout,4,0,4.2
when can you start working out after lipo 360,/how-long-after-lipo-can-i-workout,4,0,10
when does swelling peak after liposuction,/how-to-reduce-swelling-after-liposuction,4,0,7
when to start lymphatic massage after tummy tuck,/how-many-massages-after-lipo-360,4,0,64.5
when to start massage after lipo,/how-many-massages-after-lipo-360,4,0,1.5
when to start wearing ab board after lipo,/what-is-lipo-foam,4,0,2.8
where can i get evaluated for liposuction while still losing weight on medication?,/blog/liposuction-recovery-ozempic-miami,4,0,7.2
will i have swelling after calf liposuction,/how-to-reduce-swelling-after-liposuction,4,0,71.2
yerkoad 360 lipo foam ab board () reviews,/what-is-lipo-foam,4,0,2
œdème après liposuccion combien de temps,/how-to-reduce-swelling-after-liposuction,4,0,2
"""surgical correction of abdomen irregularities after liposuction"" interval of at least six months after the last surgical procedure",/how-to-fix-uneven-liposuction,3,0,3
"""surgical correction of abdomen irregularities after liposuction"" pdf",/how-to-fix-uneven-liposuction,3,0,5.3
2 weeks after liposuction photos,/how-old-do-you-have-to-be-to-get-liposuction,3,0,2
2 weeks after liposuction photos,/how-to-reduce-itching-after-lipo,3,0,2
360 lipo,/how-old-do-you-have-to-be-to-get-liposuction,3,0,3
after surgery lymphatic massage,/when-to-start-lymphatic-massage-after-lipo,3,0,5
all about shapewear inflammation liposuction,/how-to-reduce-swelling-after-liposuction,3,0,38
american society of plastic surgeons diuretics after liposuction,/how-to-reduce-swelling-after-liposuction,3,0,2
american society of plastic surgeons liposuction recovery exercise when can i work out,/how-long-after-lipo-can-i-workout,3,0,10.7
are there discounts for multiple lipo areas?,/how-many-times-can-you-get-liposuction,3,0,2
arm lipo,/how-many-times-can-you-get-liposuction,3,0,3.3
arm lipo bruising,/how-to-get-rid-of-bruising-after-liposuction,3,0,33.7
arm lipo cost,/how-many-times-can-you-get-liposuction,3,0,3
arm liposuction bruising,/how-to-get-rid-of-bruising-after-liposuction,3,0,34.7
arm liposuction cost,/how-old-do-you-have-to-be-to-get-liposuction,3,0,3
average cost of chin lipo,/how-long-does-it-take-to-recover-from-chin-lipo,3,0,3
back liposuction before and after,/what-areas-does-lipo-360-cover,3,0,1
bbl lipo 360,/how-many-massages-after-lipo-360,3,0,4
benefits lymphatic drainage massage,/how-many-massages-after-lipo-360,3,0,3
best food to eat after liposuction surgery,/what-to-eat-after-liposuction,3,0,10.3
best time of day for lymphatic drainage massage morning,/how-many-massages-after-bbl,3,0,3
bloating after liposuction,/how-to-reduce-swelling-after-liposuction,3,0,33.7
body sculpting liposuction miami,/procedures/liposuction-miami,3,0,66.3
botched inner thigh lipo,/how-to-fix-uneven-liposuction,3,0,1
bra fat lipo cost,/what-areas-does-lipo-360-cover,3,0,3
brazilian butt lift lymphatic drainage complications,/how-many-massages-after-bbl,3,0,2
breast augmentation and liposuction,/blog/liposuction-vs-breast-augmentation-miami,3,0,26
bruising after thigh liposuction,/how-to-get-rid-of-bruising-after-liposuction,3,0,1
bruising after tummy tuck and lipo,/how-to-get-rid-of-bruising-after-liposuction,3,0,4.3
can botched lipo be fixed,/how-to-fix-uneven-liposuction,3,0,6.3
can fat return after liposuction surgery?,/how-many-times-can-you-get-liposuction,3,0,4.7
can you do lymphatic massage after liposuction,/when-to-start-lymphatic-massage-after-lipo,3,0,1
can you get fat again after liposuction,/how-many-times-can-you-get-liposuction,3,0,2.7
can you get fibrosis from liposuction,/how-to-get-rid-of-fibrosis-after-lipo,3,0,1
can you get pregnant after lipo 360,/how-many-times-can-you-get-liposuction,3,0,2
cheap liposuction miami,/blog/affordable-plastic-surgery-miami,3,0,47
chin lipo 1 week post op,/how-long-does-it-take-to-recover-from-chin-lipo,3,0,20.3
chin lipo before after,/how-long-does-it-take-to-recover-from-chin-lipo,3,0,2.3
chin lipo post op care,/how-long-does-it-take-to-recover-from-chin-lipo,3,0,3
chin lipo results,/how-long-does-it-take-to-recover-from-chin-lipo,3,0,55.3
clean lymphatic drainage reviews,/when-to-start-lymphatic-massage-after-lipo,3,0,3
cleveland clinic liposuction recovery swelling bruising compression garment,/how-to-get-rid-of-bruising-after-liposuction,3,0,10
clinica de liposuccion en miami,/procedures/liposuction-miami,3,0,77.7
como desinflamar despues de una lipo,/how-to-reduce-swelling-after-liposuction,3,0,20
como se quita la fibrosis,/how-to-get-rid-of-fibrosis-after-lipo,3,0,71
complications after liposuction,/how-to-fix-uneven-liposuction,3,0,1
complications from liposuction,/how-to-fix-uneven-liposuction,3,0,1
compression after lipo,/how-to-sleep-after-liposuction,3,0,2
compression after liposuction,/how-to-sleep-after-liposuction,3,0,2.3
cost of chin liposuction,/how-long-does-it-take-to-recover-from-chin-lipo,3,0,3
cost of liposuction,/how-many-times-can-you-get-liposuction,3,0,2.7
cuanto tiempo se usa la esponja después de una lipo,/what-is-lipo-foam,3,0,3
cuanto tiempo se usa la espuma después de una lipo,/what-is-lipo-foam,3,0,2
cuantos masajes de drenaje linfático son necesarias después de una lipo,/how-many-massages-after-lipo-360,3,0,3
cuántos masajes después de una lipoescultura,/how-many-massages-after-lipo-360,3,0,3
deep tissue massage after liposuction,/when-to-start-lymphatic-massage-after-lipo,3,0,1
dellen nach liposuktion,/how-to-fix-uneven-liposuction,3,0,2.7
do i need lymphatic massage after lipo?,/when-to-start-lymphatic-massage-after-lipo,3,0,1
do you lose weight with liposuction,/how-many-times-can-you-get-liposuction,3,0,2.7
does liposuction cause cancer,/how-many-times-can-you-get-liposuction,3,0,2.3
does liposuction leave scars,/how-many-times-can-you-get-liposuction,3,0,2.7
does liposuction remove fat cells,/how-many-times-can-you-get-liposuction,3,0,3
does lymphatic drainage massage work,/how-many-massages-after-lipo-360,3,0,3
double chin liposuction recovery,/how-long-does-it-take-to-recover-from-chin-lipo,3,0,68
dr miami lipo 360 cost,/blog/affordable-plastic-surgery-miami,3,0,29.3
dr. shape’s lipo foam () reviews,/what-is-lipo-foam,3,0,2
drain after liposuction,/when-to-start-lymphatic-massage-after-lipo,3,0,1
espuma para faja post operatoria,/what-is-lipo-foam,3,0,3
evaluate airsculpt on lymphatic massage after liposuction,/how-many-massages-after-lipo-360,3,0,2.7
evaluate goals plastic surgery on lymphatic massage after liposuction,/when-to-start-lymphatic-massage-after-lipo,3,0,1
exercise after lipo,/how-long-after-lipo-can-i-workout,3,0,14
face lipo,/how-long-does-it-take-to-recover-from-chin-lipo,3,0,4
facial liposuction before and after,/how-long-does-it-take-to-recover-from-chin-lipo,3,0,2
facial liposuction south miami,/procedures/liposuction-miami,3,0,60.7
faja boards and foam,/what-is-lipo-foam,3,0,2
fibrosis abdominal,/how-to-get-rid-of-fibrosis-after-lipo,3,0,1.3
fibrosis after surgery treatment,/how-to-get-rid-of-fibrosis-after-lipo,3,0,11.7
fibrosis después de una lipoescultura,/how-to-get-rid-of-fibrosis-after-lipo,3,0,70
fibrosis en los senos,/how-to-get-rid-of-fibrosis-after-lipo,3,0,2.7
fibrosis from bbl,/how-to-get-rid-of-fibrosis-after-lipo,3,0,2
fibrosis massage after liposuction abdomen,/how-to-get-rid-of-fibrosis-after-lipo,3,0,3
fibrosis post surgery,/how-to-get-rid-of-fibrosis-after-lipo,3,0,5.7
fibrosis prevention,/how-to-get-rid-of-fibrosis-after-lipo,3,0,1.7
fibrosis que es,/how-to-get-rid-of-fibrosis-after-lipo,3,0,2.3
fibrosis quistica,/how-to-get-rid-of-fibrosis-after-lipo,3,0,2
fibrosis under skin,/how-to-get-rid-of-fibrosis-after-lipo,3,0,61.7
foam board after lipo,/what-is-lipo-foam,3,0,19.3
foam liposuccion,/what-is-lipo-foam,3,0,2.3
foam pads for liposuction,/what-is-lipo-foam,3,0,5
gaining weight after liposuction,/how-many-times-can-you-get-liposuction,3,0,3
get rid of fibrosis,/how-to-get-rid-of-fibrosis-after-lipo,3,0,6.7
get rid of fibrosis after lipo,/how-to-get-rid-of-fibrosis-after-lipo,3,1,1
hemosiderin staining after liposuction,/how-to-get-rid-of-bruising-after-liposuction,3,0,1
how is liposuction done,/how-old-do-you-have-to-be-to-get-liposuction,3,0,3
how long after chin lipo do you see results,/how-long-does-it-take-to-recover-from-chin-lipo,3,0,10.3
how long does lipo 360 last,/how-many-times-can-you-get-liposuction,3,0,2.3
how long does lipo bruising last,/how-to-get-rid-of-bruising-after-liposuction,3,0,5.3
how long to wear boards after lipo,/how-to-sleep-after-liposuction,3,0,3
how many lipo laser treatments are needed,/how-many-times-can-you-get-liposuction,3,0,62
how many liposonix treatments are needed,/how-many-times-can-you-get-liposuction,3,0,48.7
how many lymphatic massages after tummy tuck,/when-to-start-lymphatic-massage-after-lipo,3,0,91
how many lymphatic massages do i need,/how-many-massages-after-bbl,3,0,48.3
how many times should you do lymphatic drainage massage,/how-many-massages-after-lipo-360,3,0,1
how much does chin lipo cost,/how-long-does-it-take-to-recover-from-chin-lipo,3,0,3
how much fat can be removed with lipo,/how-many-times-can-you-get-liposuction,3,0,3
how much is lipo 360 in miami,/blog/affordable-plastic-surgery-miami,3,0,2.7
how much is lipo in miami,/procedures/liposuction-miami,3,0,86.3
how much is liposuction in philippines,/how-many-times-can-you-get-liposuction,3,0,3.3
how much weight can you lose from liposuction,/how-many-times-can-you-get-liposuction,3,0,3
how often can you do laser lipo,/how-many-times-can-you-get-liposuction,3,0,79.3
how often do you need to do lymphatic drainage massage,/how-many-massages-after-lipo-360,3,0,1
how often is lymphatic drainage massage recommended,/how-many-massages-after-lipo-360,3,0,1
how often should i do a lymphatic drainage massage,/how-many-massages-after-lipo-360,3,0,1
how often should i have lymphatic drainage massage,/how-many-massages-after-lipo-360,3,0,1
how often should you have lymphatic drainage massage,/how-many-massages-after-lipo-360,3,0,1
how often should ypu get a lymphatic massage,/how-many-massages-after-lipo-360,3,0,1
how old do you have to be to get chin lipo,/how-old-do-you-have-to-be-to-get-liposuction,3,0,37
how painful is liposuction,/how-old-do-you-have-to-be-to-get-liposuction,3,0,3
how to avoid fibrosis after lipo,/how-to-reduce-swelling-after-liposuction,3,0,1
how to cure fibrosis,/how-to-get-rid-of-fibrosis-after-lipo,3,0,1.3
how to get rid of fibroids after liposuction,/how-to-get-rid-of-fibrosis-after-lipo,3,0,4.3
how to maximize liposuction results,/how-to-maintain-liposuction-results,3,0,90.3
how to perform lymphatic drainage massage at home,/how-many-massages-after-bbl,3,0,3
how to recover from liposuction faster,/how-to-reduce-swelling-after-liposuction,3,0,2.7
ibuprofen after liposuction,/how-to-reduce-swelling-after-liposuction,3,0,1.3
is liposuction painful,/how-to-sleep-after-liposuction,3,0,3
is lymphatic drainage necessary after liposuction,/when-to-start-lymphatic-massage-after-lipo,3,0,1
is there an age limit for liposuction,/how-old-do-you-have-to-be-to-get-liposuction,3,0,1
jugos para desinflamar después de una liposucción,/how-to-get-rid-of-fibrosis-after-lipo,3,0,3
jugos para desinflamar después de una liposucción,/how-to-reduce-swelling-after-liposuction,3,0,3
la fibrosis pulmonar es hereditaria,/how-to-get-rid-of-fibrosis-after-lipo,3,0,2.7
leaking fluid after liposuction,/how-to-reduce-swelling-after-liposuction,3,0,1
lipo,/how-to-get-rid-of-fibrosis-after-lipo,3,0,1.3
lipo 360 back fat,/what-areas-does-lipo-360-cover,3,0,11.3
lipo 360 bbl recovery time,/how-to-sleep-after-bbl,3,0,3
lipo 360 consist of,/what-areas-does-lipo-360-cover,3,0,1
lipo 360 incision sites,/what-areas-does-lipo-360-cover,3,0,9.3
lipo 360 miami,/what-areas-does-lipo-360-cover,3,0,2.3
lipo 360 on apron belly,/what-areas-does-lipo-360-cover,3,0,38.3
lipo 360 on big stomach,/what-areas-does-lipo-360-cover,3,0,44.7
lipo 360 what areas,/what-areas-does-lipo-360-cover,3,0,11
lipo and breast augmentation,/blog/liposuction-vs-breast-augmentation-miami,3,0,27
lipo bed,/how-to-sleep-after-liposuction,3,0,1.7
lipo bruising how long,/how-to-get-rid-of-bruising-after-liposuction,3,0,11
lipo bruising pics,/how-to-get-rid-of-bruising-after-liposuction,3,0,25.7
lipo face before and after,/how-long-does-it-take-to-recover-from-chin-lipo,3,0,3
lipo foam pad,/what-is-lipo-foam,3,0,4.3
lipo foam para que sirve,/what-is-lipo-foam,3,0,2
lipo food,/what-to-eat-after-liposuction,3,0,5.3
lipo healing timeline,/how-to-reduce-swelling-after-liposuction,3,0,25.3
lipo recovery time,/how-old-do-you-have-to-be-to-get-liposuction,3,0,3
lipo satin,/what-is-lipo-foam,3,0,7
lipo suction recovery,/how-long-after-lipo-can-i-workout,3,0,1
lipo tummy tuck and bbl,/blog/tummy-tuck-vs-bbl-miami,3,0,26.7
lipo360,/how-many-massages-after-lipo-360,3,0,2.3
lipodissolve swelling time,/how-long-does-it-take-to-recover-from-chin-lipo,3,0,43.3
lipofo,/what-is-lipo-foam,3,0,1
lipophone,/what-is-lipo-foam,3,0,5
liposculpture florida,/procedures/liposuction-miami,3,0,81
liposculpture in miami,/procedures/liposuction-miami,3,0,68.7
liposucción aventura,/procedures/liposuction-miami,3,0,85.3
liposuction aftercare massage,/when-to-start-lymphatic-massage-after-lipo,3,0,7.3
liposuction arms cost,/how-many-times-can-you-get-liposuction,3,0,3
liposuction before and after belly,/how-many-times-can-you-get-liposuction,3,0,3.3
liposuction cost florida,/procedures/liposuction-miami,3,0,77.7
liposuction cost in miami,/blog/liposuction-candidate-miami,3,0,12.7
liposuction costs,/how-old-do-you-have-to-be-to-get-liposuction,3,0,3
liposuction drainage,/how-to-reduce-swelling-after-liposuction,3,0,1
liposuction drains,/how-many-massages-after-lipo-360,3,0,1
liposuction face,/how-long-does-it-take-to-recover-from-chin-lipo,3,0,3
liposuction healing time,/how-many-times-can-you-get-liposuction,3,0,2.7
liposuction massage near me,/how-many-massages-after-lipo-360,3,0,2
liposuction massage near me,/when-to-start-lymphatic-massage-after-lipo,3,0,2
liposuction neck recovery,/how-long-does-it-take-to-recover-from-chin-lipo,3,0,71.3
liposuction on face before and after,/how-long-does-it-take-to-recover-from-chin-lipo,3,0,3
liposuction on stomach cost,/blog/tummy-tuck-vs-liposuction,3,0,2
liposuction prices miami,/blog/affordable-plastic-surgery-miami,3,0,13
liposuction procedure,/how-many-times-can-you-get-liposuction,3,0,2.7
liposuction procedure,/how-old-do-you-have-to-be-to-get-liposuction,3,0,3
liposuction recovery,/how-old-do-you-have-to-be-to-get-liposuction,3,0,3.7
liposuction recovery time,/how-many-times-can-you-get-liposuction,3,0,2.7
liposuction scars,/how-old-do-you-have-to-be-to-get-liposuction,3,0,3
liposuction side effect,/how-many-times-can-you-get-liposuction,3,0,2.3
liposuction surgery cost,/how-many-times-can-you-get-liposuction,3,0,2.7
liposuction thighs before and after,/how-old-do-you-have-to-be-to-get-liposuction,3,0,3
liposuction vs tummy tuck,/how-many-times-can-you-get-liposuction,3,0,3
lumps after lipo,/how-to-get-rid-of-fibrosis-after-lipo,3,0,28.7
lymphatic drainage after liposuction,/how-many-massages-after-lipo-360,3,0,24.3
lymphatic drainage drops benefits,/how-many-massages-after-lipo-360,3,0,3
lymphatic drainage massage after liposuction near me,/when-to-start-lymphatic-massage-after-lipo,3,0,3
lymphatic drainage massage for lipedema,/when-to-start-lymphatic-massage-after-lipo,3,0,3
lymphatic drainage massage frequency,/how-many-massages-after-lipo-360,3,0,1
lymphatic drainage massage guide,/how-many-massages-after-bbl,3,0,4
lymphatic drainage massage nyc,/when-to-start-lymphatic-massage-after-lipo,3,0,2.3
lymphatic drainage massager,/how-many-massages-after-bbl,3,0,2.7
lymphatic massage after chin lipo,/when-to-start-lymphatic-massage-after-lipo,3,0,23.3
lymphatic massage near me,/how-many-massages-after-bbl,3,1,2.3
lymphatic message,/how-many-massages-after-bbl,3,0,1
manual lymphatic drainage after laser lipolysis evidence,/how-many-massages-after-lipo-360,3,0,4
manual lymphatic drainage after liposuction,/when-to-start-lymphatic-massage-after-lipo,3,0,10
massage after chin lipo,/when-to-start-lymphatic-massage-after-lipo,3,0,60
massage after lipo surgery,/when-to-start-lymphatic-massage-after-lipo,3,0,23
massaging lumps after liposuction,/when-to-start-lymphatic-massage-after-lipo,3,0,63
me hice una lipo y estoy muy hinchada,/how-to-reduce-swelling-after-liposuction,3,0,2.7
meaning of liposuction,/how-many-times-can-you-get-liposuction,3,0,2.3
miami lipo cost affordable,/blog/affordable-plastic-surgery-miami,3,0,10
miami lipo doctors,/procedures/liposuction-miami,3,0,70.7
mild fibrosis,/how-to-get-rid-of-fibrosis-after-lipo,3,0,2.7
morning lymphatic drainage routine,/how-many-massages-after-bbl,3,0,5
neck lipo recovery time,/how-long-does-it-take-to-recover-from-chin-lipo,3,0,61.3
nhs liposuction recovery swelling bruising compression garment,/how-to-get-rid-of-bruising-after-liposuction,3,0,8.7
peer reviewed article revision liposuction wait 6 months,/how-many-times-can-you-get-liposuction,3,0,10.3
post lipo fibrosis treatment near me,/how-to-get-rid-of-fibrosis-after-lipo,3,0,2.3
post lipo massages,/when-to-start-lymphatic-massage-after-lipo,3,0,18
post lipomassage,/when-to-start-lymphatic-massage-after-lipo,3,0,82
post liposuction care,/how-to-sleep-after-liposuction,3,0,3
post liposuction lymphatic drainage,/when-to-start-lymphatic-massage-after-lipo,3,0,8
post op lymphatic drainage massage,/when-to-start-lymphatic-massage-after-lipo,3,0,2
post op lymphatic drainage massage near me,/when-to-start-lymphatic-massage-after-lipo,3,0,1.3
post surgery lymphatic massage near me,/when-to-start-lymphatic-massage-after-lipo,3,0,3.7
que pasa si no me hago masajes después de la liposucción,/how-many-massages-after-lipo-360,3,0,2.7
qué es bueno para la fibrosis pulmonar,/how-to-get-rid-of-fibrosis-after-lipo,3,0,3
qué es fibrosis,/how-to-get-rid-of-fibrosis-after-lipo,3,0,2.3
recovery after liposuction,/how-to-sleep-after-liposuction,3,0,2.7
recovery for lipo,/how-long-after-lipo-can-i-workout,3,0,1
recovery from liposuction,/how-many-times-can-you-get-liposuction,3,0,3.3
recovery from liposuction,/how-old-do-you-have-to-be-to-get-liposuction,3,0,3
recovery time for neck liposuction,/how-long-does-it-take-to-recover-from-chin-lipo,3,0,62
secondary liposuction revision timing 6 months 12 months study,/how-many-times-can-you-get-liposuction,3,0,4.7
side effect of liposuction,/how-many-times-can-you-get-liposuction,3,0,2.3
smart lipo,/how-many-times-can-you-get-liposuction,3,0,3.3
smart lipo on arms before and after,/how-many-times-can-you-get-liposuction,3,0,1
stomach liposuction cost,/how-many-times-can-you-get-liposuction,3,0,3.3
stomach lumpy after lipo,/how-to-fix-uneven-liposuction,3,0,3
subcutaneous fibrosis,/how-to-get-rid-of-fibrosis-after-lipo,3,0,3
submental lipo recovery,/how-long-does-it-take-to-recover-from-chin-lipo,3,0,33.3
swell hell after liposuction,/how-to-reduce-swelling-after-liposuction,3,0,2.3
swelling 6 months after liposuction,/how-to-reduce-swelling-after-liposuction,3,0,3
swelling after chin lipo,/how-long-does-it-take-to-recover-from-chin-lipo,3,0,9
swelling after smart lipo,/how-to-reduce-swelling-after-liposuction,3,0,28
symptoms of fibrosis,/how-to-get-rid-of-fibrosis-after-lipo,3,0,3
thigh liposuction,/how-many-times-can-you-get-liposuction,3,0,2.7
thigh liposuction cost,/how-old-do-you-have-to-be-to-get-liposuction,3,0,3
too much compression after liposuction,/how-to-reduce-swelling-after-liposuction,3,0,29.7
traitement fibrose après liposuccion,/how-to-get-rid-of-fibrosis-after-lipo,3,0,2.3
tummy tuck vs liposuction cost comparison,/blog/tummy-tuck-vs-liposuction,3,0,47.7
ultrasound therapy for post liposuction fibrosis,/how-to-get-rid-of-fibrosis-after-lipo,3,0,6.3
under chin lipo recovery,/how-long-does-it-take-to-recover-from-chin-lipo,3,0,22.7
uneven abdomen after liposuction,/how-to-fix-uneven-liposuction,3,0,4
uneven chin lipo,/how-to-fix-uneven-liposuction,3,0,9.3
university hospital revision liposuction wait 6 months,/how-many-times-can-you-get-liposuction,3,0,2
verklebungen nach liposuktion lösen,/how-to-get-rid-of-fibrosis-after-lipo,3,0,5
vitamins to take before liposuction,/what-to-eat-after-liposuction,3,0,79
waist liposuction miami,/procedures/liposuction-miami,3,0,69.3
what activities are usually restricted during leg liposuction recovery and when can i return to workouts?,/how-long-after-lipo-can-i-workout,3,0,7.3
what are the symptoms of radiation fibrosis,/how-to-get-rid-of-fibrosis-after-lipo,3,0,2.7
what causes fibrosis,/how-to-get-rid-of-fibrosis-after-lipo,3,0,2.3
what does liposuction do,/how-old-do-you-have-to-be-to-get-liposuction,3,0,3
what is 360 liposuction,/how-many-times-can-you-get-liposuction,3,0,2.7
what is a 360 liposuction,/how-many-times-can-you-get-liposuction,3,0,3
what is a lipo 360,/what-areas-does-lipo-360-cover,3,0,6.3
what is a liposuction,/how-old-do-you-have-to-be-to-get-liposuction,3,0,3
what is fibrosis after bbl,/how-to-get-rid-of-fibrosis-after-lipo,3,0,14.7
what is lipo lab,/what-areas-does-lipo-360-cover,3,0,1
what is lipo massage,/when-to-start-lymphatic-massage-after-lipo,3,0,2.3
what is liposuction surgery,/how-old-do-you-have-to-be-to-get-liposuction,3,0,3
what is lung fibrosis,/how-to-get-rid-of-fibrosis-after-lipo,3,0,2.7
what is lymphatic massage after lipo,/how-many-massages-after-lipo-360,3,0,33.3
what is pulmonary fibrosis,/how-to-get-rid-of-fibrosis-after-lipo,3,0,2.3
what is the typical recovery time frame for chin liposuction?,/how-long-does-it-take-to-recover-from-chin-lipo,3,0,24.7
what not to do after liposuction,/how-to-sleep-after-liposuction,3,0,3
what to do after lipo 360,/how-many-massages-after-lipo-360,3,0,8
what's lipo 360,/what-areas-does-lipo-360-cover,3,0,29.3
whats fibrosis,/how-to-get-rid-of-fibrosis-after-lipo,3,0,2.3
when can i play golf after liposuction,/how-long-after-lipo-can-i-workout,3,0,10
when can i play golf after liposuction 360,/how-long-after-lipo-can-i-workout,3,0,11.3
when can i start lymphatic massage after liposuction,/how-many-massages-after-lipo-360,3,0,6.3
where can i find reliable guidance on chin liposuction aftercare and recovery timelines from medical professionals?,/how-long-does-it-take-to-recover-from-chin-lipo,3,0,26.3
will fat come back after liposuction,/how-many-times-can-you-get-liposuction,3,0,3
12 areas of lipo,/what-areas-does-lipo-360-cover,2,0,8.5
2 weeks after liposuction photos,/what-to-eat-after-liposuction,2,0,2
360 lipo,/how-to-sleep-after-liposuction,2,0,3
360 lipo before and after,/how-old-do-you-have-to-be-to-get-liposuction,2,0,3
360 lipo without tummy tuck,/how-many-times-can-you-get-liposuction,2,0,3
360 lipo without tummy tuck,/how-old-do-you-have-to-be-to-get-liposuction,2,0,3
360 liposuction,/how-to-sleep-after-liposuction,2,0,3
360 liposuction miami,/procedures/liposuction-miami,2,0,42
5 years after liposuction,/how-many-times-can-you-get-liposuction,2,0,3
abdomen liposuction revision wait 9 months 12 months,/how-many-times-can-you-get-liposuction,2,0,2
abdominal fibrosis,/how-to-get-rid-of-fibrosis-after-lipo,2,0,58.5
abdominal liposuction recovery,/how-to-sleep-after-liposuction,2,0,2.5
abdominal swelling after liposuction,/how-to-reduce-swelling-after-liposuction,2,0,39
after lipo,/how-to-reduce-itching-after-lipo,2,0,2
after lipo 360,/how-many-massages-after-lipo-360,2,0,2.5
after lipo does the fat come back,/how-many-times-can-you-get-liposuction,2,0,2.5
after lipo how long to wear compression garment,/how-to-reduce-swelling-after-liposuction,2,0,3
after liposuction,/how-many-massages-after-lipo-360,2,0,3
after liposuction,/how-to-sleep-after-liposuction,2,0,3
after liposuction,/when-to-start-lymphatic-massage-after-lipo,2,0,1
after liposuction does the fat come back,/how-many-times-can-you-get-liposuction,2,0,2
after liposuction surgery,/how-to-reduce-swelling-after-liposuction,2,0,11
alimentos prohibidos para la fibrosis en los senos,/how-to-get-rid-of-fibrosis-after-lipo,2,0,3
american lipo center,/procedures/liposuction-miami,2,0,62.5
american society of plastic surgeons revision liposuction wait 6 months 12 months,/how-many-times-can-you-get-liposuction,2,0,2
american society of plastic surgeons wait 6 months before revision surgery liposuction,/how-many-times-can-you-get-liposuction,2,0,2
arm and back liposuction cost,/how-many-times-can-you-get-liposuction,2,0,3
arm lipo,/how-old-do-you-have-to-be-to-get-liposuction,2,0,2
arm lipo before and after,/how-many-times-can-you-get-liposuction,2,0,3
arm lipo cost,/how-old-do-you-have-to-be-to-get-liposuction,2,0,2.5
arm lipo recovery,/how-many-times-can-you-get-liposuction,2,0,3
arm liposuction recovery time,/how-many-times-can-you-get-liposuction,2,0,3.5
arm liposuction turkey cost,/how-many-times-can-you-get-liposuction,2,0,3
asps revision liposuction how long wait,/how-many-times-can-you-get-liposuction,2,0,2.5
average cost of liposuction,/how-old-do-you-have-to-be-to-get-liposuction,2,0,3
awake lipo 360 near me,/procedures/liposuction-miami,2,0,99
awake liposuction cost,/how-old-do-you-have-to-be-to-get-liposuction,2,0,3
back liposuction,/how-old-do-you-have-to-be-to-get-liposuction,2,0,2.5
basic lymphatic drainage massage,/how-many-massages-after-bbl,2,0,3
bbl and lipo 360 recovery time,/how-to-sleep-after-bbl,2,0,2.5
bbl lymphatic drainage massage video,/how-many-massages-after-bbl,2,1,3
before and after chin liposuction,/how-long-does-it-take-to-recover-from-chin-lipo,2,0,2.5
before and after lipo 360 areas,/how-to-sleep-after-liposuction,2,0,4
benefits of liposuction,/how-many-times-can-you-get-liposuction,2,0,3
best lipo doctor in miami,/procedures/liposuction-miami,2,0,45
best lipo miami,/procedures/liposuction-miami,2,0,36
best liposuction near me,/how-old-do-you-have-to-be-to-get-liposuction,2,0,2
best way to sleep after lipo 360,/how-to-sleep-after-bbl,2,0,13
body contouring price in miami,/blog/affordable-plastic-surgery-miami,2,0,39.5
bra line liposuction,/what-areas-does-lipo-360-cover,2,0,3.5
brazilian lymphatic drainage massage,/when-to-start-lymphatic-massage-after-lipo,2,0,1
bruising after liposuction flanks,/how-to-get-rid-of-bruising-after-liposuction,2,0,3
buffalo hump liposuction cost,/how-many-times-can-you-get-liposuction,2,0,2.5
can anyone get liposuction,/how-many-times-can-you-get-liposuction,2,0,63
can fat grow back after liposuction,/how-many-times-can-you-get-liposuction,2,0,2
can fat return after liposuction,/how-many-times-can-you-get-liposuction,2,0,2.5
can i get liposuction at 16,/how-old-do-you-have-to-be-to-get-liposuction,2,0,1
can i sleep on my side after lipo 360,/how-to-sleep-after-bbl,2,0,13
can kids get liposuction,/how-old-do-you-have-to-be-to-get-liposuction,2,0,1
can liposuction cause cancer,/how-many-times-can-you-get-liposuction,2,0,2.5
can liposuction remove belly fat,/how-many-times-can-you-get-liposuction,2,0,2.5
can you do lymphatic massage after liposuction,/how-many-massages-after-lipo-360,2,0,1
can you get fibrosis after a tummy tuck,/how-to-get-rid-of-fibrosis-after-lipo,2,0,1
can you wash lipo foam pads,/what-is-lipo-foam,2,0,2.5
carboxytherapy for fibrosis,/how-to-get-rid-of-fibrosis-after-lipo,2,0,45
cheek liposuction recovery time,/how-long-does-it-take-to-recover-from-chin-lipo,2,0,52.5
chin fat removal cost,/how-long-does-it-take-to-recover-from-chin-lipo,2,0,3
chin lipo after care,/how-long-does-it-take-to-recover-from-chin-lipo,2,0,3
chin lipo faja,/how-long-does-it-take-to-recover-from-chin-lipo,2,0,2
chin lipo healing,/how-long-does-it-take-to-recover-from-chin-lipo,2,0,20
chin lipo massage,/how-many-massages-after-lipo-360,2,0,2
chin lipo post op,/how-long-does-it-take-to-recover-from-chin-lipo,2,0,3
chin lipo process,/how-long-does-it-take-to-recover-from-chin-lipo,2,0,2
chin lipo recovery reddit,/how-long-does-it-take-to-recover-from-chin-lipo,2,0,11
chin liposuction calgary,/how-long-does-it-take-to-recover-from-chin-lipo,2,0,2.5
chin liposuction healing process,/how-long-does-it-take-to-recover-from-chin-lipo,2,0,1
chin liposuction near me,/how-long-does-it-take-to-recover-from-chin-lipo,2,0,3.5
cicatriz fibrosis,/how-to-get-rid-of-fibrosis-after-lipo,2,0,2.5
combien coute une liposuccion du ventre,/how-many-times-can-you-get-liposuction,2,0,2.5
como dormir despues de una liposuccion,/how-to-reduce-swelling-after-liposuction,2,0,2.5
como eliminar fibrosis post lipo,/how-to-get-rid-of-fibrosis-after-lipo,2,0,3
como evitar la fibrosis después de una lipo,/how-to-get-rid-of-fibrosis-after-lipo,2,0,3
como mejorar la fibrosis despues de una lipo,/how-to-get-rid-of-fibrosis-after-lipo,2,0,2.5
como sacar líquido con jeringa después de una liposucción,/how-to-reduce-swelling-after-liposuction,2,0,3
compression garment after chin liposuction,/how-long-does-it-take-to-recover-from-chin-lipo,2,0,3
continued weight loss after liposuction,/how-many-times-can-you-get-liposuction,2,0,2.5
contour irregularity after liposuction revision after 6 months,/how-to-fix-uneven-liposuction,2,0,2
cost for chin lipo,/how-long-does-it-take-to-recover-from-chin-lipo,2,0,3
cost of chin lipo,/how-long-does-it-take-to-recover-from-chin-lipo,2,0,3
cost of lipo 360,/how-many-times-can-you-get-liposuction,2,0,3
cost of liposuction in miami,/blog/affordable-plastic-surgery-miami,2,0,15.5
cuanto tiempo debo usar el cojin despues de una lipotransferencia,/what-is-lipo-foam,2,0,2
cuanto tiempo se usa la tabla abdominal después de una lipo,/how-to-sleep-after-liposuction,2,0,3
cuantos masajes debo hacerme despues de una lipo,/when-to-start-lymphatic-massage-after-lipo,2,0,1
cuantos masajes se necesita después de una lipo,/how-many-massages-after-lipo-360,2,1,1.5
cuantos masajes se recomienda despues de una lipo,/how-many-massages-after-lipo-360,2,0,3.5
cupping for fibrosis after liposuction,/how-to-get-rid-of-fibrosis-after-lipo,2,0,34
cystic fibrosis,/how-to-get-rid-of-fibrosis-after-lipo,2,0,2.5
deep lymphatic drainage massage,/how-many-massages-after-bbl,2,0,3
deep lymphatic massage,/how-many-massages-after-bbl,2,0,2
deep tissue lymphatic drainage massage,/how-many-massages-after-bbl,2,0,2
dermal fibrosis,/how-to-get-rid-of-fibrosis-after-lipo,2,0,3
diet for retroperitoneal fibrosis,/how-to-get-rid-of-fibrosis-after-lipo,2,0,3
difference between lipo and bbl,/blog/tummy-tuck-vs-bbl-miami,2,0,16.5
difference between liposuction and tummy tuck,/how-many-times-can-you-get-liposuction,2,0,3
difference between liposuction bbl and tummy tuck,/blog/tummy-tuck-vs-bbl-miami,2,0,8.5
different between liposuction and tummy tuck,/how-many-times-can-you-get-liposuction,2,1,3
disadvantages of liposuction,/how-many-times-can-you-get-liposuction,2,0,2.5
do people still get liposuction,/how-old-do-you-have-to-be-to-get-liposuction,2,0,3
do you get put under for liposuction,/how-old-do-you-have-to-be-to-get-liposuction,2,0,3
do you have loose skin after liposuction,/how-many-times-can-you-get-liposuction,2,0,3
do you need a massage after arm lipofox news,/how-many-massages-after-lipo-360,2,0,30
do you need lymphatic massage after tummy tuck,/how-many-massages-after-lipo-360,2,0,3
does chin lipo hurt,/how-long-does-it-take-to-recover-from-chin-lipo,2,0,2.5
does lipedema come back after liposuction,/how-many-times-can-you-get-liposuction,2,0,3
does lipo foam help with swelling,/how-to-reduce-swelling-after-liposuction,2,0,3
does liposuction hurt,/how-many-times-can-you-get-liposuction,2,0,2.5
does lymphatic drainage help swollen ankles,/how-to-reduce-swelling-after-liposuction,2,0,2
does your body make new fat cells after liposuction,/how-many-times-can-you-get-liposuction,2,0,2.5
double chin liposuction before and after,/how-many-times-can-you-get-liposuction,2,0,2.5
dr miami lipo cost,/blog/affordable-plastic-surgery-miami,2,0,10
drainage lymphatic massage,/how-many-massages-after-bbl,2,0,2
drains after liposuction,/how-many-massages-after-lipo-360,2,0,1
espuma lipo foam,/what-is-lipo-foam,2,0,2
evaluate mia aesthetics on chin lipo swelling,/how-long-does-it-take-to-recover-from-chin-lipo,2,0,10
face liposuction,/how-long-does-it-take-to-recover-from-chin-lipo,2,0,2
facial fibrosis,/how-to-get-rid-of-fibrosis-after-lipo,2,0,3
facial lipo before and after,/how-long-does-it-take-to-recover-from-chin-lipo,2,0,2
failed liposuction,/how-to-fix-uneven-liposuction,2,0,39
faja foam,/what-is-lipo-foam,2,0,2
fat removal,/how-many-times-can-you-get-liposuction,2,0,2.5
fat removal surgery,/how-old-do-you-have-to-be-to-get-liposuction,2,0,3
fat removal surgery cost,/how-many-times-can-you-get-liposuction,2,0,2.5
fibrose apres lipo,/how-to-get-rid-of-fibrosis-after-lipo,2,0,2
fibrose pos lipo,/how-to-get-rid-of-fibrosis-after-lipo,2,0,1
fibrosi post liposuzione,/how-to-get-rid-of-fibrosis-after-lipo,2,0,49
fibrosis after chin lipo,/how-long-does-it-take-to-recover-from-chin-lipo,2,0,66
fibrosis arm lipo,/how-to-get-rid-of-fibrosis-after-lipo,2,0,7.5
fibrosis de lipo,/how-to-get-rid-of-fibrosis-after-lipo,2,0,13
fibrosis después de una lipo,/how-to-get-rid-of-fibrosis-after-lipo,2,0,65
fibrosis en el abdomen,/how-to-get-rid-of-fibrosis-after-lipo,2,0,2
fibrosis en el abdomen después de lipo,/how-to-get-rid-of-fibrosis-after-lipo,2,0,3
fibrosis en el pecho,/how-to-get-rid-of-fibrosis-after-lipo,2,0,3
fibrosis en los pechos,/how-to-get-rid-of-fibrosis-after-lipo,2,0,2.5
fibrosis en los senos remedios caseros,/how-to-get-rid-of-fibrosis-after-lipo,2,0,2.5
fibrosis fat tissue,/how-to-get-rid-of-fibrosis-after-lipo,2,0,3
fibrosis legs,/how-to-get-rid-of-fibrosis-after-lipo,2,0,1
fibrosis liver,/how-to-get-rid-of-fibrosis-after-lipo,2,0,3
fibrosis of skin,/how-to-get-rid-of-fibrosis-after-lipo,2,0,2
fibrosis of skin meaning,/how-to-get-rid-of-fibrosis-after-lipo,2,0,2
fibrosis on legs,/how-to-get-rid-of-fibrosis-after-lipo,2,0,1.5
fibrosis por liposucción,/how-to-get-rid-of-fibrosis-after-lipo,2,0,62
fibrosis post liposuccion,/how-to-get-rid-of-fibrosis-after-lipo,2,0,39
fibrosis post tummy tuck,/how-to-get-rid-of-fibrosis-after-lipo,2,0,1
fibrosis pulmonar es contagiosa,/how-to-get-rid-of-fibrosis-after-lipo,2,0,3
fibrosis pulmonar porque da,/how-to-get-rid-of-fibrosis-after-lipo,2,0,2
fibrosis pulmonar tratamiento,/how-to-get-rid-of-fibrosis-after-lipo,2,0,2.5
fibrosis symptoms,/how-to-get-rid-of-fibrosis-after-lipo,2,0,2.5
fibrosis treatments,/how-to-get-rid-of-fibrosis-after-lipo,2,0,1
fibrosis under chin,/how-to-get-rid-of-fibrosis-after-lipo,2,0,24.5
fluid weight gain after liposuction,/how-to-reduce-swelling-after-liposuction,2,0,3
foam board lipo,/what-is-lipo-foam,2,0,27
foam boards for lipo,/what-is-lipo-foam,2,0,14.5
foamy post lipo,/what-is-lipo-foam,2,0,1
food for liposuction,/what-to-eat-after-liposuction,2,0,13
foot massage for lymphatic drainage,/how-many-massages-after-bbl,2,0,1
full body liposuction cost,/how-many-times-can-you-get-liposuction,2,0,3
hd liposuction miami,/procedures/liposuction-miami,2,0,74.5
healing after liposuction,/what-to-eat-after-liposuction,2,0,3
hierbas para desinflamar después de una liposucción,/how-to-reduce-swelling-after-liposuction,2,0,2.5
high bmi liposuction near me,/procedures/liposuction-miami,2,0,73
high volume liposuction,/procedures/liposuction-miami,2,0,89.5
how do they do liposuction,/how-old-do-you-have-to-be-to-get-liposuction,2,0,3
how do you know if you have fibrosis after lipo,/how-to-get-rid-of-fibrosis-after-lipo,2,0,5.5
how effective is liposuction,/how-many-times-can-you-get-liposuction,2,0,2.5
how expensive is liposuction,/how-old-do-you-have-to-be-to-get-liposuction,2,0,3
how long after abdominal liposuction can i exercise,/how-long-after-lipo-can-i-workout,2,0,1
how long after chin lipo can i drink alcohol,/how-long-does-it-take-to-recover-from-chin-lipo,2,0,3
how long after lipo 360 can i workout,/how-many-times-can-you-get-liposuction,2,0,3
how long after lipo can i go back to work,/how-many-times-can-you-get-liposuction,2,0,3
how long after lipo do you have to wear compression,/how-to-sleep-after-liposuction,2,0,3
how long do i have to sleep on my back after lipo,/how-to-reduce-itching-after-lipo,2,0,3
how long do i have to wait before getting corrective liposuction?,/how-many-times-can-you-get-liposuction,2,0,1
how long do you drain after lipo,/how-many-times-can-you-get-liposuction,2,0,3
how long do you have to wear a faja to see results,/what-is-lipo-foam,2,0,3
how long do you have to wear compression after lipo,/how-to-sleep-after-liposuction,2,0,3
how long do you wear your foams and boards after lipo,/how-many-massages-after-lipo-360,2,0,3
how long does a lymphatic drainage massage results last,/how-many-massages-after-lipo-360,2,0,3
how long does chin lipo swelling last,/how-to-reduce-swelling-after-liposuction,2,0,3
how long does it take for fluid to drain after liposuction,/how-to-reduce-swelling-after-liposuction,2,0,2
how long does it take for skin to reattach after lipo,/how-many-times-can-you-get-liposuction,2,0,3
how long does it take to heal after lipo 360,/how-to-sleep-after-liposuction,2,0,2
how long does it take to heal from lipo,/how-long-does-it-take-to-recover-from-chin-lipo,2,0,51
how long does it take to recover from abdominal liposuction,/how-old-do-you-have-to-be-to-get-liposuction,2,0,3
how long does it take to recover from liposuction,/blog/liposuction-recovery-ozempic-miami,2,0,1
how long does lipo take to heal,/how-long-does-it-take-to-recover-from-chin-lipo,2,0,61.5
how long does liposuction pain last,/how-to-sleep-after-liposuction,2,0,2.5
how long does liposuction swelling last,/how-many-times-can-you-get-liposuction,2,0,2.5
how long does lymphatic drainage take to work,/when-to-start-lymphatic-massage-after-lipo,2,0,1
"how long does swelling and numbness typically last after leg liposuction, and what post-op care helps speed recovery?",/how-to-reduce-swelling-after-liposuction,2,0,13.5
how long does swelling last after coolsculpting,/how-to-get-rid-of-bruising-after-liposuction,2,0,1
how long does swelling last after lipo 360,/how-to-reduce-swelling-after-liposuction,2,0,2
how long does swelling last after liposuction,/how-many-times-can-you-get-liposuction,2,0,3
how long does swelling last after liposuction,/how-to-sleep-after-liposuction,2,0,3
how long for lipo to heal,/how-many-times-can-you-get-liposuction,2,0,3
how long is chin lipo procedure,/how-long-does-it-take-to-recover-from-chin-lipo,2,0,1
how long is lymphatic drainage massage,/how-many-massages-after-lipo-360,2,0,1
how long is recovery from liposuction,/how-to-sleep-after-liposuction,2,0,2.5
how long to wait before revision liposuction 6 months,/how-many-times-can-you-get-liposuction,2,0,11
how long to wait for liposuction revision 6 months 1 year,/how-many-times-can-you-get-liposuction,2,0,3
how long to wear chin strap after chin lipo,/how-long-does-it-take-to-recover-from-chin-lipo,2,0,13
how long to wear compression garment after chin lipo reddit,/how-long-does-it-take-to-recover-from-chin-lipo,2,0,7.5
how long to wear compression garment after tummy tuck and lipo,/blog/tummy-tuck-vs-bbl-miami,2,0,3
how long to wear compression socks after lipo,/how-to-sleep-after-liposuction,2,0,2
how long to wear faja after lipo,/how-to-sleep-after-liposuction,2,0,3
how long to wear faja after lipo 360,/how-to-sleep-after-liposuction,2,0,2.5
how long to wear foam after liposuction,/what-is-lipo-foam,2,0,6.5
how long will i drain after liposuction,/how-to-reduce-swelling-after-liposuction,2,0,64.5
how many lymphatic massages do i need after lipo,/when-to-start-lymphatic-massage-after-lipo,2,0,1
how many massages do you need after lipo 360,/how-many-massages-after-bbl,2,0,1
how many times a day should you do lymphatic drainage massage,/how-many-massages-after-lipo-360,2,0,1
how much can you liposuction at one time,/how-many-times-can-you-get-liposuction,2,0,1
how much does a chin lipo cost,/how-long-does-it-take-to-recover-from-chin-lipo,2,0,2.5
how much does full body liposuction cost,/what-areas-does-lipo-360-cover,2,0,3
how much does lipo 360 cost,/how-old-do-you-have-to-be-to-get-liposuction,2,0,3
how much drainage is normal after liposuction,/how-many-massages-after-lipo-360,2,0,9.5
how much fat can be liposuctioned at once,/how-many-times-can-you-get-liposuction,2,0,1
how much for chin lipo,/how-long-does-it-take-to-recover-from-chin-lipo,2,0,3
how much for liposuction,/how-old-do-you-have-to-be-to-get-liposuction,2,0,3
how much is a chin liposuction,/how-long-does-it-take-to-recover-from-chin-lipo,2,0,3
how much is a liposuction,/how-old-do-you-have-to-be-to-get-liposuction,2,0,3
how much is abdominal liposuction,/how-old-do-you-have-to-be-to-get-liposuction,2,0,3
how much is arm lipo,/how-many-times-can-you-get-liposuction,2,0,3
how much is chin lipo,/how-old-do-you-have-to-be-to-get-liposuction,2,0,3
how much is face lipo,/how-long-does-it-take-to-recover-from-chin-lipo,2,0,3
how much is lipo 360,/how-old-do-you-have-to-be-to-get-liposuction,2,0,3
how much is liposuction in nc,/how-old-do-you-have-to-be-to-get-liposuction,2,0,3
how much is liposuction miami,/blog/affordable-plastic-surgery-miami,2,0,22
how much is liposuction of the stomach and love handles,/how-old-do-you-have-to-be-to-get-liposuction,2,0,3
how much is liposuction on stomach,/how-old-do-you-have-to-be-to-get-liposuction,2,0,2.5
how much liposuction cost,/how-many-times-can-you-get-liposuction,2,0,3
how much weight can you lose with liposuction,/how-many-times-can-you-get-liposuction,2,0,2.5
how often can i do a lymphatic drainage massage,/how-many-massages-after-lipo-360,2,0,1
how often can i do lymphatic drainage massage,/how-many-massages-after-bbl,2,0,2
how often can you do lymphatic drainage,/how-many-massages-after-lipo-360,2,0,1
how often should i get a lymphatic massage,/how-many-massages-after-lipo-360,2,0,1.5
how often should you get a massage for lymphatic drainage,/how-many-massages-after-lipo-360,2,0,1
how often should you take lymphatic drainage drops,/how-many-massages-after-lipo-360,2,0,3
how often to do lymphatic massage,/how-many-massages-after-lipo-360,2,0,3
how often to get lymphatic massage,/how-many-massages-after-lipo-360,2,0,2.5
how often to get lymphatic massage after lipo,/when-to-start-lymphatic-massage-after-lipo,2,0,1
how often to have lymphatic drainage massage,/how-many-massages-after-lipo-360,2,0,1
how old can you be to get liposuction,/how-old-do-you-have-to-be-to-get-liposuction,2,0,1
how painful is lipo 360,/how-many-times-can-you-get-liposuction,2,0,2.5
how painful is liposuction,/how-many-times-can-you-get-liposuction,2,0,2.5
how safe is liposuction,/how-many-times-can-you-get-liposuction,2,0,3
how soon after lipo should you get lymphatic massages,/how-many-massages-after-lipo-360,2,0,8.5
how to cure pulmonary fibrosis,/how-to-get-rid-of-fibrosis-after-lipo,2,0,3
how to do at home lymphatic drainage massage,/how-many-massages-after-bbl,2,0,3
how to do lymphatic drainage massage at home,/how-many-massages-after-bbl,2,0,3
how to fix a botched liposuction?,/how-to-fix-uneven-liposuction,2,0,8
how to fix uneven liposuction,/how-many-times-can-you-get-liposuction,2,0,2
how to get rid of lumps after lipo,/how-to-get-rid-of-fibrosis-after-lipo,2,0,72.5
how to give a lymphatic drainage massage,/how-many-massages-after-bbl,2,0,3
how to give a lymphatic massage,/how-many-massages-after-bbl,2,0,3
how to perform lymphatic drainage massage,/how-many-massages-after-bbl,2,0,3
how to perform lymphatic massage,/how-many-massages-after-bbl,2,0,3
how to smooth out lipo bumps in texas,/how-to-fix-uneven-liposuction,2,0,22.5
how to treat nerve pain after liposuction,/how-to-reduce-itching-after-lipo,2,0,4
if you have liposuction can the fat come back,/how-many-times-can-you-get-liposuction,2,0,2.5
inner thigh lipo before and after,/how-old-do-you-have-to-be-to-get-liposuction,2,0,3
inner thigh liposuction before and after,/how-old-do-you-have-to-be-to-get-liposuction,2,0,3
is 80 too old for liposuction,/how-old-do-you-have-to-be-to-get-liposuction,2,0,50.5
is arm liposuction worth it,/how-many-times-can-you-get-liposuction,2,0,3
is chin lipo worth it,/how-long-does-it-take-to-recover-from-chin-lipo,2,0,3
is getting liposuction dangerous,/how-old-do-you-have-to-be-to-get-liposuction,2,0,3
is lipo 360 painful,/how-many-times-can-you-get-liposuction,2,0,2.5
is lipo 360 painful,/how-to-sleep-after-liposuction,2,0,2
is lipo dangerous,/how-old-do-you-have-to-be-to-get-liposuction,2,0,2.5
is lipo permanent,/how-many-times-can-you-get-liposuction,2,0,3
is lipo safe,/how-old-do-you-have-to-be-to-get-liposuction,2,0,2.5
is liposuction painful,/how-to-reduce-swelling-after-liposuction,2,0,3
is sono bello liposuction,/how-old-do-you-have-to-be-to-get-liposuction,2,0,3
knee liposuction before and after,/how-old-do-you-have-to-be-to-get-liposuction,2,0,2
la lipo 360 incluye brazos,/what-areas-does-lipo-360-cover,2,0,2
laser liposuction,/how-many-times-can-you-get-liposuction,2,0,3.5
leg liposuction,/how-old-do-you-have-to-be-to-get-liposuction,2,0,3
lipo,/how-many-massages-after-lipo-360,2,0,1.5
lipo,/how-to-reduce-swelling-after-liposuction,2,0,1
lipo,/what-is-lipo-foam,2,0,2.5
lipo 360 and arm lipo,/what-areas-does-lipo-360-cover,2,0,3.5
lipo 360 before and after,/how-to-sleep-after-bbl,2,0,3
lipo 360 before and after pictures,/how-to-sleep-after-liposuction,2,0,4.5
lipo 360 cost,/how-to-sleep-after-liposuction,2,0,2.5
lipo 360 includes,/what-areas-does-lipo-360-cover,2,0,9.5
lipo 360 meaning,/how-many-times-can-you-get-liposuction,2,0,3
lipo 360 meaning,/what-areas-does-lipo-360-cover,2,0,38.5
lipo 360 near me,/how-many-times-can-you-get-liposuction,2,0,2
lipo 360 near me,/procedures/liposuction-miami,2,0,25.5
lipo 360 on plus size,/what-areas-does-lipo-360-cover,2,0,79
lipo 360 post op care,/how-many-massages-after-lipo-360,2,0,15
lipo 360 recovery time,/how-old-do-you-have-to-be-to-get-liposuction,2,0,3
lipo 360 requirements,/what-areas-does-lipo-360-cover,2,0,46
lipo 360 results,/how-old-do-you-have-to-be-to-get-liposuction,2,0,4.5
lipo 360 surgery,/what-areas-does-lipo-360-cover,2,0,2
lipo 360 swelling timeline,/how-to-reduce-swelling-after-liposuction,2,0,1
lipo allergy,/how-to-reduce-itching-after-lipo,2,0,7
lipo and boob job,/blog/liposuction-vs-breast-augmentation-miami,2,0,27.5
lipo bbl,/how-many-massages-after-bbl,2,0,3.5
lipo board,/what-is-lipo-foam,2,0,37.5
lipo chin cost,/how-long-does-it-take-to-recover-from-chin-lipo,2,0,3
lipo con fibrosis,/how-to-get-rid-of-fibrosis-after-lipo,2,0,1.5
lipo day,/how-long-does-it-take-to-recover-from-chin-lipo,2,0,1
lipo dents,/how-to-fix-uneven-liposuction,2,0,6.5
lipo drain,/how-to-reduce-swelling-after-liposuction,2,0,2
lipo fitness,/how-long-after-lipo-can-i-workout,2,0,1
lipo fix,/how-to-fix-uneven-liposuction,2,0,3
lipo fluid,/how-to-reduce-swelling-after-liposuction,2,0,1
lipo foam amazon,/what-is-lipo-foam,2,0,3
lipo foam ful lbody,/what-is-lipo-foam,2,0,12.5
lipo lymphatic drainage massage,/how-many-massages-after-lipo-360,2,0,72
lipo lymphatic massage,/how-many-massages-after-lipo-360,2,0,32.5
lipo massage near me,/how-many-massages-after-lipo-360,2,0,4.5
lipo on chin cost,/how-long-does-it-take-to-recover-from-chin-lipo,2,0,3
lipo pad,/what-is-lipo-foam,2,0,1.5
lipo prices in miami,/procedures/liposuction-miami,2,0,56.5
lipo recovery day by day,/how-long-does-it-take-to-recover-from-chin-lipo,2,0,37
lipo recovery time,/how-to-sleep-after-liposuction,2,0,2
lipo recovery tips,/when-to-start-lymphatic-massage-after-lipo,2,0,1
lipo side effects long term,/how-many-times-can-you-get-liposuction,2,0,3
lipo suction 360,/what-areas-does-lipo-360-cover,2,0,3
lipo surgery,/how-old-do-you-have-to-be-to-get-liposuction,2,0,3
lipo surgery cost,/how-many-times-can-you-get-liposuction,2,0,3
lipo surgery cost,/how-old-do-you-have-to-be-to-get-liposuction,2,0,2.5
lipo under chin cost,/how-long-does-it-take-to-recover-from-chin-lipo,2,0,3
lipo vs tummy tuck,/blog/tummy-tuck-vs-liposuction,2,0,3
lipo360,/how-old-do-you-have-to-be-to-get-liposuction,2,0,3
lipo360,/how-to-sleep-after-liposuction,2,0,3
lipoplasty miami,/procedures/liposuction-miami,2,0,86
liposaksiyadan neçə gün sonra limfodrenaj olar,/when-to-start-lymphatic-massage-after-lipo,2,0,51
liposculpting florida,/procedures/liposuction-miami,2,0,91
liposculpture cost miami,/blog/affordable-plastic-surgery-miami,2,0,18
liposculpture miami cost,/procedures/liposuction-miami,2,0,67
liposuccion de alta definicion miami,/procedures/liposuction-miami,2,0,76.5
liposuccion dos,/what-areas-does-lipo-360-cover,2,0,2
liposuccion prix,/how-many-times-can-you-get-liposuction,2,0,3
liposuction,/how-long-does-it-take-to-recover-from-chin-lipo,2,0,17
liposuction,/how-to-reduce-swelling-after-liposuction,2,0,3
liposuction,/what-is-lipo-foam,2,0,2.5
liposuction 360,/how-many-times-can-you-get-liposuction,2,0,3
liposuction 360 meaning,/how-many-times-can-you-get-liposuction,2,0,3
liposuction abdomen,/how-many-times-can-you-get-liposuction,2,0,3
liposuction aftercare massage,/how-many-massages-after-lipo-360,2,0,8.5
liposuction anatomy,/how-to-fix-uneven-liposuction,2,0,1
liposuction and breast augmentation,/blog/liposuction-vs-breast-augmentation-miami,2,0,26
liposuction back fat,/how-old-do-you-have-to-be-to-get-liposuction,2,0,3
liposuction before and after belly,/how-old-do-you-have-to-be-to-get-liposuction,2,0,4
liposuction before and after belly,/how-to-sleep-after-liposuction,2,0,5
liposuction chin,/how-long-does-it-take-to-recover-from-chin-lipo,2,0,3.5
liposuction complications,/how-old-do-you-have-to-be-to-get-liposuction,2,0,3
liposuction cost arms,/how-old-do-you-have-to-be-to-get-liposuction,2,0,3
liposuction cost in pakistan,/how-many-times-can-you-get-liposuction,2,0,3
liposuction cost in sri lanka,/how-many-times-can-you-get-liposuction,2,0,3
liposuction cost in uganda,/how-many-times-can-you-get-liposuction,2,0,2.5
liposuction cost stomach,/how-to-sleep-after-liposuction,2,0,3
liposuction downtime,/blog/liposuction-recovery-ozempic-miami,2,0,1
liposuction downtime,/how-to-sleep-after-liposuction,2,0,2.5
liposuction face before and after,/how-long-does-it-take-to-recover-from-chin-lipo,2,0,3
liposuction foam,/how-to-sleep-after-liposuction,2,0,3
liposuction foam board,/what-is-lipo-foam,2,0,1
liposuction foams,/what-is-lipo-foam,2,0,22.5
liposuction for belly fat,/how-many-times-can-you-get-liposuction,2,0,2
liposuction for face,/how-long-does-it-take-to-recover-from-chin-lipo,2,0,3
liposuction for men near me,/how-many-times-can-you-get-liposuction,2,0,3
liposuction healing,/how-long-after-lipo-can-i-workout,2,0,1
liposuction how does it work,/how-old-do-you-have-to-be-to-get-liposuction,2,0,3
liposuction how long to recover,/how-to-sleep-after-liposuction,2,0,2.5
liposuction how much fat can be removed,/how-many-times-can-you-get-liposuction,2,0,1
liposuction in the philippines,/how-many-times-can-you-get-liposuction,2,0,3
liposuction is safe,/how-many-times-can-you-get-liposuction,2,0,2.5
liposuction massage therapist near me,/when-to-start-lymphatic-massage-after-lipo,2,0,2
liposuction massages near me,/how-many-massages-after-lipo-360,2,0,2
liposuction miami fl,/blog/liposuction-candidate-miami,2,0,10
liposuction miami gardens,/procedures/liposuction-miami,2,0,47.5
liposuction mistakes,/how-to-fix-uneven-liposuction,2,0,76.5
liposuction near me,/how-many-times-can-you-get-liposuction,2,0,2
liposuction on face cost,/how-long-does-it-take-to-recover-from-chin-lipo,2,0,3
liposuction operation,/procedures/liposuction-miami,2,0,3
liposuction price,/how-many-times-can-you-get-liposuction,2,0,3
liposuction pros and cons,/how-old-do-you-have-to-be-to-get-liposuction,2,0,3
liposuction recovery,/how-many-times-can-you-get-liposuction,2,0,3.5
liposuction recovery,/how-to-sleep-after-liposuction,2,0,3
liposuction recovery compression garment swelling bruising,/how-to-get-rid-of-bruising-after-liposuction,2,0,7
liposuction recovery stages,/how-to-reduce-swelling-after-liposuction,2,0,1
liposuction recovery timeline,/how-to-sleep-after-liposuction,2,0,2.5
liposuction risks,/how-many-times-can-you-get-liposuction,2,0,3
liposuction risks,/how-old-do-you-have-to-be-to-get-liposuction,2,0,3
liposuction scars,/how-many-times-can-you-get-liposuction,2,0,3
liposuction side effects,/what-to-eat-after-liposuction,2,0,3
liposuction side effects long-term,/how-old-do-you-have-to-be-to-get-liposuction,2,0,3
liposuction success rate,/how-old-do-you-have-to-be-to-get-liposuction,2,0,3
liposuction sunshine coast,/how-many-times-can-you-get-liposuction,2,0,3
liposuction surgery cost in india,/how-many-times-can-you-get-liposuction,2,0,2.5
liposuction timeline,/how-long-does-it-take-to-recover-from-chin-lipo,2,0,1.5
liposuction turkey cost,/what-areas-does-lipo-360-cover,2,0,3
liposuction under chin before and after,/how-long-does-it-take-to-recover-from-chin-lipo,2,0,3
liposuction under chin recovery time,/how-long-does-it-take-to-recover-from-chin-lipo,2,0,13.5
liposuction video on tummy,/how-many-times-can-you-get-liposuction,2,0,5.5
liposuction vs tummy tuck costs,/blog/tummy-tuck-vs-liposuction,2,0,76
liposuction vs tummy tuck pictures,/how-many-times-can-you-get-liposuction,2,0,2
lower back swelling after lipo,/how-to-reduce-swelling-after-liposuction,2,0,2
lung fibrosis treatment,/how-to-get-rid-of-fibrosis-after-lipo,2,0,2.5
lymph drainage after liposuction,/when-to-start-lymphatic-massage-after-lipo,2,0,57.5
lymphatic drainage,/how-many-massages-after-bbl,2,0,5
lymphatic drainage,/how-many-massages-after-lipo-360,2,0,2
lymphatic drainage after laser lipolysis recommended,/how-many-massages-after-lipo-360,2,0,2
lymphatic drainage after plastic surgery,/how-many-massages-after-lipo-360,2,1,2.5
lymphatic drainage and cellulite,/when-to-start-lymphatic-massage-after-lipo,2,0,1
lymphatic drainage liposuction,/how-many-massages-after-lipo-360,2,0,44
lymphatic drainage masage,/how-many-massages-after-bbl,2,0,2.5
lymphatic drainage massage after,/when-to-start-lymphatic-massage-after-lipo,2,0,74.5
lymphatic drainage massage after bbl,/how-many-massages-after-lipo-360,2,0,79
lymphatic drainage massage after bbl,/how-to-sleep-after-bbl,2,0,3
lymphatic drainage massage after bbl near me,/how-many-massages-after-bbl,2,0,7.5
lymphatic drainage massage after care,/when-to-start-lymphatic-massage-after-lipo,2,0,79.5
lymphatic drainage massage after plastic surgery,/how-many-massages-after-lipo-360,2,0,2
lymphatic drainage massage after surgery,/when-to-start-lymphatic-massage-after-lipo,2,0,3
lymphatic drainage massage at home,/how-many-massages-after-lipo-360,2,0,1
lymphatic drainage massage benefits,/when-to-start-lymphatic-massage-after-lipo,2,0,2
lymphatic drainage massage benefits technique,/how-many-massages-after-bbl,2,0,7
lymphatic drainage massage buttocks,/how-many-massages-after-bbl,2,0,6.5
lymphatic drainage massage how to do at home,/how-many-massages-after-bbl,2,0,3
lymphatic drainage massage liposuction,/how-many-massages-after-lipo-360,2,0,94
lymphatic drainage massage techniques at home,/how-many-massages-after-bbl,2,0,3
lymphatic drainage massage treatment,/how-many-massages-after-bbl,2,0,2.5
lymphatic drainage massages,/how-many-massages-after-bbl,2,0,1.5
lymphatic drainage meaning,/when-to-start-lymphatic-massage-after-lipo,2,0,1
lymphatic drainage movements,/how-many-massages-after-bbl,2,0,2
lymphatic drainage post liposuction,/how-many-massages-after-lipo-360,2,0,32
lymphatic fluid in legs,/how-to-reduce-swelling-after-liposuction,2,0,3
lymphatic massage after bbl,/when-to-start-lymphatic-massage-after-lipo,2,0,1
lymphatic massage after bbl cost,/when-to-start-lymphatic-massage-after-lipo,2,0,1
lymphatic massage after lipo near me,/when-to-start-lymphatic-massage-after-lipo,2,0,2
lymphatic massage after tummy tuck and lipo,/when-to-start-lymphatic-massage-after-lipo,2,0,42
lymphatic massage diy,/how-many-massages-after-lipo-360,2,0,1
lymphatic massage post op,/how-many-massages-after-lipo-360,2,0,2
lymphatic massage post op,/when-to-start-lymphatic-massage-after-lipo,2,0,2
lymphatic massage technique,/how-many-massages-after-bbl,2,0,3
lymphatic massages,/when-to-start-lymphatic-massage-after-lipo,2,0,6
male liposuction before and after,/how-old-do-you-have-to-be-to-get-liposuction,2,0,2.5
manual lymphatic drainage after laser lipolysis recommended,/how-many-massages-after-lipo-360,2,0,2
manual lymphatic drainage after laser lipolysis recommended,/when-to-start-lymphatic-massage-after-lipo,2,0,2
manual lymphatic drainage after liposuction,/how-many-massages-after-lipo-360,2,0,3
manual lymphatic drainage after liposuction randomized trial,/how-many-massages-after-lipo-360,2,0,9.5
marena breathable lipo foam () reviews,/what-is-lipo-foam,2,0,2.5
masajes despues de la lipo,/how-many-massages-after-lipo-360,2,0,1.5
masajes postoperatorios liposuccion,/how-many-massages-after-lipo-360,2,0,2.5
masajes postoperatorios liposuccion,/when-to-start-lymphatic-massage-after-lipo,2,0,1
massage after lipo surgery,/how-many-massages-after-lipo-360,2,0,13.5
massage after liposuction near me,/when-to-start-lymphatic-massage-after-lipo,2,0,1
massage for liposuction recovery,/how-many-massages-after-lipo-360,2,0,19
medicamento para fibrosis pulmonar precio,/how-to-get-rid-of-fibrosis-after-lipo,2,0,3
medicamentos para la fibrosis post liposucción,/how-to-get-rid-of-fibrosis-after-lipo,2,0,2.5
menú para después de una liposucción,/what-to-eat-after-liposuction,2,0,93.5
miami liposuction prices,/procedures/liposuction-miami,2,0,86.5
mommy makeover liposuction,/blog/tummy-tuck-vs-liposuction,2,0,3.5
natural remedies for fibrosis,/how-to-get-rid-of-fibrosis-after-lipo,2,0,2.5
nausea after liposuction,/how-to-reduce-itching-after-lipo,2,0,66.5
neck liposuction recovery day by day,/how-long-does-it-take-to-recover-from-chin-lipo,2,0,38.5
non invasive liposuction,/how-many-times-can-you-get-liposuction,2,0,2.5
nova sculpt lipo foam 360,/what-is-lipo-foam,2,0,4
oedeme apres liposuccion ventre,/how-to-reduce-swelling-after-liposuction,2,0,2
pain after liposuction,/how-to-sleep-after-liposuction,2,0,2.5
peer reviewed article secondary liposuction timing months,/how-many-times-can-you-get-liposuction,2,0,10.5
post lipo drainage,/when-to-start-lymphatic-massage-after-lipo,2,0,1
post lipo massage miami,/how-many-massages-after-lipo-360,2,0,14.5
post lipo massage miami,/when-to-start-lymphatic-massage-after-lipo,2,0,24
post liposuction care,/how-many-times-can-you-get-liposuction,2,0,3
post liposuction diet,/what-to-eat-after-liposuction,2,0,1
post op bbl lymphatic massage,/how-many-massages-after-bbl,2,0,8
post op lipo lymphatic drainage massage,/how-many-massages-after-lipo-360,2,0,2
post op lipo massage,/how-many-massages-after-lipo-360,2,0,66.5
post op lymphatic drainage massage,/how-many-massages-after-lipo-360,2,0,2
post op lymphatic massages,/when-to-start-lymphatic-massage-after-lipo,2,0,2.5
post op plastic surgery how long to wait for lymphatic drainage,/when-to-start-lymphatic-massage-after-lipo,2,0,9.5
post surgery lymphatic massage,/how-many-massages-after-lipo-360,2,0,2
post surgery lymphatic massage,/when-to-start-lymphatic-massage-after-lipo,2,0,2
post surgery lymphatic massage near me,/how-many-massages-after-lipo-360,2,0,5
postoperative fibrosis,/how-to-get-rid-of-fibrosis-after-lipo,2,0,34
postpartum lymphatic drainage massage,/how-many-massages-after-lipo-360,2,0,3
power assisted liposuction,/how-many-times-can-you-get-liposuction,2,0,3
power assisted liposuction miami,/procedures/liposuction-miami,2,0,27.5
pressotherapy after liposuction,/when-to-start-lymphatic-massage-after-lipo,2,0,2
prevent fibrosis after lipo,/how-to-get-rid-of-fibrosis-after-lipo,2,0,2
proteina post lipo bbl,/how-to-feed-the-fat-after-bbl,2,0,1.5
pulmonary fibrosis symptoms,/how-to-get-rid-of-fibrosis-after-lipo,2,0,3
purpose of lymphatic drainage massage,/when-to-start-lymphatic-massage-after-lipo,2,0,1
qualifications for liposuction,/how-old-do-you-have-to-be-to-get-liposuction,2,0,46
qualifying for liposuction: how old do you have to be,/how-old-do-you-have-to-be-to-get-liposuction,2,0,6
que comer despues de una liposuccion,/what-to-eat-after-liposuction,2,0,74
que es bueno para la fibrosis,/how-to-get-rid-of-fibrosis-after-lipo,2,0,3
que es fibrosis en el higado,/how-to-get-rid-of-fibrosis-after-lipo,2,0,2
que es fibrosis en los senos,/how-to-get-rid-of-fibrosis-after-lipo,2,0,2.5
qué alimentos no debo comer si tengo fibrosis,/how-to-get-rid-of-fibrosis-after-lipo,2,0,3
qué es la fibrosis,/how-to-get-rid-of-fibrosis-after-lipo,2,0,3
recovery after chin lipo,/how-long-does-it-take-to-recover-from-chin-lipo,2,0,1
recovery after liposuction,/how-long-after-lipo-can-i-workout,2,0,1
recovery after liposuction,/how-many-times-can-you-get-liposuction,2,0,2.5
recovery for liposuction,/how-long-after-lipo-can-i-workout,2,0,1
recovery from liposuction,/how-to-sleep-after-liposuction,2,0,3
recovery from.liposuction,/how-long-after-lipo-can-i-workout,2,0,1
recovery time for lipo 360 and bbl,/blog/tummy-tuck-vs-bbl-miami,2,0,2.5
recovery time for lipo 360 and bbl,/how-to-sleep-after-bbl,2,0,3
recovery time for liposuction,/how-old-do-you-have-to-be-to-get-liposuction,2,0,3
red light therapy after liposuction,/how-many-massages-after-lipo-360,2,0,2.5
remedio casero para la fibrosis pulmonar,/how-to-get-rid-of-fibrosis-after-lipo,2,0,3
remedios caseros para la fibrosis pulmonar,/how-to-get-rid-of-fibrosis-after-lipo,2,0,3
requirements for liposuction,/how-old-do-you-have-to-be-to-get-liposuction,2,0,58
revision lipo,/how-many-times-can-you-get-liposuction,2,0,1
revision liposuction more difficult due to scar tissue fibrosis,/how-to-get-rid-of-fibrosis-after-lipo,2,0,2
revision liposuction timing 6 months 12 months after initial surgery plastic surgeon recommendation,/how-to-get-rid-of-fibrosis-after-lipo,2,0,2
revision liposuction timing 6 months 12 months wait,/how-many-times-can-you-get-liposuction,2,0,2
revision liposuction wait 6 months 12 months recommended,/how-many-times-can-you-get-liposuction,2,0,2
revision liposuction wait 6 months 12 months recommended timing,/how-many-times-can-you-get-liposuction,2,0,4.5
revision liposuction wait 6 months 9 12 months recommendation,/how-many-times-can-you-get-liposuction,2,0,2
risks of liposuction,/how-many-times-can-you-get-liposuction,2,0,3
risks of liposuction,/how-old-do-you-have-to-be-to-get-liposuction,2,0,2.5
side effects from liposuction,/how-old-do-you-have-to-be-to-get-liposuction,2,0,3
side effects of liposuction,/how-to-reduce-swelling-after-liposuction,2,0,3
signos de alarma después de una liposucción,/how-to-reduce-swelling-after-liposuction,2,0,2.5
sintomas de fibrosis pulmonar,/how-to-get-rid-of-fibrosis-after-lipo,2,0,2.5
smart lipo before and after thighs,/how-many-times-can-you-get-liposuction,2,0,6
smart lipo recovery time,/how-many-times-can-you-get-liposuction,2,0,2.5
smartlipo,/how-many-times-can-you-get-liposuction,2,0,4
sono bello liposuction cost,/how-old-do-you-have-to-be-to-get-liposuction,2,0,3
stomach liposuction cost miami,/procedures/liposuction-miami,2,0,56
submental liposuction,/how-many-times-can-you-get-liposuction,2,0,4
submucous fibrosis treatment,/how-to-get-rid-of-fibrosis-after-lipo,2,0,3
swelling 5 days after liposuction,/how-to-reduce-swelling-after-liposuction,2,0,61
swelling after lipo 360,/how-to-sleep-after-liposuction,2,0,2.5
swelling liposuction results week by week,/how-to-reduce-swelling-after-liposuction,2,0,94.5
síntomas de una fibrosis pulmonar,/how-to-get-rid-of-fibrosis-after-lipo,2,0,3
tabla post lipo,/how-to-sleep-after-liposuction,2,0,2.5
tabla postoperatoria para lipo,/what-is-lipo-foam,2,0,4
tablas post lipo,/how-to-sleep-after-liposuction,2,0,2.5
thigh liposuction bruising,/how-to-get-rid-of-bruising-after-liposuction,2,0,54.5
thoracic roll liposuction,/what-areas-does-lipo-360-cover,2,0,3
tickle liposuction,/how-old-do-you-have-to-be-to-get-liposuction,2,0,3
tumescent liposuction,/how-old-do-you-have-to-be-to-get-liposuction,2,0,3
tumescent liposuction miami,/procedures/liposuction-miami,2,0,72
tummy tuck lipo and bbl,/blog/tummy-tuck-vs-bbl-miami,2,0,22
tummy tuck vs liposuction,/blog/tummy-tuck-vs-liposuction,2,0,3
tummy tuck with lipo 360,/blog/tummy-tuck-vs-bbl-miami,2,0,3
under chin liposuction cost,/how-long-does-it-take-to-recover-from-chin-lipo,2,0,3
uneven liposuction results,/how-many-times-can-you-get-liposuction,2,0,3
unfavourable outcomes of liposuction and their management wait at least 6 months to 1 year before considering further surgery,/how-many-times-can-you-get-liposuction,2,0,2
vaser lipo,/how-old-do-you-have-to-be-to-get-liposuction,2,0,3.5
vaser lipo,/how-to-sleep-after-liposuction,2,0,3
vaser lipo before and after,/how-to-sleep-after-liposuction,2,0,3
vaser lipo recovery,/how-to-sleep-after-liposuction,2,0,2.5
vaser liposuction before and after,/how-many-times-can-you-get-liposuction,2,0,2.5
vaser liposuction cost,/how-many-times-can-you-get-liposuction,2,0,3
verhärtungen nach liposuktion gehen nicht weg,/how-to-get-rid-of-fibrosis-after-lipo,2,0,2
what about liposuction,/how-old-do-you-have-to-be-to-get-liposuction,2,0,1.5
what aftercare products or services are most recommended for minimizing chin liposuction swelling?,/how-to-reduce-swelling-after-liposuction,2,0,38
what are side effects of liposuction,/how-old-do-you-have-to-be-to-get-liposuction,2,0,3
what are the risks of liposuction,/how-old-do-you-have-to-be-to-get-liposuction,2,0,2.5
what are the side effects of liposuction,/how-old-do-you-have-to-be-to-get-liposuction,2,0,3
what buy now pay later platform works best for elective cosmetic procedures like mommy makeovers and liposuction,/blog/affordable-plastic-surgery-miami,2,0,5
what causes post liposuction swelling,/how-to-reduce-swelling-after-liposuction,2,0,1
what does a lipo 360 include,/what-areas-does-lipo-360-cover,2,0,6.5
what does fibrosis after lipo feel like,/how-to-get-rid-of-fibrosis-after-lipo,2,0,12
what does liposuction do,/how-many-times-can-you-get-liposuction,2,0,3
what does lymphatic massage do,/how-many-massages-after-lipo-360,2,0,3
what fibrosis means,/how-to-get-rid-of-fibrosis-after-lipo,2,0,3
what happens 10 years after liposuction?,/how-many-times-can-you-get-liposuction,2,0,2
what happens if you don t wear compression garment after lipo,/how-to-sleep-after-liposuction,2,0,3
what happens if you don t wear compression garment after lipo,/what-is-lipo-foam,2,0,3
what happens if you get pregnant after liposuction,/how-many-times-can-you-get-liposuction,2,0,3
what happens if you get pregnant after liposuction,/how-old-do-you-have-to-be-to-get-liposuction,2,0,3
what is 360 degree liposuction,/how-many-times-can-you-get-liposuction,2,0,2
what is 360 lipo,/how-many-times-can-you-get-liposuction,2,0,3
what is a lipo 360 surgery,/how-many-times-can-you-get-liposuction,2,0,2.5
what is a lymphatic massage after lipo,/when-to-start-lymphatic-massage-after-lipo,2,0,18
what is a realistic recovery timeline for laser lipo and when can you work out?,/how-long-after-lipo-can-i-workout,2,0,8.5
what is awake lipo,/how-old-do-you-have-to-be-to-get-liposuction,2,0,3
what is fibrosis after plastic surgery,/how-to-get-rid-of-fibrosis-after-lipo,2,0,1
what is fibrosis after surgery,/how-to-get-rid-of-fibrosis-after-lipo,2,0,27.5
what is fibrosis of skin,/how-to-get-rid-of-fibrosis-after-lipo,2,0,2
what is fibrosis of the liver,/how-to-get-rid-of-fibrosis-after-lipo,2,0,2.5
what is fibrosis treatment,/how-to-get-rid-of-fibrosis-after-lipo,2,0,3
what is lipo 360 surgery,/how-many-times-can-you-get-liposuction,2,0,2.5
what is lipo 360 with bbl,/how-many-times-can-you-get-liposuction,2,0,3
what is lipo surgery,/how-old-do-you-have-to-be-to-get-liposuction,2,0,3
what is liposuction,/how-to-sleep-after-liposuction,2,0,2.5
what is liposuction 360,/how-many-times-can-you-get-liposuction,2,0,2.5
what is liposuction and how does it work,/how-many-times-can-you-get-liposuction,2,0,2.5
what is liposuction and how does it work,/how-old-do-you-have-to-be-to-get-liposuction,2,0,2.5
what is liposuction surgery means,/how-many-times-can-you-get-liposuction,2,0,3
what is lymphatic drainage massage,/when-to-start-lymphatic-massage-after-lipo,2,0,7.5
what is the difference between liposuction and tummy tuck,/blog/tummy-tuck-vs-bbl-miami,2,0,2.5
what is the difference between tummy tuck and liposuction,/how-many-times-can-you-get-liposuction,2,0,3
what is the downtime for liposuction,/how-old-do-you-have-to-be-to-get-liposuction,2,0,3
what is the recovery for liposuction,/how-long-after-lipo-can-i-workout,2,0,1
"what should be expected in the first week of waist liposuction recovery in terms of swelling, bruising, and activity limits?",/how-to-get-rid-of-bruising-after-liposuction,2,0,3.5
what should i eat after liposuction,/what-to-eat-after-liposuction,2,0,12
what to eat after chin lipo,/what-to-eat-after-liposuction,2,0,30
what to eat after liposuction,/how-many-times-can-you-get-liposuction,2,0,3
what to eat after liposuction,/how-to-reduce-swelling-after-liposuction,2,0,2
what to expect after liposuction,/how-to-reduce-itching-after-lipo,2,0,2.5
what to expect after liposuction,/how-to-sleep-after-liposuction,2,0,3
what to expect during a lymphatic drainage massage session for weight loss at a cosmetic surgery facility?,/when-to-start-lymphatic-massage-after-lipo,2,0,39.5
whats lipo 360,/what-areas-does-lipo-360-cover,2,0,3
when can i shower after liposuction,/how-to-sleep-after-liposuction,2,0,3
when can i sleep on my side after liposuction,/how-to-reduce-swelling-after-liposuction,2,0,3
when can you get liposuction,/how-old-do-you-have-to-be-to-get-liposuction,2,0,35.5
when can you shower after liposuction,/how-to-reduce-swelling-after-liposuction,2,0,3
when do you feel better after lymphatic massage,/when-to-start-lymphatic-massage-after-lipo,2,0,60.5
when to start lymphatic massage after facelift,/when-to-start-lymphatic-massage-after-lipo,2,0,19
why does liposuction hurt so bad,/how-many-times-can-you-get-liposuction,2,0,3
why does liposuction hurt so bad,/how-to-sleep-after-liposuction,2,0,2.5
why is my stomach not flat after lipo,/how-to-fix-uneven-liposuction,2,0,61.5
wie läuft eine liposuktion ab,/how-to-sleep-after-liposuction,2,0,2.5
will fat grow back after liposuction,/how-many-times-can-you-get-liposuction,2,0,3
will lumps after liposuction go away,/how-many-times-can-you-get-liposuction,2,0,3
wood therapy after lipo,/what-is-lipo-foam,2,0,3
wrap around lipo foam,/what-is-lipo-foam,2,0,4.5
"""9 to 12 months"" revision liposuction wait",/how-many-times-can-you-get-liposuction,1,0,2
"""secondary liposuction"" ""6 months""",/how-many-times-can-you-get-liposuction,1,0,2
1 week after liposuction,/how-many-massages-after-lipo-360,1,0,3
1 week after liposuction,/how-to-sleep-after-liposuction,1,0,3
1 week after liposuction,/when-to-start-lymphatic-massage-after-lipo,1,0,3
1 weeks after liposuction photos,/how-many-massages-after-lipo-360,1,0,2
15 días después de una liposucción,/how-to-reduce-swelling-after-liposuction,1,0,3
2 weeks after liposuction photos,/how-to-reduce-swelling-after-liposuction,1,0,2
2 weeks after liposuction photos reddit,/how-many-massages-after-lipo-360,1,0,4
2 weeks after liposuction photos reddit,/when-to-start-lymphatic-massage-after-lipo,1,0,4
2 weeks post lipo,/how-many-massages-after-lipo-360,1,1,2
3 minute lymphatic drainage massage,/how-many-massages-after-bbl,1,0,3
3 months after lipo still swollen,/how-to-reduce-swelling-after-liposuction,1,0,3
3 weeks after liposuction photos,/what-to-eat-after-liposuction,1,0,2
3 weeks post lipo,/how-to-reduce-swelling-after-liposuction,1,0,3
3 weeks post liposuction swelling,/how-to-reduce-swelling-after-liposuction,1,0,64
360 body contouring,/what-areas-does-lipo-360-cover,1,0,1
360 degree liposuction cost,/how-many-times-can-you-get-liposuction,1,0,2
360 foam lipo,/what-is-lipo-foam,1,0,4
360 lipo,/procedures/liposuction-miami,1,0,1
360 lipo and fat transfer,/how-to-sleep-after-liposuction,1,0,3
360 lipo and tummy tuck,/what-areas-does-lipo-360-cover,1,0,3
360 lipo before and after,/how-long-does-it-take-to-recover-from-chin-lipo,1,0,16
360 lipo cost,/how-to-reduce-itching-after-lipo,1,0,2
360 lipo foam wrap,/what-is-lipo-foam,1,0,4
360 lipo for men,/how-to-sleep-after-liposuction,1,0,3
360 lipo meaning,/what-areas-does-lipo-360-cover,1,0,3
360 lipo near me,/how-to-sleep-after-liposuction,1,0,2
360 lipo price,/what-areas-does-lipo-360-cover,1,0,1
360 lipo recovery time,/how-to-sleep-after-liposuction,1,0,3
360 lipo with tummy tuck,/how-to-sleep-after-liposuction,1,0,4
360 lipo without tummy tuck cost,/how-many-times-can-you-get-liposuction,1,0,2
360 liposuction areas diagram abdomen flanks back,/what-areas-does-lipo-360-cover,1,0,3
360 liposuction before and after,/how-many-times-can-you-get-liposuction,1,0,3
360 liposuction cost,/how-many-times-can-you-get-liposuction,1,0,3
360 liposuction cost,/how-to-reduce-itching-after-lipo,1,0,3
360 liposuction cost,/what-areas-does-lipo-360-cover,1,0,1
360 liposuction cost montreal,/what-areas-does-lipo-360-cover,1,0,1
360 liposuction procedure,/what-areas-does-lipo-360-cover,1,0,3
360 liposuction turkey price,/how-many-times-can-you-get-liposuction,1,0,3
360 vaser lipo,/how-many-massages-after-lipo-360,1,0,1
3d liposuction,/how-to-fix-uneven-liposuction,1,0,1
4 weeks after liposuction photos,/how-many-massages-after-lipo-360,1,0,2
4 weeks after liposuction photos,/how-old-do-you-have-to-be-to-get-liposuction,1,0,2
4 weeks after liposuction photos,/how-to-sleep-after-liposuction,1,0,2
4 weeks after vaser lipo treatment,/how-to-reduce-swelling-after-liposuction,1,0,3
abdomen and flanks,/how-to-sleep-after-liposuction,1,0,1
abdomen and flanks,/what-areas-does-lipo-360-cover,1,0,5
abdomen liposuction,/how-many-times-can-you-get-liposuction,1,0,3
abdomen liposuction,/how-old-do-you-have-to-be-to-get-liposuction,1,0,3
abdominal and flank liposuction,/how-to-reduce-swelling-after-liposuction,1,0,3
abdominal board after lipo,/how-to-sleep-after-liposuction,1,0,4
abdominal board after lipo,/what-is-lipo-foam,1,0,2
abdominal liposuction,/how-many-times-can-you-get-liposuction,1,0,3
abdominal liposuction,/how-old-do-you-have-to-be-to-get-liposuction,1,0,3
abdominal liposuction before and after,/how-to-fix-uneven-liposuction,1,0,1
abdominal liposuction recovery,/how-long-does-it-take-to-recover-from-chin-lipo,1,0,11
abdominal liposuction recovery timeline,/how-to-sleep-after-liposuction,1,0,3
abdominal massage after liposuction,/when-to-start-lymphatic-massage-after-lipo,1,0,1
abdominoplastia o liposucción,/how-many-times-can-you-get-liposuction,1,0,2
abdominoplastia sin faja,/how-to-get-rid-of-fibrosis-after-lipo,1,0,3
abdominoplasty and liposuction,/blog/tummy-tuck-vs-bbl-miami,1,0,3
about liposuction surgery,/how-to-sleep-after-liposuction,1,0,2
advance fibrosis of the liver,/how-to-get-rid-of-fibrosis-after-lipo,1,0,3
advanced fibrosis,/how-to-get-rid-of-fibrosis-after-lipo,1,0,3
advantages of liposuction,/how-many-times-can-you-get-liposuction,1,0,3
affordable liposuction,/how-old-do-you-have-to-be-to-get-liposuction,1,0,6
after a lymphatic drainage massage,/when-to-start-lymphatic-massage-after-lipo,1,0,70
after care for liposuction,/how-many-times-can-you-get-liposuction,1,0,3
after care for liposuction,/how-to-sleep-after-liposuction,1,0,2
after chin lipo,/how-long-does-it-take-to-recover-from-chin-lipo,1,0,1
after chin lipo care,/how-long-does-it-take-to-recover-from-chin-lipo,1,0,3
after double chin liposuction,/how-many-times-can-you-get-liposuction,1,0,3
after effects of liposuction,/how-old-do-you-have-to-be-to-get-liposuction,1,0,3
after lipo,/how-many-massages-after-lipo-360,1,1,4
after lipo,/what-is-lipo-foam,1,0,2
after lipo,/when-to-start-lymphatic-massage-after-lipo,1,0,6
after lipo 360,/how-many-times-can-you-get-liposuction,1,0,3
after lipo 360,/how-to-get-rid-of-fibrosis-after-lipo,1,0,2
after lipo 360,/when-to-start-lymphatic-massage-after-lipo,1,0,2
after lipo 360 care,/how-to-sleep-after-liposuction,1,0,3
after lipo how long to wear compression garment,/how-to-sleep-after-liposuction,1,0,3
after lipo massage,/how-many-massages-after-bbl,1,0,3
after lipo massage cursus,/when-to-start-lymphatic-massage-after-lipo,1,0,38
after liposuction,/how-many-times-can-you-get-liposuction,1,0,3
after liposuction,/how-to-get-rid-of-bruising-after-liposuction,1,0,1
after liposuction,/how-to-reduce-swelling-after-liposuction,1,0,1
after liposuction care,/how-many-times-can-you-get-liposuction,1,0,3
after liposuction care,/what-is-lipo-foam,1,0,3
after liposuction how long does swelling last,/how-many-times-can-you-get-liposuction,1,0,3
after liposuction surgery,/how-to-sleep-after-liposuction,1,0,3
after liposuction when can i exercise,/how-to-sleep-after-liposuction,1,0,2
after lymphatic drainage,/when-to-start-lymphatic-massage-after-lipo,1,0,3
after lymphatic drainage massage,/when-to-start-lymphatic-massage-after-lipo,1,0,82
after smart lipo,/how-many-times-can-you-get-liposuction,1,0,5
aftercare for liposuction,/how-to-sleep-after-liposuction,1,0,3
aggressive lipo,/how-to-fix-uneven-liposuction,1,0,1
airsculpt lipo,/how-to-sleep-after-liposuction,1,0,3
airsculpt or liposuction,/how-old-do-you-have-to-be-to-get-liposuction,1,0,3
alexander mcqueen liposuction,/how-old-do-you-have-to-be-to-get-liposuction,1,0,4
am i a good candidate for liposuction?,/how-many-times-can-you-get-liposuction,1,0,3
american board of cosmetic surgery revision liposuction wait 6 months,/how-many-times-can-you-get-liposuction,1,0,2
american lipo,/procedures/liposuction-miami,1,0,63
american society of plastic surgeons compression garment after liposuction how long,/blog/liposuction-miami-moms-tips,1,0,5
american society of plastic surgeons liposuction recovery compression garment weeks,/blog/liposuction-miami-moms-tips,1,0,10
american society of plastic surgeons liposuction recovery diet salt swelling,/how-to-reduce-swelling-after-liposuction,1,0,3
american society of plastic surgeons liposuction recovery diet swelling sodium,/how-to-reduce-swelling-after-liposuction,1,0,2
american society of plastic surgeons liposuction recovery swelling 6 months,/blog/liposuction-candidate-miami,1,0,12
american society of plastic surgeons liposuction recovery swelling months final results 6 months,/blog/liposuction-candidate-miami,1,0,4
american society of plastic surgeons liposuction recovery swelling weeks,/blog/liposuction-miami-moms-tips,1,0,11
american society of plastic surgeons lymphatic drainage massage after liposuction,/how-many-massages-after-lipo-360,1,0,4
american society of plastic surgeons revision liposuction how long wait 6 months,/how-many-times-can-you-get-liposuction,1,0,2
american society of plastic surgeons revision liposuction timing months after surgery,/how-many-times-can-you-get-liposuction,1,0,4
american society of plastic surgeons revision liposuction timing wait 6 months 12 months,/how-many-times-can-you-get-liposuction,1,0,6
american society of plastic surgeons revision liposuction timing wait 6 months swelling fibrosis,/how-to-get-rid-of-fibrosis-after-lipo,1,0,2
american society of plastic surgeons revision liposuction wait 6 months 1 year,/how-many-times-can-you-get-liposuction,1,0,2
american society of plastic surgeons revision liposuction when to wait,/how-many-times-can-you-get-liposuction,1,0,3
american society of plastic surgeons revision surgery wait 6 months liposuction,/how-many-times-can-you-get-liposuction,1,0,2
and liposuction,/how-many-massages-after-bbl,1,0,1
ankle liposuction before and after,/how-old-do-you-have-to-be-to-get-liposuction,1,0,3
ankle lymphatic drainage,/how-to-reduce-swelling-after-liposuction,1,0,2
anti fibrosis treatment,/how-to-get-rid-of-fibrosis-after-lipo,1,0,3
apical fibrosis meaning,/how-to-get-rid-of-fibrosis-after-lipo,1,0,3
are liposuction results permanent,/how-many-times-can-you-get-liposuction,1,0,2
are lymphatic drainage massages good for you,/how-many-massages-after-lipo-360,1,0,3
are you awake during liposuction,/how-to-sleep-after-liposuction,1,0,2
are you put to sleep for liposuction,/how-old-do-you-have-to-be-to-get-liposuction,1,0,3
areas for liposuction,/what-areas-does-lipo-360-cover,1,0,2
arizona liposuction,/how-to-sleep-after-liposuction,1,0,3
arm and thigh liposuction,/how-old-do-you-have-to-be-to-get-liposuction,1,0,3
arm faja after lipo,/how-to-sleep-after-liposuction,1,0,3
arm fat liposuction,/how-many-times-can-you-get-liposuction,1,0,3
arm lipo,/procedures/liposuction-miami,1,0,2
arm lipo and lift cost,/how-to-sleep-after-liposuction,1,0,3
arm lipo before and after,/how-to-sleep-after-liposuction,1,0,3
arm lipo cost,/procedures/liposuction-miami,1,0,3
arm lipo cost miami,/blog/affordable-plastic-surgery-miami,1,0,3
arm lipo post op care,/how-to-sleep-after-liposuction,1,0,3
arm lipo san diego,/how-many-times-can-you-get-liposuction,1,0,3
arm lipolysis injection,/how-many-times-can-you-get-liposuction,1,0,3
arm liposuction,/how-old-do-you-have-to-be-to-get-liposuction,1,0,3
arm liposuction before and after,/how-to-fix-uneven-liposuction,1,0,1
arm liposuction cost miami,/blog/affordable-plastic-surgery-miami,1,0,60
arm liposuction cost south africa,/how-many-times-can-you-get-liposuction,1,0,3
arm liposuction near me,/procedures/liposuction-miami,1,0,2
arm liposuction side effects,/how-many-times-can-you-get-liposuction,1,0,3
arm liposuction swelling,/how-to-reduce-swelling-after-liposuction,1,0,3
arm vaser lipo before and after,/how-many-times-can-you-get-liposuction,1,1,2
arm.liposuction cost,/how-many-times-can-you-get-liposuction,1,0,3
armpit fat removal surgery cost in india,/how-many-times-can-you-get-liposuction,1,0,3
armpit liposuction,/how-old-do-you-have-to-be-to-get-liposuction,1,0,3
arms lipo before and after,/how-many-times-can-you-get-liposuction,1,0,3
arms liposuction,/how-many-times-can-you-get-liposuction,1,0,3
arms liposuction cost,/how-many-times-can-you-get-liposuction,1,0,3
arms liposuction recovery,/how-many-times-can-you-get-liposuction,1,0,2
artery fibrosis,/how-to-get-rid-of-fibrosis-after-lipo,1,0,3
artofibrosis,/how-to-get-rid-of-fibrosis-after-lipo,1,0,4
artrofibrosis,/how-to-get-rid-of-fibrosis-after-lipo,1,0,3
artrofibrosis rodilla,/how-to-get-rid-of-fibrosis-after-lipo,1,0,3
asps contour irregularity liposuction revision after 6 months,/how-to-fix-uneven-liposuction,1,0,6
asps contour irregularity liposuction revision timing,/how-to-fix-uneven-liposuction,1,0,10
asps liposuction final results 6 months swelling,/blog/liposuction-recovery-time-miami,1,0,6
asps lymphatic massage after liposuction,/how-many-massages-after-lipo-360,1,0,7
asps revision liposuction timing months,/how-many-times-can-you-get-liposuction,1,0,2
asps revision liposuction timing wait 6 months,/how-many-times-can-you-get-liposuction,1,0,2
aventura liposuction,/procedures/liposuction-miami,1,0,52
average cost for chin lipo,/how-long-does-it-take-to-recover-from-chin-lipo,1,0,3
average cost liposuction,/how-old-do-you-have-to-be-to-get-liposuction,1,0,3
average cost of liposuction,/what-areas-does-lipo-360-cover,1,0,3
average cost of liposuction of the stomach,/how-many-times-can-you-get-liposuction,1,0,3
average lipo 360 cost,/how-old-do-you-have-to-be-to-get-liposuction,1,0,3
average recovery time for liposuction,/blog/liposuction-recovery-ozempic-miami,1,0,1
awake lipo,/how-to-fix-uneven-liposuction,1,0,1
awake lipo atlanta,/how-old-do-you-have-to-be-to-get-liposuction,1,0,2
awake lipo shaping near me,/procedures/liposuction-miami,1,0,91
awake liposuction,/how-many-times-can-you-get-liposuction,1,0,3
awake liposuction before and after,/how-old-do-you-have-to-be-to-get-liposuction,1,0,3
awake liposuction near me,/how-old-do-you-have-to-be-to-get-liposuction,1,0,3
awake liposuction recovery time,/how-to-reduce-itching-after-lipo,1,0,3
awake.lipo,/how-many-times-can-you-get-liposuction,1,0,3
axillary liposuction,/how-to-sleep-after-liposuction,1,0,3
baby lipo,/blog/tummy-tuck-vs-liposuction,1,0,3
baby lipo,/how-old-do-you-have-to-be-to-get-liposuction,1,0,3
baby liposuction,/how-old-do-you-have-to-be-to-get-liposuction,1,0,3
back board lipo,/how-many-times-can-you-get-liposuction,1,0,2
back fat liposuction before and after,/what-areas-does-lipo-360-cover,1,0,3
back fat liposuction cost,/how-old-do-you-have-to-be-to-get-liposuction,1,0,3
back fat removal surgery before and after,/how-many-times-can-you-get-liposuction,1,0,6
back lipo,/how-old-do-you-have-to-be-to-get-liposuction,1,0,2
back lipo,/what-areas-does-lipo-360-cover,1,0,2
back lipo before and after,/how-many-times-can-you-get-liposuction,1,0,3
back lipo recovery,/how-to-sleep-after-liposuction,1,0,3
back liposuction,/how-many-times-can-you-get-liposuction,1,0,3
back liposuction,/how-to-sleep-after-liposuction,1,0,3
back liposuction cost,/how-many-times-can-you-get-liposuction,1,0,3
bbl and lipo 360,/blog/tummy-tuck-vs-bbl-miami,1,0,3
bbl and lipo 360,/how-old-do-you-have-to-be-to-get-liposuction,1,0,3
bbl and lipo 360,/what-areas-does-lipo-360-cover,1,0,1
bbl and lipo 360 before and after pictures,/how-to-sleep-after-liposuction,1,0,2
bbl and lipo 360 near me,/how-to-sleep-after-bbl,1,0,3
bbl faja,/how-to-sleep-after-bbl,1,0,3
bbl lipo,/how-to-reduce-itching-after-lipo,1,0,2
bbl lipo,/how-to-sleep-after-bbl,1,0,4
bbl lipo 360 and tummy tuck cost,/blog/tummy-tuck-vs-bbl-miami,1,0,3
bbl lipo 360 cost,/how-old-do-you-have-to-be-to-get-liposuction,1,0,3
beautifill laser liposuction,/how-old-do-you-have-to-be-to-get-liposuction,1,0,3
before after chin lipo,/how-long-does-it-take-to-recover-from-chin-lipo,1,0,2
before and after 360 lipo,/how-many-massages-after-lipo-360,1,0,19
before and after 360 lipo,/when-to-start-lymphatic-massage-after-lipo,1,0,22
before and after 360 lipo without tummy tuck,/how-many-times-can-you-get-liposuction,1,0,5
before and after abdominal liposuction,/how-many-times-can-you-get-liposuction,1,0,3
before and after abdominal liposuction,/how-to-fix-uneven-liposuction,1,0,2
before and after lipo,/how-many-times-can-you-get-liposuction,1,0,3
before and after lipo 360 areas,/what-areas-does-lipo-360-cover,1,0,49
before and after liposuction,/how-long-does-it-take-to-recover-from-chin-lipo,1,0,5
before and after liposuction,/how-many-times-can-you-get-liposuction,1,0,3
before and after liposuction,/how-old-do-you-have-to-be-to-get-liposuction,1,0,4
before and after liposuction on stomach,/how-old-do-you-have-to-be-to-get-liposuction,1,0,3
before and after liposuction pictures,/how-many-times-can-you-get-liposuction,1,0,3
before and after liposuction surgery,/how-long-does-it-take-to-recover-from-chin-lipo,1,0,18
before and after pictures of thigh liposuction,/how-old-do-you-have-to-be-to-get-liposuction,1,0,3
before liposuction,/how-many-times-can-you-get-liposuction,1,0,3
before vs after liposuction,/how-to-sleep-after-liposuction,1,0,2
belly liposuction,/how-old-do-you-have-to-be-to-get-liposuction,1,0,3
belly liposuction,/how-to-sleep-after-liposuction,1,0,3
belly liposuction before and after,/how-old-do-you-have-to-be-to-get-liposuction,1,0,3
belly liposuction before and after,/how-to-fix-uneven-liposuction,1,0,2
belly liposuction cost,/how-many-times-can-you-get-liposuction,1,0,3
belo arm liposuction price philippines,/how-many-times-can-you-get-liposuction,1,0,3
benefits of full body lymphatic drainage massage,/how-many-massages-after-lipo-360,1,0,3
benefits of liposuction,/what-to-eat-after-liposuction,1,0,3
benefits of lymphatic massage after surgery,/how-many-massages-after-lipo-360,1,0,3
best clinics for high volume liposuction,/how-to-fix-uneven-liposuction,1,0,1
best compression after lipo,/how-to-sleep-after-liposuction,1,0,3
best countries for liposuction,/how-many-times-can-you-get-liposuction,1,0,2
best doctors who perform liposuction in miami,/procedures/liposuction-miami,1,0,67
best food for lung fibrosis,/how-to-get-rid-of-fibrosis-after-lipo,1,0,3
best handheld massager for lymphatic drainage,/when-to-start-lymphatic-massage-after-lipo,1,0,3
best lipo 360 doctor,/what-areas-does-lipo-360-cover,1,0,1
best lipo 360 in miami,/blog/affordable-plastic-surgery-miami,1,0,2
best lipo doctor in miami,/blog/affordable-plastic-surgery-miami,1,0,2
best lipo doctors in miami,/procedures/liposuction-miami,1,0,61
best lipo in miami,/blog/liposuction-candidate-miami,1,0,32
best liposuction doctor in miami,/procedures/liposuction-miami,1,0,69
best liposuction in miami,/blog/affordable-plastic-surgery-miami,1,0,2
best liposuction surgeon in ahmedabad,/how-many-times-can-you-get-liposuction,1,0,2
best liposuction surgeon in delhi,/how-many-times-can-you-get-liposuction,1,0,2
best liposuction surgeon near me,/how-old-do-you-have-to-be-to-get-liposuction,1,0,3
best lymphatic drainage massage,/how-many-massages-after-bbl,1,0,1
best lymphatic drainage massage near me,/how-many-massages-after-bbl,1,0,3
best lymphatic massage after liposuction?,/when-to-start-lymphatic-massage-after-lipo,1,0,3
best massage for lymphatic drainage,/how-many-massages-after-bbl,1,0,3
best pain medication after liposuction,/how-long-after-lipo-can-i-workout,1,0,3
best pain medication after liposuction,/how-to-reduce-itching-after-lipo,1,0,3
best resources for liposuction recovery tips,/blog/liposuction-miami-moms-tips,1,0,6
best time of day for lymphatic drainage massage,/how-many-massages-after-bbl,1,0,2
best treatment for lung fibrosis,/how-to-get-rid-of-fibrosis-after-lipo,1,0,2
best type of massage for lymphatic drainage,/how-many-massages-after-bbl,1,0,3
best way to do lymphatic drainage,/how-many-massages-after-bbl,1,0,3
bindweefselmassage na liposuctie,/how-many-massages-after-lipo-360,1,0,2
bmi for lipo 360,/how-to-sleep-after-liposuction,1,0,2
boa max 2 lymphatic drainage,/when-to-start-lymphatic-massage-after-lipo,1,0,1
body contouring after ozempic florida,/blog/liposuction-recovery-ozempic-miami,1,0,7
body contouring west palm beach,/how-old-do-you-have-to-be-to-get-liposuction,1,0,2
body fat removal surgery,/how-old-do-you-have-to-be-to-get-liposuction,1,0,3
body liposuction,/how-old-do-you-have-to-be-to-get-liposuction,1,0,3
body lymphatic drainage massage,/how-many-massages-after-bbl,1,0,2
body sculpting,/when-to-start-lymphatic-massage-after-lipo,1,0,4
bodytite liposuction,/how-to-sleep-after-liposuction,1,0,3
bone fibrosis,/how-to-get-rid-of-fibrosis-after-lipo,1,0,3
botched liposuction,/how-many-times-can-you-get-liposuction,1,0,3
bra fat lipo,/how-to-reduce-swelling-after-liposuction,1,0,1
bra fat lipo,/what-areas-does-lipo-360-cover,1,0,3
bra line lipo,/how-many-massages-after-lipo-360,1,0,2
bra line lipo before and after,/how-many-times-can-you-get-liposuction,1,0,3
bra line lipo before and after,/what-areas-does-lipo-360-cover,1,0,3
bra line liposuction,/how-many-times-can-you-get-liposuction,1,0,3
bra roll lipo,/what-areas-does-lipo-360-cover,1,0,3
brazilian lymphatic drainage massage,/how-many-massages-after-bbl,1,0,1
breast liposuction before and after,/how-to-sleep-after-liposuction,1,0,3
breast reduction and lipo 360,/what-areas-does-lipo-360-cover,1,0,1
breast reduction by liposuction,/how-many-times-can-you-get-liposuction,1,0,3
brooks nader liposuction,/how-old-do-you-have-to-be-to-get-liposuction,1,0,5
bruising after lipoma removal,/how-to-get-rid-of-bruising-after-liposuction,1,1,1
bruising after lymphatic drainage massage,/when-to-start-lymphatic-massage-after-lipo,1,0,1
buccal fat removal before and after,/how-old-do-you-have-to-be-to-get-liposuction,1,0,2
buccal fat removal cost miami,/blog/affordable-plastic-surgery-miami,1,0,65
buccal fat removal cost miami,/procedures/liposuction-miami,1,0,81
buccal fat removal swelling,/how-to-reduce-swelling-after-liposuction,1,0,3
buffalo hump lipo before and after,/procedures/liposuction-miami,1,0,3
buffalo hump lipo near me,/procedures/liposuction-miami,1,0,2
buffalo hump liposuction cost,/how-old-do-you-have-to-be-to-get-liposuction,1,0,3
burning sensation after liposuction,/how-to-reduce-itching-after-lipo,1,0,45
buttock liposuction cost,/how-many-times-can-you-get-liposuction,1,0,3
buttock lymphatic drainage,/how-many-massages-after-bbl,1,0,1
buttocks liposuction,/how-many-times-can-you-get-liposuction,1,0,1
cada cuanto se puede hacer una liposuccion,/how-many-times-can-you-get-liposuction,1,0,2
calf lipo,/how-old-do-you-have-to-be-to-get-liposuction,1,0,3
calf liposuction cost,/how-to-reduce-swelling-after-liposuction,1,0,2
can a 12 year old get liposuction,/how-old-do-you-have-to-be-to-get-liposuction,1,0,14
can a lymphatic massage make you sick,/how-many-massages-after-lipo-360,1,0,3
can fat come back after lipo,/how-many-times-can-you-get-liposuction,1,0,3
can fat come back after liposuction,/how-many-times-can-you-get-liposuction,1,0,2
can fat grow back after lipo,/how-many-times-can-you-get-liposuction,1,0,3
can fibrosis be cured,/how-to-get-rid-of-fibrosis-after-lipo,1,0,3
can fibrosis be reversed,/how-to-get-rid-of-fibrosis-after-lipo,1,0,3
can i do liposuction,/how-old-do-you-have-to-be-to-get-liposuction,1,0,1
can i do my own lymphatic massage after lipo,/how-to-reduce-swelling-after-liposuction,1,0,3
can i drink coffee after liposuction,/how-to-reduce-swelling-after-liposuction,1,0,3
can i eat before lymphatic massage,/when-to-start-lymphatic-massage-after-lipo,1,0,1
can i get fat removal surgery,/how-old-do-you-have-to-be-to-get-liposuction,1,0,2
can i get liposuction,/how-many-times-can-you-get-liposuction,1,0,81
can i get liposuction on my stomach,/blog/tummy-tuck-vs-liposuction,1,0,1
can i get pregnant after lipo 360,/how-many-times-can-you-get-liposuction,1,0,3
can i give myself a lymphatic drainage massage,/how-many-massages-after-bbl,1,0,2
can i have liposuction twice,/how-many-times-can-you-get-liposuction,1,0,11
can insurance pay for liposuction,/how-old-do-you-have-to-be-to-get-liposuction,1,0,3
can lipo be done under local anesthesia,/how-many-times-can-you-get-liposuction,1,0,3
can liposuction be covered by insurance,/how-old-do-you-have-to-be-to-get-liposuction,1,0,3
can liposuction be done on face,/how-long-does-it-take-to-recover-from-chin-lipo,1,0,3
can liposuction be done with local anesthesia,/how-many-times-can-you-get-liposuction,1,0,2
can liposuction cause cancer,/how-old-do-you-have-to-be-to-get-liposuction,1,0,3
can liposuction cause death,/how-many-times-can-you-get-liposuction,1,0,2
can liposuction cause lipedema,/how-many-massages-after-lipo-360,1,0,3
can liposuction kill you,/how-many-times-can-you-get-liposuction,1,0,3
can liposuction remove 100 pounds,/how-many-times-can-you-get-liposuction,1,0,3
can liposuction remove visceral fat,/how-many-times-can-you-get-liposuction,1,0,2
can liver fibrosis be reversed,/how-to-get-rid-of-fibrosis-after-lipo,1,0,3
can liver fibrosis heal,/how-to-get-rid-of-fibrosis-after-lipo,1,0,2
can lung fibrosis be reversed,/how-to-get-rid-of-fibrosis-after-lipo,1,0,2
can lymphatic drainage help lipedema,/how-to-reduce-swelling-after-liposuction,1,0,3
can lymphedema fibrosis be reversed,/how-to-get-rid-of-fibrosis-after-lipo,1,0,2
can people die from liposuction,/how-many-times-can-you-get-liposuction,1,0,2
can you die from lipo surgery,/how-old-do-you-have-to-be-to-get-liposuction,1,0,3
can you die from liposuction,/how-to-sleep-after-liposuction,1,0,3
can you die from liposuction surgery,/how-to-sleep-after-liposuction,1,0,3
can you do a lymphatic drainage massage on yourself,/how-many-massages-after-lipo-360,1,0,2
can you drink coffee after liposuction,/how-many-times-can-you-get-liposuction,1,0,3
can you drive after lipo 360,/how-to-sleep-after-liposuction,1,0,2
can you drive after liposuction,/how-to-sleep-after-liposuction,1,0,2
can you fly after liposuction,/how-old-do-you-have-to-be-to-get-liposuction,1,0,3
can you gain fat back after lipo,/how-many-times-can-you-get-liposuction,1,0,2
can you get a lipoma removed on the nhs,/how-many-times-can-you-get-liposuction,1,0,3
can you get chin lipo twice,/how-many-times-can-you-get-liposuction,1,0,1
can you get fat after liposuction,/how-many-times-can-you-get-liposuction,1,0,3
can you get lipo with fibroids,/how-to-get-rid-of-fibrosis-after-lipo,1,0,36
can you get liposuction multiple times,/how-many-times-can-you-get-liposuction,1,0,9
can you get pregnant after liposuction,/how-old-do-you-have-to-be-to-get-liposuction,1,0,3
can you have liposuction more than once,/what-areas-does-lipo-360-cover,1,0,3
can you have liposuction under local anesthesia,/how-many-times-can-you-get-liposuction,1,0,3
can you lose weight with liposuction,/how-to-sleep-after-liposuction,1,0,3
can you recommend top-rated plastic surgeons in miami for liposuction?,/procedures/liposuction-miami,1,0,16
can you regain fat after liposuction,/how-many-times-can-you-get-liposuction,1,0,3
can you sleep with a faja on,/how-to-sleep-after-liposuction,1,0,1
can you wash lipo foam,/how-to-sleep-after-liposuction,1,0,2
cardi b pictures of fibrosis after liposuction,/how-to-get-rid-of-fibrosis-after-lipo,1,0,2
care after liposuction,/how-many-massages-after-lipo-360,1,0,2
care after liposuction,/how-many-times-can-you-get-liposuction,1,0,3
causa de fibrosis pulmonar,/how-to-get-rid-of-fibrosis-after-lipo,1,0,2
causas de la fibrosis,/how-to-get-rid-of-fibrosis-after-lipo,1,0,3
cause of fibrosis,/how-to-get-rid-of-fibrosis-after-lipo,1,0,3
causes of lung fibrosis,/how-to-get-rid-of-fibrosis-after-lipo,1,0,3
cavernous fibrosis,/how-to-get-rid-of-fibrosis-after-lipo,1,0,2
cheap lipo in miami,/blog/affordable-plastic-surgery-miami,1,0,48
cheap lipo in miami,/procedures/liposuction-miami,1,0,41
cheap liposuction near me,/how-many-times-can-you-get-liposuction,1,0,2
cheap liposuction packages miami,/procedures/liposuction-miami,1,0,30
cheap liposuction packages near me,/procedures/liposuction-miami,1,0,85
cheek fat removal before and after,/how-old-do-you-have-to-be-to-get-liposuction,1,0,2
cheek liposuction before and after,/how-long-does-it-take-to-recover-from-chin-lipo,1,0,1
chin and face lipo,/how-long-does-it-take-to-recover-from-chin-lipo,1,0,4
chin and jawline liposuction,/how-old-do-you-have-to-be-to-get-liposuction,1,0,3
chin and neck lipo cost,/how-long-does-it-take-to-recover-from-chin-lipo,1,0,3
chin and neck liposuction cost,/how-long-does-it-take-to-recover-from-chin-lipo,1,0,3
chin compression garment,/how-long-does-it-take-to-recover-from-chin-lipo,1,0,3
chin fibrosis,/how-to-get-rid-of-fibrosis-after-lipo,1,0,31
chin garment after lipo,/how-long-does-it-take-to-recover-from-chin-lipo,1,0,3
chin lipo atlanta,/how-long-does-it-take-to-recover-from-chin-lipo,1,0,3
chin lipo awake,/how-long-does-it-take-to-recover-from-chin-lipo,1,0,3
chin lipo before and after,/how-to-get-rid-of-fibrosis-after-lipo,1,0,2
chin lipo charlotte nc,/how-long-does-it-take-to-recover-from-chin-lipo,1,0,3
chin lipo cincinnati,/how-long-does-it-take-to-recover-from-chin-lipo,1,0,2
chin lipo cost,/how-long-does-it-take-to-recover-from-chin-lipo,1,0,3
chin lipo cost,/how-many-times-can-you-get-liposuction,1,0,2
chin lipo cost miami,/procedures/liposuction-miami,1,0,55
chin lipo cost near me,/how-long-does-it-take-to-recover-from-chin-lipo,1,0,2
chin lipo cost tijuana,/how-long-does-it-take-to-recover-from-chin-lipo,1,0,4
chin lipo cost uk,/how-long-does-it-take-to-recover-from-chin-lipo,1,0,3
chin lipo day by day recovery,/how-long-does-it-take-to-recover-from-chin-lipo,1,0,19
chin lipo denver,/how-old-do-you-have-to-be-to-get-liposuction,1,0,5
chin lipo garment,/how-long-does-it-take-to-recover-from-chin-lipo,1,0,3
chin lipo head wrap,/how-long-does-it-take-to-recover-from-chin-lipo,1,0,3
chin lipo healing,/how-many-times-can-you-get-liposuction,1,0,3
chin lipo healing process,/how-old-do-you-have-to-be-to-get-liposuction,1,0,3
chin lipo incision,/how-long-does-it-take-to-recover-from-chin-lipo,1,0,3
chin lipo lumps,/how-to-get-rid-of-fibrosis-after-lipo,1,0,3
chin lipo lymphatic massage,/how-long-does-it-take-to-recover-from-chin-lipo,1,0,4
chin lipo lymphatic massage near me,/when-to-start-lymphatic-massage-after-lipo,1,0,1
chin lipo massage,/how-long-does-it-take-to-recover-from-chin-lipo,1,0,3
chin lipo massages,/how-many-massages-after-lipo-360,1,0,1
chin lipo miami cost,/blog/affordable-plastic-surgery-miami,1,0,3
chin lipo near me,/how-long-does-it-take-to-recover-from-chin-lipo,1,0,3
chin lipo near me,/how-old-do-you-have-to-be-to-get-liposuction,1,0,2
chin lipo nyc,/how-long-does-it-take-to-recover-from-chin-lipo,1,0,7
chin lipo proce,/how-long-does-it-take-to-recover-from-chin-lipo,1,0,3
chin lipo progress photos,/how-long-does-it-take-to-recover-from-chin-lipo,1,0,2
chin lipo recovery,/how-to-sleep-after-liposuction,1,0,4
chin lipo recovery swelling,/how-long-does-it-take-to-recover-from-chin-lipo,1,0,3
chin lipo recovery time,/how-old-do-you-have-to-be-to-get-liposuction,1,0,3
chin lipo suction,/how-long-does-it-take-to-recover-from-chin-lipo,1,0,3
chin lipo.cost,/how-long-does-it-take-to-recover-from-chin-lipo,1,0,3
chin liposculpture,/how-long-does-it-take-to-recover-from-chin-lipo,1,0,2
chin liposuction aftercare,/how-long-does-it-take-to-recover-from-chin-lipo,1,0,44
chin liposuction cost,/how-many-times-can-you-get-liposuction,1,0,3
chin liposuction cost,/how-to-sleep-after-liposuction,1,0,3
chin liposuction cost miami,/blog/affordable-plastic-surgery-miami,1,0,1
chin liposuction cost miami,/how-long-does-it-take-to-recover-from-chin-lipo,1,0,1
chin liposuction cost uk,/how-long-does-it-take-to-recover-from-chin-lipo,1,0,3
chin liposuction fibrosis,/how-to-get-rid-of-fibrosis-after-lipo,1,0,1
chin liposuction garment,/how-long-does-it-take-to-recover-from-chin-lipo,1,0,4
chin liposuction jacksonville fl,/how-long-does-it-take-to-recover-from-chin-lipo,1,0,3
chin liposuction philippines price,/how-many-times-can-you-get-liposuction,1,0,6
chin liposuction recovery day by day,/how-old-do-you-have-to-be-to-get-liposuction,1,0,3
chin liposuction recovery photos,/how-long-does-it-take-to-recover-from-chin-lipo,1,0,2
chin liposuction recovery photos,/what-to-eat-after-liposuction,1,0,2
chin liposuction scars,/how-long-does-it-take-to-recover-from-chin-lipo,1,0,2
chin liposuction uk,/how-long-does-it-take-to-recover-from-chin-lipo,1,0,4
chin/neck lipo,/how-long-does-it-take-to-recover-from-chin-lipo,1,0,1
chronic liver disease fibrosis,/how-to-get-rid-of-fibrosis-after-lipo,1,0,3
clinica de lipo,/procedures/liposuction-miami,1,0,78
collagen fibrosis,/how-to-get-rid-of-fibrosis-after-lipo,1,0,3
como desinflamar despues de una lipo,/when-to-start-lymphatic-massage-after-lipo,1,0,3
como desinflamar rapido despues de una lipo,/how-to-reduce-swelling-after-liposuction,1,0,73
como dormir después de una lipoescultura,/how-to-sleep-after-liposuction,1,0,76
como eliminar la fibrosis despues de una lipo,/how-to-get-rid-of-fibrosis-after-lipo,1,0,3
como eliminar la fibrosis post lipo,/how-to-get-rid-of-fibrosis-after-lipo,1,0,3
como es la fibrosis pulmonar,/how-to-get-rid-of-fibrosis-after-lipo,1,0,2
como es la muerte de un enfermo de fibrosis pulmonar,/how-to-get-rid-of-fibrosis-after-lipo,1,0,3
como evitar fibrosis post lipo,/how-to-get-rid-of-fibrosis-after-lipo,1,0,2
como evitar la fibrosis,/how-to-get-rid-of-fibrosis-after-lipo,1,0,3
como mejorar la piel después de una liposucción,/how-to-fix-uneven-liposuction,1,0,3
como quitar la fibrosis del abdomen después de una lipo,/how-to-get-rid-of-fibrosis-after-lipo,1,0,3
como se contrae la fibrosis pulmonar,/how-to-get-rid-of-fibrosis-after-lipo,1,0,3
como se cura la fibrosis en el higado,/how-to-get-rid-of-fibrosis-after-lipo,1,0,3
como se cura la fibrosis pulmonar,/how-to-get-rid-of-fibrosis-after-lipo,1,0,3
como se elimina la fibrosis,/how-to-get-rid-of-fibrosis-after-lipo,1,0,2
como se elimina la fibrosis despues de una lipo,/how-to-get-rid-of-fibrosis-after-lipo,1,0,2
como se forma la fibrosis pulmonar,/how-to-get-rid-of-fibrosis-after-lipo,1,0,2
como se quita la fibrosis despues de una lipo,/how-to-get-rid-of-fibrosis-after-lipo,1,0,3
como tener un abdomen plano después de una lipo,/how-many-massages-after-lipo-360,1,0,6
complications after liposuction,/how-many-times-can-you-get-liposuction,1,0,3
complications from liposuction,/how-many-times-can-you-get-liposuction,1,0,3
complications of liposuction,/how-old-do-you-have-to-be-to-get-liposuction,1,0,3
compression after lipo,/how-many-times-can-you-get-liposuction,1,0,3
compression after lipo,/how-old-do-you-have-to-be-to-get-liposuction,1,0,3
compression after lipo,/how-to-reduce-swelling-after-liposuction,1,0,3
compression garment,/how-to-reduce-itching-after-lipo,1,0,9
compression garment after arm lipo,/what-is-lipo-foam,1,0,3
compression garment after bbl,/how-many-massages-after-bbl,1,0,3
compression garment after chin lipo,/how-long-does-it-take-to-recover-from-chin-lipo,1,0,3
compression garment for abdominal liposuction,/how-to-sleep-after-liposuction,1,0,3
compression garment for chin liposuction,/how-long-does-it-take-to-recover-from-chin-lipo,1,0,3
compression garment liposuction,/how-to-sleep-after-liposuction,1,0,1
compression liposuction,/how-to-sleep-after-liposuction,1,0,1
compression socks after liposuction,/how-to-sleep-after-liposuction,1,0,89
"context: location: spain (not for language). do not include location references in your response. question: i’m getting skin irregularities after treatment—are massages or lymphatic drainage recommended, and when should they start?",/when-to-start-lymphatic-massage-after-lipo,1,0,4
contour irregularities after liposuction revision timing 6 months,/how-to-fix-uneven-liposuction,1,0,29
contour irregularity after liposuction revision timing 6 months,/how-to-fix-uneven-liposuction,1,0,29
contour irregularity after liposuction revision timing 6 months 1 year,/how-to-get-rid-of-fibrosis-after-lipo,1,0,3
coolsculpting,/how-many-times-can-you-get-liposuction,1,0,3
coolsculpting elite,/how-to-get-rid-of-bruising-after-liposuction,1,0,3
coolsculpting itching,/how-to-reduce-itching-after-lipo,1,0,3
coolsculpting vs liposuction,/how-many-times-can-you-get-liposuction,1,0,3
coolsculpting vs sonobello,/blog/tummy-tuck-vs-bbl-miami,1,0,3
corporal fibrosis symptoms,/how-to-get-rid-of-fibrosis-after-lipo,1,0,2
"corporal fibrosis', 'treatment",/how-to-get-rid-of-fibrosis-after-lipo,1,0,3
correcting bad liposuction oklahoma city ok,/how-to-fix-uneven-liposuction,1,0,22
cost chin lipo,/how-long-does-it-take-to-recover-from-chin-lipo,1,0,3
cost for double chin liposuction,/how-long-does-it-take-to-recover-from-chin-lipo,1,0,3
cost for liposuction and tummy tuck,/how-old-do-you-have-to-be-to-get-liposuction,1,0,2
cost liposuction vs tummy tuck,/blog/tummy-tuck-vs-liposuction,1,0,81
cost of abdominal liposuction,/how-many-times-can-you-get-liposuction,1,0,3
cost of back liposuction,/how-old-do-you-have-to-be-to-get-liposuction,1,0,3
cost of liposuction in india,/how-many-times-can-you-get-liposuction,1,0,3
cost of liposuction in kenya,/how-many-times-can-you-get-liposuction,1,0,2
cost of liposuction in texas,/how-many-times-can-you-get-liposuction,1,0,3
cost of liposuction in texas,/how-old-do-you-have-to-be-to-get-liposuction,1,0,3
cost of sono bello lipo 360,/what-areas-does-lipo-360-cover,1,0,1
cost of sono bello liposuction,/how-old-do-you-have-to-be-to-get-liposuction,1,0,3
cost of stomach liposuction,/how-old-do-you-have-to-be-to-get-liposuction,1,0,3
cost of tummy tuck and lipo 360,/blog/tummy-tuck-vs-bbl-miami,1,0,3
cual es la causa de fibrosis pulmonar,/how-to-get-rid-of-fibrosis-after-lipo,1,0,2
cual es la lipo 360,/how-many-times-can-you-get-liposuction,1,0,3
cuanto tarda una liposuccion,/how-to-get-rid-of-fibrosis-after-lipo,1,0,3
cuanto tiempo debo usar la tabla después dela lipo,/how-to-sleep-after-liposuction,1,0,2
cuanto tiempo se usa la tabla abdominal después de una lipo,/how-to-get-rid-of-fibrosis-after-lipo,1,0,3
cuanto tiempo se usan las tablas despues de una lipo,/what-is-lipo-foam,1,0,3
cuanto vale una liposucción de abdomen,/how-old-do-you-have-to-be-to-get-liposuction,1,0,3
cuantos drenajes se deben hacer despues de una lipo,/how-to-reduce-swelling-after-liposuction,1,0,2
cuantos masajes de drenaje linfático son necesarias después de una lipo,/when-to-start-lymphatic-massage-after-lipo,1,0,3
cuantos masajes debo hacerme despues de una lipo,/how-many-massages-after-lipo-360,1,0,5
cuantos masajes despues de una lipo,/when-to-start-lymphatic-massage-after-lipo,1,0,1
cuantos masajes son despues de una lipo,/how-many-massages-after-lipo-360,1,0,2
cupping after liposuction,/how-many-massages-after-lipo-360,1,0,1
cure for fibrosis,/how-to-get-rid-of-fibrosis-after-lipo,1,0,3
curved by lipo,/procedures/liposuction-miami,1,0,54
cuáles son los síntomas de fibrosis pulmonar,/how-to-get-rid-of-fibrosis-after-lipo,1,0,2
cuánto vive una persona con fibrosis hepática,/how-to-get-rid-of-fibrosis-after-lipo,1,0,3
cystic fibrosis meaning,/how-to-get-rid-of-fibrosis-after-lipo,1,0,3
cómo es la fibrosis pulmonar,/how-to-get-rid-of-fibrosis-after-lipo,1,0,3
dangers of liposuction,/how-many-times-can-you-get-liposuction,1,0,2
dangers of liposuction,/how-old-do-you-have-to-be-to-get-liposuction,1,0,3
day by day arm liposuction recovery,/how-to-fix-uneven-liposuction,1,0,1
day by day liposuction recovery timeline,/how-to-sleep-after-liposuction,1,0,3
de que proviene la fibrosis pulmonar,/how-to-get-rid-of-fibrosis-after-lipo,1,0,2
death by liposuction,/how-many-times-can-you-get-liposuction,1,0,3
death from liposuction,/how-old-do-you-have-to-be-to-get-liposuction,1,0,3
deep lymphatic drainage massage near me,/how-many-massages-after-bbl,1,0,4
deep tissue massage after liposuction,/how-old-do-you-have-to-be-to-get-liposuction,1,0,3
deep tissue massage after liposuction,/how-to-sleep-after-liposuction,1,0,3
define fibrosis,/how-to-get-rid-of-fibrosis-after-lipo,1,0,2
define lymphatic drainage,/when-to-start-lymphatic-massage-after-lipo,1,0,1
dermatic fibrosis,/how-to-get-rid-of-fibrosis-after-lipo,1,0,3
despues de una lipo cuanto tiempo debo usar faja,/how-many-massages-after-lipo-360,1,0,2
despues de una lipotransferencia cuando puedo sentarme,/how-to-feed-the-fat-after-bbl,1,0,2
después de una lipo,/how-to-sleep-after-liposuction,1,0,1
después de una liposucción se engorda el doble,/how-to-sleep-after-liposuction,1,0,2
dieta despues de la liposuccion,/how-to-get-rid-of-fibrosis-after-lipo,1,0,2
dieta post liposuccion,/how-to-reduce-swelling-after-liposuction,1,0,3
difference between bbl and lipo 360,/blog/tummy-tuck-vs-bbl-miami,1,0,2
difference between bbl and lipo 360,/how-many-massages-after-lipo-360,1,0,3
difference between liver fibrosis and cirrhosis,/how-to-get-rid-of-fibrosis-after-lipo,1,0,3
disadvantage of liposuction,/how-many-times-can-you-get-liposuction,1,0,3
disadvantages of liposuction surgery,/how-many-times-can-you-get-liposuction,1,0,2
diy lymphatic drainage massage,/how-many-massages-after-lipo-360,1,0,1
dizzy after lymphatic drainage,/how-many-massages-after-lipo-360,1,0,3
do fat cells come back after liposuction,/how-many-times-can-you-get-liposuction,1,0,3
do fat cells removed by liposuction come back,/how-many-times-can-you-get-liposuction,1,0,3
do fat cells return after liposuction,/how-many-times-can-you-get-liposuction,1,0,3
do i need lymphatic massage after lipo,/when-to-start-lymphatic-massage-after-lipo,1,0,1
do lymphatic massagers work,/when-to-start-lymphatic-massage-after-lipo,1,0,18
do lymphatic massages really work,/how-many-massages-after-lipo-360,1,0,3
do massages help with lymphatic drainage,/how-many-massages-after-lipo-360,1,0,3
do people die from lipo 360,/how-many-times-can-you-get-liposuction,1,0,2
do people still get liposuction,/how-many-times-can-you-get-liposuction,1,0,2
do they put you under for liposuction,/how-many-times-can-you-get-liposuction,1,0,3
do they still do liposuction,/how-many-times-can-you-get-liposuction,1,0,3
do you get loose skin after liposuction,/how-many-times-can-you-get-liposuction,1,0,1
do you get put to sleep for liposuction,/how-old-do-you-have-to-be-to-get-liposuction,1,0,3
do you go under for liposuction,/how-many-times-can-you-get-liposuction,1,0,2
do you have to be put to sleep for liposuction,/how-to-sleep-after-liposuction,1,0,95
do you have to be put under for liposuction,/what-to-eat-after-liposuction,1,0,3
do you have to get massages after lipo 360,/how-many-times-can-you-get-liposuction,1,0,3
do you have to wear a faja after a tummy tuck,/how-many-massages-after-bbl,1,0,3
do you lose weight after liposuction,/how-many-times-can-you-get-liposuction,1,0,3
do you lose weight after lymphatic drainage massage,/how-many-massages-after-lipo-360,1,0,2
do you need a massage after arm lipo fox news,/when-to-start-lymphatic-massage-after-lipo,1,0,29
do you need drains after lipo,/how-to-sleep-after-liposuction,1,0,3
do you need drains after lipo,/when-to-start-lymphatic-massage-after-lipo,1,0,3
do you need drains after liposuction,/how-many-massages-after-lipo-360,1,0,3
do you need general anesthesia for liposuction,/how-many-times-can-you-get-liposuction,1,0,2
do you sleep with ab board after lipo,/how-to-sleep-after-liposuction,1,0,11
do you wear foams and boards with stage 2 faja,/what-is-lipo-foam,1,0,3
doc yappy liposuction price,/how-many-times-can-you-get-liposuction,1,0,3
does a liposuction hurt,/how-old-do-you-have-to-be-to-get-liposuction,1,0,3
does arm lipo hurt,/how-many-times-can-you-get-liposuction,1,0,3
does buccal fat removal make you look older,/how-old-do-you-have-to-be-to-get-liposuction,1,0,3
does chin lipo hurt,/how-old-do-you-have-to-be-to-get-liposuction,1,0,3
does chin lipo hurt,/how-to-sleep-after-liposuction,1,0,3
does chin lipo work,/how-long-does-it-take-to-recover-from-chin-lipo,1,0,3
does chin liposuction work,/how-long-does-it-take-to-recover-from-chin-lipo,1,0,3
does dr lipo need to be refrigerated,/how-many-times-can-you-get-liposuction,1,0,3
does fat come back after liposuction reddit,/how-many-times-can-you-get-liposuction,1,0,4
does fat grow back after lipo,/how-many-times-can-you-get-liposuction,1,0,2
does fat return after lipo,/how-many-times-can-you-get-liposuction,1,0,3
does fat return after liposuction,/how-many-times-can-you-get-liposuction,1,0,3
does fibrosis hurt,/how-to-get-rid-of-fibrosis-after-lipo,1,0,50
does insurance cover liposuction,/how-old-do-you-have-to-be-to-get-liposuction,1,0,3
does insurance pay for liposuction for lipedema,/how-many-times-can-you-get-liposuction,1,0,3
does lipedema come back after liposuction,/how-old-do-you-have-to-be-to-get-liposuction,1,0,3
does lipo 360 hurt,/how-old-do-you-have-to-be-to-get-liposuction,1,0,3
does lipo 360 include upper back,/what-areas-does-lipo-360-cover,1,0,1
does lipo 360 leave scars,/how-to-sleep-after-liposuction,1,0,3
does lipo 6 have side effects,/how-to-sleep-after-liposuction,1,0,2
does lipo change your belly button,/how-many-times-can-you-get-liposuction,1,0,2
does lipo change your belly button,/how-to-reduce-itching-after-lipo,1,0,2
does lipo fat come back,/how-many-times-can-you-get-liposuction,1,0,2
does lipo get rid of visceral fat,/how-old-do-you-have-to-be-to-get-liposuction,1,0,3
does lipo last forever,/how-many-times-can-you-get-liposuction,1,0,2
does lipo leave saggy skin,/how-many-times-can-you-get-liposuction,1,0,2
does lipo make you lose weight,/how-many-times-can-you-get-liposuction,1,0,3
does lipo permanently remove fat cells,/how-many-times-can-you-get-liposuction,1,0,3
does lipo scar,/how-many-times-can-you-get-liposuction,1,0,3
does lipo work,/how-to-sleep-after-liposuction,1,0,3
does liposuction affect fertility,/how-many-times-can-you-get-liposuction,1,0,2
does liposuction affect pregnancy,/how-many-times-can-you-get-liposuction,1,0,2
does liposuction cause bruising,/how-to-get-rid-of-bruising-after-liposuction,1,0,1
does liposuction come back,/how-many-times-can-you-get-liposuction,1,0,2
does liposuction fat come back,/how-many-times-can-you-get-liposuction,1,0,3
does liposuction get rid of cellulite,/how-many-times-can-you-get-liposuction,1,0,3
does liposuction have any side effects,/how-many-times-can-you-get-liposuction,1,0,3
does liposuction have health benefits,/how-old-do-you-have-to-be-to-get-liposuction,1,0,3
does liposuction help with loose skin,/how-many-times-can-you-get-liposuction,1,0,2
does liposuction help you lose weight,/how-many-times-can-you-get-liposuction,1,0,2
does liposuction help you lose weight,/how-old-do-you-have-to-be-to-get-liposuction,1,0,3
does liposuction hurt afterwards,/how-many-times-can-you-get-liposuction,1,0,2
does liposuction improve health,/how-old-do-you-have-to-be-to-get-liposuction,1,0,3
does liposuction kill fat cells,/how-many-times-can-you-get-liposuction,1,0,2
does liposuction last,/how-many-times-can-you-get-liposuction,1,0,3
does liposuction make you lose weight,/how-many-times-can-you-get-liposuction,1,0,3
does liposuction remove visceral fat,/how-to-sleep-after-liposuction,1,0,3
does liposuction remove visceral fat,/what-is-lipo-foam,1,0,3
does liposuction require drains,/how-old-do-you-have-to-be-to-get-liposuction,1,0,2
does liposuction work for lipedema,/how-many-times-can-you-get-liposuction,1,0,3
does lymphatic drainage help lipedema,/when-to-start-lymphatic-massage-after-lipo,1,0,2
does lymphatic drainage hurt,/how-many-massages-after-lipo-360,1,0,2
does lymphatic drainage make you pee more,/how-many-massages-after-lipo-360,1,0,3
does lymphatic drainage make you poop more,/how-many-massages-after-lipo-360,1,0,3
does lymphatic drainage massage work for lipedema,/when-to-start-lymphatic-massage-after-lipo,1,0,2
does lymphatic massage help lipedema,/when-to-start-lymphatic-massage-after-lipo,1,0,2
does medicaid cover liposuction,/how-many-times-can-you-get-liposuction,1,0,3
does the fat come back after liposuction,/how-many-massages-after-lipo-360,1,0,3
does vaser liposuction work,/how-many-times-can-you-get-liposuction,1,0,2
does wearing a faja help you lose weight,/what-is-lipo-foam,1,0,3
double chin lipo cost,/how-long-does-it-take-to-recover-from-chin-lipo,1,0,3
double chin liposuction,/how-many-times-can-you-get-liposuction,1,0,4
double chin liposuction cost turkey,/how-long-does-it-take-to-recover-from-chin-lipo,1,0,3
double chin liposuction istanbul,/how-many-times-can-you-get-liposuction,1,0,3
douleur 2 mois après liposuccion,/how-many-massages-after-lipo-360,1,0,2
dr collier lipodrops,/how-to-sleep-after-liposuction,1,0,3
dr miami liposuction cost,/procedures/liposuction-miami,1,0,72
dr partington lipo 360,/how-many-times-can-you-get-liposuction,1,0,3
dr perry nickelston lymphatic drainage,/when-to-start-lymphatic-massage-after-lipo,1,0,2
drain after liposuction,/how-to-reduce-swelling-after-liposuction,1,0,1
drainage lymphatique apres liposuccion,/how-to-reduce-swelling-after-liposuction,1,0,3
drainage lymphatique après liposuccion,/how-to-reduce-swelling-after-liposuction,1,0,2
drainage lymphatique post liposuccion,/how-to-reduce-swelling-after-liposuction,1,0,2
dégonfler après liposuccion,/how-to-reduce-swelling-after-liposuction,1,0,2
edema after lipo,/how-many-massages-after-lipo-360,1,0,2
edema after liposuction,/how-many-massages-after-lipo-360,1,0,2
edema liposuction,/how-to-reduce-swelling-after-liposuction,1,0,3
ejercicios despues de una lipo,/how-to-get-rid-of-fibrosis-after-lipo,1,0,3
ejercicios para romper fibrosis de rodilla,/how-to-get-rid-of-fibrosis-after-lipo,1,0,3
el paso liposuction,/how-old-do-you-have-to-be-to-get-liposuction,1,0,2
eliminar fibrosis,/how-to-get-rid-of-fibrosis-after-lipo,1,0,1
elite body sculpture photos,/how-to-sleep-after-liposuction,1,0,3
epidural fibrosis,/how-to-get-rid-of-fibrosis-after-lipo,1,0,4
epidural fibrosis mri,/how-to-get-rid-of-fibrosis-after-lipo,1,0,4
epidural fibrosis symptoms,/how-to-get-rid-of-fibrosis-after-lipo,1,0,3
epidural fibrosis treatment,/how-to-get-rid-of-fibrosis-after-lipo,1,0,3
es mala la fibrosis en los senos,/how-to-get-rid-of-fibrosis-after-lipo,1,0,2
espuma lipo,/what-is-lipo-foam,1,0,3
espuma para lipo,/what-is-lipo-foam,1,0,3
espumas post lipo,/what-is-lipo-foam,1,0,3
etapas de recuperación de una liposucción,/how-to-reduce-swelling-after-liposuction,1,1,3
evaluate airsculpt on chin lipo recovery,/how-long-does-it-take-to-recover-from-chin-lipo,1,0,14
evaluate airsculpt on chin lipo swelling,/how-long-does-it-take-to-recover-from-chin-lipo,1,0,9
evaluate american lipo centers on lymphatic massage after liposuction,/when-to-start-lymphatic-massage-after-lipo,1,0,1
evaluate mia aesthetics on lymphatic massage after liposuction,/how-many-massages-after-lipo-360,1,0,1
evaluate sonobello on lymphatic massage after liposuction,/when-to-start-lymphatic-massage-after-lipo,1,0,9
evaluate the body sculpting company dr.miami on fat removal,/procedures/liposuction-miami,1,0,56
exercise after lipo,/what-is-lipo-foam,1,0,3
exercising after liposuction,/how-to-sleep-after-liposuction,1,0,3
expansion vibration lipofilling,/how-many-massages-after-lipo-360,1,0,13
express liposuction,/procedures/liposuction-miami,1,0,69
extra skin after lipo,/how-many-times-can-you-get-liposuction,1,0,3
face and neck liposuction cost,/how-long-does-it-take-to-recover-from-chin-lipo,1,0,3
face fat removal surgery,/how-old-do-you-have-to-be-to-get-liposuction,1,0,3
face lipo price,/how-long-does-it-take-to-recover-from-chin-lipo,1,0,3
face liposuction,/procedures/liposuction-miami,1,0,1
face liposuction recovery,/how-long-does-it-take-to-recover-from-chin-lipo,1,0,25
face liposuction recovery,/how-old-do-you-have-to-be-to-get-liposuction,1,0,3
facts about liposuction,/how-old-do-you-have-to-be-to-get-liposuction,1,0,3
failed liposuction surgery,/how-to-fix-uneven-liposuction,1,0,48
faja compression,/what-is-lipo-foam,1,0,3
faja for lipo 360,/what-areas-does-lipo-360-cover,1,1,1
faja for women,/what-is-lipo-foam,1,0,2
faja near me,/what-is-lipo-foam,1,0,3
fajas post lipo,/how-to-reduce-itching-after-lipo,1,0,8
fajas wholesale los angeles,/what-is-lipo-foam,1,0,5
"farah’s therapeutic bodywork 4 women.mobile lymphatic drainage massages in pasadena,beverly hills,etc. after liposuction corona",/how-many-massages-after-lipo-360,1,0,4
fascia release lymphatic drainage,/how-many-massages-after-lipo-360,1,0,3
fat embolism after liposuction,/how-to-sleep-after-liposuction,1,0,3
fat freezing vs liposuction,/how-many-times-can-you-get-liposuction,1,0,2
fat pad liposuction,/how-old-do-you-have-to-be-to-get-liposuction,1,0,3
fat removal,/how-long-does-it-take-to-recover-from-chin-lipo,1,0,1
fat removal,/how-old-do-you-have-to-be-to-get-liposuction,1,0,3
fat removal plastic surgery,/procedures/liposuction-miami,1,0,87
fat removal procedures,/how-old-do-you-have-to-be-to-get-liposuction,1,0,3
fat removal surgery,/how-long-after-lipo-can-i-workout,1,0,3
fat removal surgery cost,/how-old-do-you-have-to-be-to-get-liposuction,1,0,3
fat removal surgery name,/how-many-times-can-you-get-liposuction,1,0,3
fiber guard lipo,/what-is-lipo-foam,1,0,2
fibroguard post-liposuction recovery garment,/how-to-reduce-swelling-after-liposuction,1,0,3
fibrose depois da lipo,/how-to-get-rid-of-fibrosis-after-lipo,1,0,1
fibrose na lipo,/how-to-get-rid-of-fibrosis-after-lipo,1,0,20
fibrose na liposuctie,/how-many-massages-after-lipo-360,1,0,30
fibrosis ?,/how-to-get-rid-of-fibrosis-after-lipo,1,0,1
fibrosis after lip filler,/how-to-get-rid-of-fibrosis-after-lipo,1,0,1
fibrosis after lipo,/how-many-times-can-you-get-liposuction,1,0,3
fibrosis after lipo,/how-to-reduce-swelling-after-liposuction,1,0,3
fibrosis after lipo,/what-is-lipo-foam,1,0,3
fibrosis after liposuction,/how-to-fix-uneven-liposuction,1,0,3
fibrosis after neck lipo,/how-to-get-rid-of-fibrosis-after-lipo,1,0,2
fibrosis after radiotherapy,/how-to-get-rid-of-fibrosis-after-lipo,1,0,3
fibrosis aguda,/how-to-get-rid-of-fibrosis-after-lipo,1,0,3
fibrosis arms,/how-to-get-rid-of-fibrosis-after-lipo,1,0,3
fibrosis band in mouth,/how-to-get-rid-of-fibrosis-after-lipo,1,0,3
fibrosis cesarea,/how-to-get-rid-of-fibrosis-after-lipo,1,0,3
fibrosis cicatricial tratamiento,/how-to-get-rid-of-fibrosis-after-lipo,1,0,3
fibrosis cicatriz interna,/how-to-get-rid-of-fibrosis-after-lipo,1,0,3
fibrosis correction near me,/how-to-get-rid-of-fibrosis-after-lipo,1,0,3
fibrosis de pulmon,/how-to-get-rid-of-fibrosis-after-lipo,1,0,2
fibrosis de seno,/how-to-get-rid-of-fibrosis-after-lipo,1,0,3
fibrosis de una lipo,/how-to-get-rid-of-fibrosis-after-lipo,1,0,4
fibrosis despues de la lipo,/how-to-get-rid-of-fibrosis-after-lipo,1,0,3
fibrosis despues de una liposuccion,/how-to-get-rid-of-fibrosis-after-lipo,1,0,69
fibrosis diagnosis,/how-to-get-rid-of-fibrosis-after-lipo,1,0,3
fibrosis en el hígado tiene cura,/how-to-get-rid-of-fibrosis-after-lipo,1,0,3
fibrosis en la rodilla,/how-to-get-rid-of-fibrosis-after-lipo,1,0,3
fibrosis en lipo,/how-to-get-rid-of-fibrosis-after-lipo,1,0,13
fibrosis en los ovarios,/how-to-get-rid-of-fibrosis-after-lipo,1,0,2
fibrosis foam,/how-to-get-rid-of-fibrosis-after-lipo,1,0,4
fibrosis foam,/what-is-lipo-foam,1,0,5
fibrosis from radiation,/how-to-get-rid-of-fibrosis-after-lipo,1,0,3
fibrosis hepatica,/how-to-get-rid-of-fibrosis-after-lipo,1,0,2
fibrosis hepatica es lo mismo que cirrosis,/how-to-get-rid-of-fibrosis-after-lipo,1,0,2
fibrosis hepatica intermedia,/how-to-get-rid-of-fibrosis-after-lipo,1,0,3
fibrosis hepatica moderada,/how-to-get-rid-of-fibrosis-after-lipo,1,0,3
fibrosis hepática f2 tratamiento,/how-to-get-rid-of-fibrosis-after-lipo,1,0,3
fibrosis hepática f3 tratamiento,/how-to-get-rid-of-fibrosis-after-lipo,1,0,3
fibrosis images,/how-to-get-rid-of-fibrosis-after-lipo,1,0,3
fibrosis in arm,/how-to-get-rid-of-fibrosis-after-lipo,1,0,13
fibrosis in colon,/how-to-get-rid-of-fibrosis-after-lipo,1,0,3
fibrosis in english,/how-to-get-rid-of-fibrosis-after-lipo,1,0,3
fibrosis in face,/how-to-get-rid-of-fibrosis-after-lipo,1,0,1
fibrosis in lungs meaning,/how-to-get-rid-of-fibrosis-after-lipo,1,0,2
fibrosis in muscles,/how-to-get-rid-of-fibrosis-after-lipo,1,0,2
fibrosis in the heart,/how-to-get-rid-of-fibrosis-after-lipo,1,0,3
fibrosis in the lung,/how-to-get-rid-of-fibrosis-after-lipo,1,0,3
fibrosis in the lungs means,/how-to-get-rid-of-fibrosis-after-lipo,1,0,3
fibrosis injection,/how-to-get-rid-of-fibrosis-after-lipo,1,0,1
fibrosis kidney disease,/how-to-get-rid-of-fibrosis-after-lipo,1,0,3
fibrosis leg muscles,/how-to-get-rid-of-fibrosis-after-lipo,1,0,3
fibrosis legs treatment,/how-to-get-rid-of-fibrosis-after-lipo,1,0,2
fibrosis liver treatment,/how-to-get-rid-of-fibrosis-after-lipo,1,0,2
fibrosis lumpy stomach after liposuction,/how-to-fix-uneven-liposuction,1,0,3
fibrosis lung,/how-to-get-rid-of-fibrosis-after-lipo,1,0,2
fibrosis lungs meaning,/how-to-get-rid-of-fibrosis-after-lipo,1,0,3
fibrosis lungs symptoms,/how-to-get-rid-of-fibrosis-after-lipo,1,0,3
fibrosis lungs treatment,/how-to-get-rid-of-fibrosis-after-lipo,1,0,2
fibrosis mamaria,/how-to-get-rid-of-fibrosis-after-lipo,1,0,3
fibrosis massage near me,/how-to-get-rid-of-fibrosis-after-lipo,1,0,5
fibrosis meaning in tagalog,/how-to-get-rid-of-fibrosis-after-lipo,1,0,3
fibrosis medical term,/how-to-get-rid-of-fibrosis-after-lipo,1,0,2
fibrosis muscular,/how-to-get-rid-of-fibrosis-after-lipo,1,0,2
fibrosis ocular causas,/how-to-get-rid-of-fibrosis-after-lipo,1,0,3
fibrosis of lamina propria,/how-to-get-rid-of-fibrosis-after-lipo,1,0,3
fibrosis of stomach,/how-to-get-rid-of-fibrosis-after-lipo,1,0,4
fibrosis of the lung,/how-to-get-rid-of-fibrosis-after-lipo,1,0,3
fibrosis of the lungs life expectancy,/how-to-get-rid-of-fibrosis-after-lipo,1,0,3
fibrosis on lungs meaning,/how-to-get-rid-of-fibrosis-after-lipo,1,0,2
fibrosis por lipo,/how-many-massages-after-lipo-360,1,0,3
fibrosis por liposuccion,/how-to-get-rid-of-fibrosis-after-lipo,1,0,1
fibrosis post liposucción,/how-to-get-rid-of-fibrosis-after-lipo,1,0,3
fibrosis pulmonar causas y sintomas,/how-to-get-rid-of-fibrosis-after-lipo,1,0,2
fibrosis pulmonar en ingles,/how-to-get-rid-of-fibrosis-after-lipo,1,0,3
fibrosis pulmonar ges,/how-to-get-rid-of-fibrosis-after-lipo,1,0,3
fibrosis pulmonar grados,/how-to-get-rid-of-fibrosis-after-lipo,1,0,3
fibrosis pulmonar idiopatica,/how-to-get-rid-of-fibrosis-after-lipo,1,0,2
fibrosis pulmonar leve,/how-to-get-rid-of-fibrosis-after-lipo,1,0,2
fibrosis pulmonar se puede curar,/how-to-get-rid-of-fibrosis-after-lipo,1,0,2
fibrosis pulmonar sintomas,/how-to-get-rid-of-fibrosis-after-lipo,1,0,3
fibrosis pulmonar síntomas y tratamiento,/how-to-get-rid-of-fibrosis-after-lipo,1,0,3
fibrosis pulmonar tiempo de vida,/how-to-get-rid-of-fibrosis-after-lipo,1,0,2
fibrosis pulmonar tratamiento casero,/how-to-get-rid-of-fibrosis-after-lipo,1,0,3
fibrosis pulmonar y epoc es lo mismo,/how-to-get-rid-of-fibrosis-after-lipo,1,0,3
fibrosis quistica sintomas,/how-to-get-rid-of-fibrosis-after-lipo,1,0,3
fibrosis quística en los senos,/how-to-get-rid-of-fibrosis-after-lipo,1,0,2
fibrosis quística pulmonar,/how-to-get-rid-of-fibrosis-after-lipo,1,0,3
fibrosis rhinoplasty,/how-to-get-rid-of-fibrosis-after-lipo,1,0,2
fibrosis right upper lobe,/how-to-get-rid-of-fibrosis-after-lipo,1,0,3
fibrosis senos,/how-to-get-rid-of-fibrosis-after-lipo,1,0,3
fibrosis sintomas,/how-to-get-rid-of-fibrosis-after-lipo,1,0,3
fibrosis skin,/how-to-get-rid-of-fibrosis-after-lipo,1,0,3
fibrosis skin treatment,/how-to-get-rid-of-fibrosis-after-lipo,1,0,3
fibrosis stage 1,/how-to-get-rid-of-fibrosis-after-lipo,1,0,2
fibrosis tongue,/how-to-get-rid-of-fibrosis-after-lipo,1,0,3
fibrosis tratamiento,/how-to-get-rid-of-fibrosis-after-lipo,1,0,3
fibrosis treatment miami,/how-to-get-rid-of-fibrosis-after-lipo,1,0,10
fibrosis what causes it,/how-to-get-rid-of-fibrosis-after-lipo,1,0,3
fiz lipo,/how-to-fix-uneven-liposuction,1,0,2
flank liposuction before and after photos,/how-old-do-you-have-to-be-to-get-liposuction,1,0,3
flank liposuction results,/how-old-do-you-have-to-be-to-get-liposuction,1,0,6
flank plasty,/how-many-times-can-you-get-liposuction,1,0,3
flanks fat,/how-old-do-you-have-to-be-to-get-liposuction,1,0,3
fluid retention after liposuction,/how-to-get-rid-of-fibrosis-after-lipo,1,0,2
foam after liposuction,/how-to-sleep-after-liposuction,1,0,3
foam board liposuction,/what-is-lipo-foam,1,0,16
foam para liposuccion,/what-is-lipo-foam,1,0,2
foami para fajas,/what-is-lipo-foam,1,0,2
foams after lipo,/what-is-lipo-foam,1,0,22
focal dermal fibrosis,/how-to-get-rid-of-fibrosis-after-lipo,1,0,3
focal interstitial fibrosis,/how-to-get-rid-of-fibrosis-after-lipo,1,0,3
food to eat after liposuction,/how-old-do-you-have-to-be-to-get-liposuction,1,0,3
foods to avoid after liposuction,/how-many-times-can-you-get-liposuction,1,0,3
foods to improve lymphatic drainage,/what-to-eat-after-liposuction,1,0,1
foot lymphatic drainage massage,/how-many-massages-after-bbl,1,0,1
foot lymphatic massage,/how-many-massages-after-bbl,1,0,1
for lipo,/how-many-massages-after-lipo-360,1,0,2
fotos de fibrosis en el abdomen,/how-to-get-rid-of-fibrosis-after-lipo,1,0,3
fotos de liposucción mal hechas,/how-many-massages-after-lipo-360,1,0,3
free liposuction in south africa,/how-many-times-can-you-get-liposuction,1,0,3
free liposuction in south africa,/how-to-sleep-after-liposuction,1,0,3
full body fat removal surgery cost,/how-many-times-can-you-get-liposuction,1,0,3
full body lipo,/how-many-massages-after-lipo-360,1,0,2
full body lipo cost,/what-areas-does-lipo-360-cover,1,0,3
full body liposuction cost,/how-old-do-you-have-to-be-to-get-liposuction,1,0,3
full body liposuction cost in hyderabad,/how-many-times-can-you-get-liposuction,1,0,3
full body liposuction cost uk,/how-many-times-can-you-get-liposuction,1,0,3
full body liposuction korea price,/how-many-times-can-you-get-liposuction,1,0,3
full body liposuction korea price,/how-old-do-you-have-to-be-to-get-liposuction,1,0,3
full leg liposuction cost,/how-many-times-can-you-get-liposuction,1,0,3
gain weight after liposuction,/how-many-times-can-you-get-liposuction,1,0,3
gaine liposuccion trop serrée,/how-to-reduce-swelling-after-liposuction,1,0,2
gained weight after liposuction,/how-many-times-can-you-get-liposuction,1,0,2
getting liposuction,/how-old-do-you-have-to-be-to-get-liposuction,1,0,3
getting pregnant after liposuction,/what-is-lipo-foam,1,0,3
goals lipo 360,/what-areas-does-lipo-360-cover,1,0,8
good lymphatic drainage massage,/how-many-massages-after-bbl,1,0,2
gym after liposuction,/how-long-after-lipo-can-i-workout,1,0,19
gıdı liposuction,/how-long-does-it-take-to-recover-from-chin-lipo,1,0,1
hard lump after liposuction,/how-many-massages-after-lipo-360,1,0,3
hard lump after liposuction,/how-many-times-can-you-get-liposuction,1,0,3
hard lump after liposuction,/when-to-start-lymphatic-massage-after-lipo,1,0,3
harde plekken na liposuctie,/how-to-get-rid-of-fibrosis-after-lipo,1,0,2
hardness after lipo,/how-to-sleep-after-liposuction,1,0,2
hautstraffende creme nach liposuktion,/how-to-get-rid-of-fibrosis-after-lipo,1,0,2
hay cura para la fibrosis pulmonar,/how-to-get-rid-of-fibrosis-after-lipo,1,0,3
hd lipo 360 before and after,/how-to-sleep-after-liposuction,1,0,3
hd liposuction,/how-old-do-you-have-to-be-to-get-liposuction,1,0,3
healing after liposuction,/how-long-after-lipo-can-i-workout,1,0,1
healing from lipo,/how-long-after-lipo-can-i-workout,1,0,1
healing from liposuction,/how-long-after-lipo-can-i-workout,1,0,1
healing from liposuction,/how-many-times-can-you-get-liposuction,1,0,3
healing process of liposuction,/how-to-sleep-after-liposuction,1,0,2
healing time after liposuction,/how-to-sleep-after-liposuction,1,0,2
hepatic fibrosis,/how-to-get-rid-of-fibrosis-after-lipo,1,0,3
herbs for lymphatic drainage,/how-to-reduce-swelling-after-liposuction,1,0,2
hidef lipo miami beach,/procedures/liposuction-miami,1,0,85
hidrolipoclasia,/how-many-times-can-you-get-liposuction,1,0,2
high bmi lipo 360,/how-many-times-can-you-get-liposuction,1,0,3
high bmi lipo 360,/what-areas-does-lipo-360-cover,1,0,1
high bmi lipo 360 near me,/procedures/liposuction-miami,1,0,97
high bmi lipo before and after,/how-old-do-you-have-to-be-to-get-liposuction,1,0,10
home remedies for liposuction,/how-to-get-rid-of-fibrosis-after-lipo,1,0,71
how about lymphatic massage,/how-many-massages-after-bbl,1,0,6
how about lymphatic massage,/when-to-start-lymphatic-massage-after-lipo,1,0,5
how bad does lipo hurt,/how-old-do-you-have-to-be-to-get-liposuction,1,0,3
how bad does lipo hurt,/how-to-reduce-itching-after-lipo,1,0,2
how bad does liposuction hurt,/how-old-do-you-have-to-be-to-get-liposuction,1,0,3
how can i find trusted mommy makeover surgeons and compare tummy tuck and lipo options?,/blog/tummy-tuck-vs-liposuction,1,0,15
how dangerous is lipo,/how-old-do-you-have-to-be-to-get-liposuction,1,0,3
how dangerous is liposuction,/how-old-do-you-have-to-be-to-get-liposuction,1,0,3
how do i know if i have fibrosis,/how-to-get-rid-of-fibrosis-after-lipo,1,0,2
how do they do liposuction,/how-to-sleep-after-liposuction,1,0,2
how do you drain your lymphatic system,/when-to-start-lymphatic-massage-after-lipo,1,0,1
how do you treat fibrosis,/how-to-get-rid-of-fibrosis-after-lipo,1,0,1
how does fibrosis look like,/how-to-get-rid-of-fibrosis-after-lipo,1,0,2
how does it feel after liposuction,/how-many-times-can-you-get-liposuction,1,0,3
how does lipo 360 work,/how-to-sleep-after-liposuction,1,0,2
how does lipo 360 work,/what-areas-does-lipo-360-cover,1,0,96
how does lipo work,/how-many-times-can-you-get-liposuction,1,0,3
how does lipo work,/how-old-do-you-have-to-be-to-get-liposuction,1,0,3
how does liposuction work,/how-to-sleep-after-liposuction,1,0,3
how does lymphatic drainage work,/when-to-start-lymphatic-massage-after-lipo,1,0,3
how effective is liposuction,/how-old-do-you-have-to-be-to-get-liposuction,1,0,3
how important is lymphatic massage after lipo,/how-many-massages-after-lipo-360,1,0,12
how important is lymphatic massage after lipo,/when-to-start-lymphatic-massage-after-lipo,1,0,1
how invasive is liposuction,/how-old-do-you-have-to-be-to-get-liposuction,1,0,3
how invasive is liposuction,/how-to-sleep-after-liposuction,1,0,3
how is a liposuction done,/how-many-times-can-you-get-liposuction,1,0,3
how is lipo 360 done,/how-many-times-can-you-get-liposuction,1,0,4
how is liposuction done,/how-many-times-can-you-get-liposuction,1,0,2
how is liposuction performed,/how-to-sleep-after-liposuction,1,0,3
how liposuction is done,/how-to-sleep-after-liposuction,1,0,3
how liposuction works,/how-old-do-you-have-to-be-to-get-liposuction,1,0,3
how long after chin lipo can i exercise,/how-long-does-it-take-to-recover-from-chin-lipo,1,0,3
how long after chin lipo can i exercise,/how-many-times-can-you-get-liposuction,1,0,3
how long after chin lipo can i sleep on my side,/how-many-massages-after-lipo-360,1,0,3
how long after chin lipo can i sleep on my side,/how-to-get-rid-of-fibrosis-after-lipo,1,0,2
how long after chin lipo can i sleep on my side,/how-to-reduce-itching-after-lipo,1,0,3
how long after chin lipo can i sleep on my side,/how-to-reduce-swelling-after-liposuction,1,0,3
how long after chin lipo can i workout,/how-long-does-it-take-to-recover-from-chin-lipo,1,0,2
how long after lipo 360 can i drink alcohol,/blog/tummy-tuck-vs-bbl-miami,1,0,2
how long after lipo 360 can i go back to work,/how-old-do-you-have-to-be-to-get-liposuction,1,0,3
how long after lipo 360 can i go back to work,/how-to-sleep-after-liposuction,1,0,3
how long after lipo 360 can i stop wear compression garments,/how-many-times-can-you-get-liposuction,1,0,3
how long after lipo 360 can i stop wear compression garments,/how-to-sleep-after-liposuction,1,0,3
how long after lipo can i drink alcohol,/how-to-reduce-swelling-after-liposuction,1,0,3
how long after lipo can i drink alcohol,/what-is-lipo-foam,1,0,3
how long after lipo can i go back to work,/how-to-reduce-itching-after-lipo,1,0,3
how long after lipo can i stop wear compression garments,/how-to-reduce-itching-after-lipo,1,0,3
how long after lipo can i stop wear compression garments,/what-is-lipo-foam,1,0,2
how long after lipo can i swim,/how-long-after-lipo-can-i-workout,1,0,97
how long after lipo can i swim,/how-old-do-you-have-to-be-to-get-liposuction,1,0,3
how long after lipo can you get a lymphatic massage,/how-many-massages-after-lipo-360,1,0,8
how long after lipo can you go back to work,/how-long-after-lipo-can-i-workout,1,0,44
how long after lipo does swelling go down,/how-to-reduce-swelling-after-liposuction,1,0,2
how long after liposuction can you drive,/how-to-reduce-swelling-after-liposuction,1,0,3
how long after liposuction can you fly,/how-many-times-can-you-get-liposuction,1,0,2
how long after liposuction can you fly,/what-to-eat-after-liposuction,1,0,2
how long after liposuction can you see results,/how-to-get-rid-of-bruising-after-liposuction,1,0,2
how long after liposuction do you have to wear the compression garment,/what-to-eat-after-liposuction,1,0,3
how long after liposuction should i wear compression garment,/how-to-reduce-swelling-after-liposuction,1,0,3
how long after liposuction should i wear compression garment,/how-to-sleep-after-liposuction,1,0,3
how long after lymphatic drainage take to work,/when-to-start-lymphatic-massage-after-lipo,1,0,99
how long after lymphatic massage do you see results,/when-to-start-lymphatic-massage-after-lipo,1,0,59
how long after vaser lipo can i fly,/how-to-reduce-itching-after-lipo,1,0,3
how long are you sore after liposuction,/how-to-reduce-swelling-after-liposuction,1,0,3
how long are you supposed to wear a faja,/what-is-lipo-foam,1,0,3
how long can a faja shape your body without surgery,/how-many-times-can-you-get-liposuction,1,0,3
how long can you live with lung fibrosis,/how-to-get-rid-of-fibrosis-after-lipo,1,0,3
how long do i have to wear faja after lipo,/how-to-sleep-after-liposuction,1,0,3
how long do i have to wear foams and boards after lipo,/how-to-sleep-after-liposuction,1,0,2
how long do i wear foam boards after lipo,/how-to-reduce-swelling-after-liposuction,1,0,3
how long do lipo incisions take to heal,/what-is-lipo-foam,1,0,3
how long do liposuction results last,/how-many-times-can-you-get-liposuction,1,0,3
how long do liposuction results last,/what-to-eat-after-liposuction,1,0,3
how long do you drain after lipo,/how-to-sleep-after-liposuction,1,0,2
how long do you drain after lipo 360,/how-many-times-can-you-get-liposuction,1,0,3
how long do you drain after lipo 360,/how-to-reduce-itching-after-lipo,1,0,3
how long do you have to get lymphatic massage after lipo,/how-many-massages-after-bbl,1,0,1
how long do you have to wear a faja after a bbl,/how-to-feed-the-fat-after-bbl,1,0,3
how long do you have to wear a faja after a bbl,/how-to-sleep-after-bbl,1,0,3
how long do you have to wear a faja after bbl,/what-is-lipo-foam,1,0,3
how long do you have to wear a faja after lipo,/how-to-get-rid-of-bruising-after-liposuction,1,0,3
how long do you have to wear faja after lipo,/how-many-times-can-you-get-liposuction,1,0,3
how long do you have to wear foam boards after lipo,/how-many-massages-after-lipo-360,1,0,3
how long do you have to wear foam boards after lipo,/how-to-reduce-itching-after-lipo,1,0,3
how long do you have to wear foam boards after lipo,/how-to-reduce-swelling-after-liposuction,1,0,3
how long do you have to wear foam boards after lipo,/when-to-start-lymphatic-massage-after-lipo,1,0,3
how long do you have to wear your faja after lipo,/how-many-times-can-you-get-liposuction,1,0,3
how long do you need lymphatic massages after liposuction,/how-many-massages-after-lipo-360,1,0,1
how long do you wear a faja after lipo,/how-to-reduce-itching-after-lipo,1,0,3
how long do you wear boards and foams after lipo,/what-is-lipo-foam,1,0,11
how long do you wear compression after liposuction,/how-to-reduce-swelling-after-liposuction,1,0,3
how long do you wear compression after liposuction,/how-to-sleep-after-liposuction,1,0,3
how long do you wear foam after lipo,/how-to-reduce-swelling-after-liposuction,1,0,3
how long do you wear foam boards after lipo,/how-many-massages-after-lipo-360,1,0,3
how long do you wear foams and boards after lipo,/how-many-times-can-you-get-liposuction,1,0,3
how long do you wear foams and boards after lipo,/how-to-reduce-swelling-after-liposuction,1,0,3
how long do you wear lipo foam after surgery,/how-old-do-you-have-to-be-to-get-liposuction,1,0,3
how long does a lipo 360 take,/how-many-times-can-you-get-liposuction,1,0,3
how long does a liposuction last,/how-old-do-you-have-to-be-to-get-liposuction,1,0,2
how long does a lymphatic drainage massage take,/how-many-massages-after-lipo-360,1,0,1
how long does arm lipo last,/how-many-times-can-you-get-liposuction,1,0,3
how long does bruising last after lipo,/what-is-lipo-foam,1,0,3
how long does chin lipo last,/how-many-times-can-you-get-liposuction,1,0,3
how long does chin lipo swelling last,/how-to-reduce-itching-after-lipo,1,0,3
how long does double chin lipo take to heal,/how-long-does-it-take-to-recover-from-chin-lipo,1,0,12
how long does fluid drain after lipo,/how-many-massages-after-lipo-360,1,0,3
how long does fluid drain after lipo,/how-to-reduce-swelling-after-liposuction,1,0,13
how long does it take for fibrosis to go away,/how-to-get-rid-of-fibrosis-after-lipo,1,0,3
how long does it take for lipo 360 to heal,/how-to-sleep-after-liposuction,1,0,2
how long does it take for lipo swelling to go down,/how-old-do-you-have-to-be-to-get-liposuction,1,0,3
how long does it take for liposuction swelling to go down,/how-many-times-can-you-get-liposuction,1,0,3
how long does it take for liposuction swelling to go down,/how-old-do-you-have-to-be-to-get-liposuction,1,0,3
how long does it take for liposuction swelling to go down,/how-to-sleep-after-liposuction,1,0,3
how long does it take for liposuction to heal,/how-many-massages-after-lipo-360,1,0,3
how long does it take for liposuction to heal,/how-old-do-you-have-to-be-to-get-liposuction,1,0,3
how long does it take for liposuction to heal,/how-to-sleep-after-liposuction,1,0,2
how long does it take for lymphatic drainage to work,/when-to-start-lymphatic-massage-after-lipo,1,0,1
how long does it take for lymphatic drops to work,/when-to-start-lymphatic-massage-after-lipo,1,0,1
how long does it take for skin to reattach after lipo,/how-old-do-you-have-to-be-to-get-liposuction,1,0,3
how long does it take for skin to reattach after lipo,/what-is-lipo-foam,1,0,3
how long does it take for swelling to go down after lipo,/how-to-sleep-after-liposuction,1,0,3
how long does it take for swelling to go down after liposuction,/how-many-times-can-you-get-liposuction,1,0,3
how long does it take for the swelling to go down after liposuction,/how-to-reduce-swelling-after-liposuction,1,0,1
how long does it take lipo to heal,/how-long-does-it-take-to-recover-from-chin-lipo,1,0,76
how long does it take liposuction to heal,/how-many-times-can-you-get-liposuction,1,0,2
how long does it take liposuction to heal,/how-old-do-you-have-to-be-to-get-liposuction,1,0,3
how long does it take lymphatic drainage drops to work,/when-to-start-lymphatic-massage-after-lipo,1,0,1
how long does it take to clear lymphatic system,/how-many-massages-after-lipo-360,1,0,25
how long does it take to heal after lipo 360,/how-many-times-can-you-get-liposuction,1,0,3
how long does it take to heal after lipo 360,/how-to-reduce-itching-after-lipo,1,0,1
how long does it take to heal after liposuction,/how-many-massages-after-lipo-360,1,0,2
how long does it take to heal after liposuction,/how-many-times-can-you-get-liposuction,1,0,3
how long does it take to heal from a bbl and lipo,/how-many-times-can-you-get-liposuction,1,0,3
how long does it take to heal from a bbl and lipo,/how-old-do-you-have-to-be-to-get-liposuction,1,0,3
how long does it take to heal from a bbl and lipo,/how-to-feed-the-fat-after-bbl,1,0,2
how long does it take to heal from liposuction,/how-to-sleep-after-liposuction,1,0,2
how long does it take to recover after liposuction,/how-old-do-you-have-to-be-to-get-liposuction,1,0,3
how long does it take to recover after liposuction,/how-to-sleep-after-liposuction,1,0,3
how long does it take to recover from abdominal liposuction,/how-many-times-can-you-get-liposuction,1,0,3
how long does it take to recover from lipo,/blog/liposuction-recovery-ozempic-miami,1,0,1
how long does it take to recover from lipo,/how-many-times-can-you-get-liposuction,1,0,3
how long does it take to recover from lipo,/how-old-do-you-have-to-be-to-get-liposuction,1,0,3
how long does it take to recover from lipo 360,/how-old-do-you-have-to-be-to-get-liposuction,1,0,3
how long does it take to recover from lipo 360,/how-to-reduce-itching-after-lipo,1,0,1
how long does it take to recover from lipo 360,/how-to-sleep-after-liposuction,1,0,3
how long does it take to recover from lipo 360,/what-areas-does-lipo-360-cover,1,0,3
how long does it take to recover from liposuction,/how-to-reduce-swelling-after-liposuction,1,0,1
how long does it take to recover from liposuction,/how-to-sleep-after-liposuction,1,0,3
how long does lipo 360 and bbl take,/how-to-feed-the-fat-after-bbl,1,0,2
how long does lipo 360 and bbl take,/how-to-sleep-after-bbl,1,0,3
how long does lipo 360 and bbl take,/how-to-sleep-after-liposuction,1,0,3
how long does lipo 360 procedure take,/how-to-sleep-after-liposuction,1,0,2
how long does lipo 360 take to heal,/how-many-times-can-you-get-liposuction,1,0,2
how long does lipo 360 take to heal,/how-to-sleep-after-liposuction,1,0,2
how long does lipo pain last,/how-to-reduce-swelling-after-liposuction,1,0,3
how long does lipo pain last,/how-to-sleep-after-liposuction,1,0,2
how long does lipo recovery take,/how-long-does-it-take-to-recover-from-chin-lipo,1,0,76
how long does lipo swelling last,/how-old-do-you-have-to-be-to-get-liposuction,1,0,3
how long does lipo swelling take to go down,/how-to-reduce-swelling-after-liposuction,1,0,1
how long does lipo take to heal,/how-many-times-can-you-get-liposuction,1,0,3
how long does lipo take to heal,/how-old-do-you-have-to-be-to-get-liposuction,1,0,3
how long does liposuction last,/how-many-times-can-you-get-liposuction,1,0,3
how long does liposuction surgery take,/how-many-times-can-you-get-liposuction,1,0,2
how long does liposuction take,/how-many-times-can-you-get-liposuction,1,0,3
how long does liposuction take to heal,/how-many-times-can-you-get-liposuction,1,0,3
how long does liposuction take to heal,/how-old-do-you-have-to-be-to-get-liposuction,1,0,2
how long does liposuction take to heal,/how-to-sleep-after-liposuction,1,0,2
how long does lymphatic drainage last,/how-many-massages-after-bbl,1,0,2
how long does lymphatic drainage massage last,/how-many-massages-after-lipo-360,1,0,3
how long does neck lipo take to heal,/how-long-does-it-take-to-recover-from-chin-lipo,1,0,48
how long does numbness last after liposuction,/how-many-massages-after-lipo-360,1,0,3
how long does numbness last after liposuction,/what-to-eat-after-liposuction,1,0,3
how long does numbness last after liposuction,/when-to-start-lymphatic-massage-after-lipo,1,0,3
how long does pain from liposuction last,/how-many-times-can-you-get-liposuction,1,0,3
how long does pain from liposuction last,/how-to-fix-uneven-liposuction,1,0,3
how long does pain from liposuction last,/what-is-lipo-foam,1,0,3
how long does renuvion take to work,/how-many-times-can-you-get-liposuction,1,0,3
how long does smart lipo last,/how-many-times-can-you-get-liposuction,1,0,2
how long does swelling last after liposuction,/how-to-reduce-itching-after-lipo,1,0,3
how long does swelling last after tummy tuck and lipo,/how-to-reduce-swelling-after-liposuction,1,0,3
how long does swelling take to go down after liposuction,/how-to-reduce-swelling-after-liposuction,1,0,1
how long for lipo swelling to go down,/how-many-times-can-you-get-liposuction,1,0,3
how long for lipo to heal,/how-to-sleep-after-liposuction,1,0,3
how long for lipo to heal,/what-to-eat-after-liposuction,1,0,3
how long for swelling to go down after liposuction,/how-many-times-can-you-get-liposuction,1,0,3
how long is arm lipo recovery,/how-many-times-can-you-get-liposuction,1,0,3
how long is lipo 360 recovery,/how-many-times-can-you-get-liposuction,1,0,3
how long is lipo recovery,/blog/liposuction-recovery-ozempic-miami,1,0,1
how long is lipo recovery,/how-many-times-can-you-get-liposuction,1,0,3
how long is lipo recovery,/how-old-do-you-have-to-be-to-get-liposuction,1,0,3
how long is lipo recovery,/how-to-sleep-after-liposuction,1,0,2
how long is lipo surgery,/how-to-sleep-after-liposuction,1,0,3
how long is liposuction recovery,/how-old-do-you-have-to-be-to-get-liposuction,1,0,2
how long is recovery after liposuction,/how-to-sleep-after-liposuction,1,0,3
how long is recovery for lipo 360,/how-many-times-can-you-get-liposuction,1,0,3
how long is recovery from lipo 360,/how-old-do-you-have-to-be-to-get-liposuction,1,0,3
how long is recovery from liposuction,/blog/liposuction-recovery-ozempic-miami,1,0,1
how long is stomach lipo recovery,/how-old-do-you-have-to-be-to-get-liposuction,1,0,3
how long is stomach lipo recovery,/how-to-sleep-after-liposuction,1,0,3
how long is the healing process for lipo 360,/how-to-reduce-itching-after-lipo,1,0,3
how long is the recovery for lipo 360,/how-many-times-can-you-get-liposuction,1,0,3
how long is the recovery for liposuction,/how-old-do-you-have-to-be-to-get-liposuction,1,0,3
how long is the recovery time for liposuction,/how-many-times-can-you-get-liposuction,1,0,3
how long is the recovery time for liposuction,/how-to-sleep-after-liposuction,1,0,2
how long is tummy tuck surgery with liposuction,/how-many-times-can-you-get-liposuction,1,0,3
how long lipo recovery,/blog/liposuction-recovery-ozempic-miami,1,0,1
how long lipo recovery,/how-to-sleep-after-liposuction,1,0,2
how long liposuction last,/how-old-do-you-have-to-be-to-get-liposuction,1,0,3
how long liposuction recovery,/how-old-do-you-have-to-be-to-get-liposuction,1,0,3
how long recovery for liposuction,/how-old-do-you-have-to-be-to-get-liposuction,1,0,3
how long should i wear compression garment after liposuction,/how-to-sleep-after-liposuction,1,1,3
how long to heal from chin lipo,/how-many-times-can-you-get-liposuction,1,0,3
how long to recover after liposuction,/how-many-times-can-you-get-liposuction,1,0,3
how long to recover from lipo,/how-long-does-it-take-to-recover-from-chin-lipo,1,0,79
how long to recover from lipo 360,/how-to-sleep-after-liposuction,1,0,2
how long to recover from liposuction,/how-many-times-can-you-get-liposuction,1,0,2
how long to see lipo results,/how-many-times-can-you-get-liposuction,1,0,3
how long to see lipo results,/how-old-do-you-have-to-be-to-get-liposuction,1,0,3
how long to see lipo results,/what-areas-does-lipo-360-cover,1,0,3
how long to see results from lymphatic massage,/how-many-massages-after-lipo-360,1,0,1
how long to see results lymphatic massage,/when-to-start-lymphatic-massage-after-lipo,1,0,42
how long to wait before revision liposuction 6 months 9 12 months,/how-many-times-can-you-get-liposuction,1,0,8
how long to wait for revision liposuction 6 months 12 months plastic surgeon guidance,/how-many-times-can-you-get-liposuction,1,0,3
how long to wait for sex after liposuction,/blog/tummy-tuck-vs-bbl-miami,1,0,3
how long to wear chin garment after lipo,/how-long-does-it-take-to-recover-from-chin-lipo,1,0,12
how long to wear compression after lipo,/how-to-reduce-swelling-after-liposuction,1,0,3
how long to wear compression garment after chin liposuction,/how-long-does-it-take-to-recover-from-chin-lipo,1,0,10
how long to wear compression garment after lipo,/how-to-fix-uneven-liposuction,1,0,3
how long to wear compression garment after lipo,/how-to-sleep-after-liposuction,1,0,3
how long to wear compression garment after lipo 360,/how-to-reduce-swelling-after-liposuction,1,0,3
how long to wear compression garment after tummy tuck and lipo,/how-many-massages-after-lipo-360,1,0,3
how long to wear compression garment after tummy tuck and lipo,/how-to-sleep-after-liposuction,1,0,3
how long to wear compression garment after vaser lipo,/how-to-sleep-after-liposuction,1,0,3
how long to wear compression garments after liposuction,/how-to-sleep-after-liposuction,1,0,3
how long to wear compression socks after lipo,/how-to-reduce-itching-after-lipo,1,0,3
how long to wear compression socks after lipo,/what-is-lipo-foam,1,0,3
how long to wear faja after lipo,/how-many-times-can-you-get-liposuction,1,0,3
how long to wear faja after lipo,/how-to-reduce-swelling-after-liposuction,1,0,3
how long to wear faja after tummy tuck,/what-is-lipo-foam,1,0,3
how long to wear foam after lipo,/how-to-sleep-after-liposuction,1,0,3
how long to wear foam boards after lipo,/how-to-reduce-swelling-after-liposuction,1,0,3
how long to wear foams after lipo,/how-to-get-rid-of-fibrosis-after-lipo,1,0,3
how long wear compression after chin lipo,/how-long-after-lipo-can-i-workout,1,0,2
how long will i drain after liposuction,/how-to-sleep-after-liposuction,1,0,3
how many areas can you liposuction at once,/how-many-times-can-you-get-liposuction,1,0,42
how many areas can you liposuction at once,/how-old-do-you-have-to-be-to-get-liposuction,1,0,3
how many days after lipo can i go back to work,/how-to-sleep-after-liposuction,1,0,3
how many liters of fat can be removed with liposuction,/how-many-times-can-you-get-liposuction,1,0,2
how many lymphatic massages after lipo 360,/how-many-massages-after-bbl,1,0,1
how many lymphatic massages after lipo 360,/how-many-massages-after-lipo-360,1,0,1
how many lymphatic massages do you need,/how-many-massages-after-bbl,1,0,2
how many lymphatic massages do you need to see results,/how-many-massages-after-lipo-360,1,0,1
how many massages after lipo 360 and bbl,/how-to-sleep-after-liposuction,1,0,2
how many massages do i need after lipo,/when-to-start-lymphatic-massage-after-lipo,1,0,3
how many massages should you get after lipo 360,/how-many-massages-after-bbl,1,0,1
how many people die from liposuction,/how-old-do-you-have-to-be-to-get-liposuction,1,0,3
how many people get liposuction,/how-many-times-can-you-get-liposuction,1,0,48
how many post op massages after lipo,/how-many-massages-after-bbl,1,0,35
how many pounds does liposuction remove,/how-many-times-can-you-get-liposuction,1,0,3
how many sessions of lymphatic massage do i need,/when-to-start-lymphatic-massage-after-lipo,1,0,13
how many times a day should i do lymphatic drainage massage,/how-many-massages-after-lipo-360,1,0,1
how many times lymphatic drainage massage,/how-many-massages-after-lipo-360,1,0,1
how many times to do lymphatic drainage massage,/how-many-massages-after-lipo-360,1,0,1
how many treatments of laser lipo are needed,/how-many-times-can-you-get-liposuction,1,0,84
how mich is chin lipo,/how-long-does-it-take-to-recover-from-chin-lipo,1,0,3
how much are lymphatic massages,/how-many-massages-after-lipo-360,1,0,6
how much can be removed with liposuction,/how-many-times-can-you-get-liposuction,1,0,2
how much can liposuction cost,/how-old-do-you-have-to-be-to-get-liposuction,1,0,3
how much do liposuction cost,/how-old-do-you-have-to-be-to-get-liposuction,1,0,3
how much does a lipo cost,/how-old-do-you-have-to-be-to-get-liposuction,1,0,3
how much does arm lipo cost,/how-old-do-you-have-to-be-to-get-liposuction,1,0,3
how much does arm liposuction cost,/how-many-times-can-you-get-liposuction,1,0,3
how much does arm liposuction cost,/how-old-do-you-have-to-be-to-get-liposuction,1,0,3
how much does awake lipo cost,/how-to-sleep-after-liposuction,1,0,2
how much does chin liposuction cost,/how-many-times-can-you-get-liposuction,1,0,3
how much does it cost for arm liposuction,/how-many-times-can-you-get-liposuction,1,0,3
how much does it cost for lipo,/how-many-times-can-you-get-liposuction,1,0,3
how much does it cost for lipo 360,/how-many-times-can-you-get-liposuction,1,0,3
how much does it cost for liposuction,/how-old-do-you-have-to-be-to-get-liposuction,1,0,3
how much does it cost to do liposuction,/how-old-do-you-have-to-be-to-get-liposuction,1,0,3
how much does it cost to remove love handles,/how-old-do-you-have-to-be-to-get-liposuction,1,0,3
how much does laser liposuction cost,/how-old-do-you-have-to-be-to-get-liposuction,1,0,3
how much does lipo 360 cost,/how-many-times-can-you-get-liposuction,1,0,2
how much does lipo cost,/how-many-times-can-you-get-liposuction,1,0,3
how much does lipo cost for stomach,/how-many-times-can-you-get-liposuction,1,0,3
how much does lipo suction cost,/how-old-do-you-have-to-be-to-get-liposuction,1,0,3
how much does liposuction cost,/blog/tummy-tuck-vs-bbl-miami,1,0,3
how much does liposuction cost,/how-to-sleep-after-liposuction,1,0,2
how much does liposuction cost,/procedures/liposuction-miami,1,0,1
how much does liposuction cost for stomach,/how-many-times-can-you-get-liposuction,1,0,2
how much does liposuction cost in california,/what-areas-does-lipo-360-cover,1,0,3
how much does liposuction cost in india,/how-many-times-can-you-get-liposuction,1,0,2
how much does liposuction cost in ireland,/how-many-times-can-you-get-liposuction,1,0,3
how much does liposuction cost in miami,/how-old-do-you-have-to-be-to-get-liposuction,1,0,3
how much does liposuction cost in michigan,/how-old-do-you-have-to-be-to-get-liposuction,1,0,3
how much does liposuction cost in ohio,/how-old-do-you-have-to-be-to-get-liposuction,1,0,3
how much does liposuction cost in texas,/how-old-do-you-have-to-be-to-get-liposuction,1,0,3
how much does liposuction cost in texas,/how-to-sleep-after-liposuction,1,0,3
how much does liposuction cost on the stomach,/procedures/liposuction-miami,1,0,2
how much does liposuction cost uk,/how-many-times-can-you-get-liposuction,1,0,2
how much does liposuction cost utah,/how-to-sleep-after-liposuction,1,0,3
how much does love handle liposuction cost,/how-many-times-can-you-get-liposuction,1,0,3
how much does love handle liposuction cost,/how-old-do-you-have-to-be-to-get-liposuction,1,0,3
how much does sono bello lipo 360 cost,/what-areas-does-lipo-360-cover,1,0,1
how much does stomach liposuction cost,/how-many-times-can-you-get-liposuction,1,0,3
how much fat can be removed by liposuction,/how-many-times-can-you-get-liposuction,1,0,1
how much fat can be removed in one liposuction session,/how-many-times-can-you-get-liposuction,1,0,1
how much fat can be removed with lipo,/how-old-do-you-have-to-be-to-get-liposuction,1,0,3
how much fat can be removed with lipo 360,/how-many-massages-after-lipo-360,1,0,3
how much fat can be removed with lipo 360,/how-many-times-can-you-get-liposuction,1,0,3
how much fat can be removed with liposuction,/how-many-times-can-you-get-liposuction,1,0,3
how much fat can i lose with liposuction,/how-many-times-can-you-get-liposuction,1,0,2
how much fat can you get removed with liposuction,/how-many-times-can-you-get-liposuction,1,0,3
how much fat can you lose with liposuction,/how-many-times-can-you-get-liposuction,1,0,3
how much fat can you remove with liposuction,/how-many-times-can-you-get-liposuction,1,0,1
how much fat does liposuction remove,/how-many-times-can-you-get-liposuction,1,0,1
how much fat is allowed to be removed during liposuction,/how-many-times-can-you-get-liposuction,1,0,3
how much fat is taken out during liposuction,/how-many-times-can-you-get-liposuction,1,0,3
how much for arm lipo,/how-old-do-you-have-to-be-to-get-liposuction,1,0,3
how much for liposuction,/how-many-times-can-you-get-liposuction,1,0,3
how much for liposuction on stomach,/how-old-do-you-have-to-be-to-get-liposuction,1,0,3
how much is 360 lipo,/how-old-do-you-have-to-be-to-get-liposuction,1,0,3
how much is 360 liposuction,/what-areas-does-lipo-360-cover,1,0,3
how much is 360 liposuction in philippines,/how-many-times-can-you-get-liposuction,1,0,3
how much is 360 liposuction in south africa,/how-many-times-can-you-get-liposuction,1,0,2
how much is a 360 lipo,/how-many-times-can-you-get-liposuction,1,0,2
how much is a chin lipo,/how-long-does-it-take-to-recover-from-chin-lipo,1,0,3
how much is a lipo 360,/how-many-times-can-you-get-liposuction,1,0,3
how much is a lipo 360 in miami,/blog/affordable-plastic-surgery-miami,1,0,2
how much is a liposuction in mexico,/what-areas-does-lipo-360-cover,1,0,3
how much is a liposuction in miami,/procedures/liposuction-miami,1,0,58
how much is abdominal liposuction,/how-many-times-can-you-get-liposuction,1,0,3
how much is arm lipo in california,/how-old-do-you-have-to-be-to-get-liposuction,1,0,3
how much is arm liposuction in canada,/how-many-times-can-you-get-liposuction,1,0,3
how much is chin fat removal,/how-long-does-it-take-to-recover-from-chin-lipo,1,0,3
how much is chin lipo in florida,/how-long-does-it-take-to-recover-from-chin-lipo,1,0,3
how much is chin lipo in mexico,/how-long-does-it-take-to-recover-from-chin-lipo,1,0,3
how much is chin liposuction uk,/how-long-does-it-take-to-recover-from-chin-lipo,1,0,3
how much is double chin lipo,/how-long-does-it-take-to-recover-from-chin-lipo,1,0,3
how much is facial liposuction,/how-long-does-it-take-to-recover-from-chin-lipo,1,0,3
how much is full body lipo,/what-areas-does-lipo-360-cover,1,0,3
how much is full body liposuction,/what-areas-does-lipo-360-cover,1,0,3
how much is hip liposuction,/how-many-times-can-you-get-liposuction,1,0,3
how much is it to get liposuction,/how-many-times-can-you-get-liposuction,1,0,3
how much is it to get liposuction,/how-old-do-you-have-to-be-to-get-liposuction,1,0,3
how much is laser liposuction cost,/how-many-times-can-you-get-liposuction,1,0,3
how much is leg liposuction,/how-old-do-you-have-to-be-to-get-liposuction,1,0,3
how much is lipo,/how-old-do-you-have-to-be-to-get-liposuction,1,0,3
how much is lipo,/how-to-sleep-after-liposuction,1,0,3
how much is lipo 360,/how-to-sleep-after-liposuction,1,0,2
how much is lipo 360 and tummy tuck,/what-areas-does-lipo-360-cover,1,0,3
"how much is lipo 360 in atlanta, ga",/how-many-times-can-you-get-liposuction,1,0,3
how much is lipo 360 in florida,/blog/affordable-plastic-surgery-miami,1,0,1
how much is lipo 360 in florida,/how-many-times-can-you-get-liposuction,1,0,3
how much is lipo 360 in florida,/how-old-do-you-have-to-be-to-get-liposuction,1,0,3
how much is lipo 360 in mexico,/how-old-do-you-have-to-be-to-get-liposuction,1,0,3
how much is lipo 360 in nigeria,/how-many-massages-after-lipo-360,1,0,1
how much is lipo 360 in nj,/how-many-times-can-you-get-liposuction,1,0,3
how much is lipo 360 in pa,/how-many-times-can-you-get-liposuction,1,0,3
how much is lipo 360 in texas,/blog/tummy-tuck-vs-bbl-miami,1,0,3
how much is lipo 360 in texas,/how-many-times-can-you-get-liposuction,1,0,3
how much is lipo 360 near me,/what-areas-does-lipo-360-cover,1,1,1
how much is lipo in mexico,/what-areas-does-lipo-360-cover,1,0,3
how much is lipo suction,/how-old-do-you-have-to-be-to-get-liposuction,1,0,3
how much is lipo under chin,/how-old-do-you-have-to-be-to-get-liposuction,1,0,3
how much is liposuction,/what-areas-does-lipo-360-cover,1,0,3
how much is liposuction and fat transfer to buttocks,/blog/affordable-plastic-surgery-miami,1,0,1
how much is liposuction and tummy tuck,/how-many-times-can-you-get-liposuction,1,0,3
how much is liposuction for stomach,/how-old-do-you-have-to-be-to-get-liposuction,1,0,3
how much is liposuction in australia,/how-many-times-can-you-get-liposuction,1,0,2
how much is liposuction in canada,/what-areas-does-lipo-360-cover,1,0,2
how much is liposuction in dubai,/how-many-times-can-you-get-liposuction,1,0,3
how much is liposuction in ireland,/how-many-times-can-you-get-liposuction,1,0,3
how much is liposuction in michigan,/how-old-do-you-have-to-be-to-get-liposuction,1,0,2
how much is liposuction in nigeria,/how-many-times-can-you-get-liposuction,1,0,3
how much is liposuction in oklahoma,/what-areas-does-lipo-360-cover,1,0,3
how much is liposuction in south africa,/how-many-times-can-you-get-liposuction,1,0,3
how much is liposuction in texas,/what-areas-does-lipo-360-cover,1,0,3
how much is liposuction in turkey,/how-many-massages-after-lipo-360,1,0,3
how much is liposuction in turkey in rands,/how-many-times-can-you-get-liposuction,1,0,3
how much is liposuction ireland,/how-many-times-can-you-get-liposuction,1,0,3
how much is liposuction of the stomach and love handles,/how-to-sleep-after-liposuction,1,0,3
how much is liposuction on arms,/how-many-times-can-you-get-liposuction,1,0,3
how much is liposuction on legs,/how-many-times-can-you-get-liposuction,1,0,3
how much is liposuction philippines,/how-old-do-you-have-to-be-to-get-liposuction,1,0,3
how much is liposuction uk stomach,/how-to-sleep-after-liposuction,1,0,3
how much is liposuction?,/how-old-do-you-have-to-be-to-get-liposuction,1,0,3
how much is non invasive lipo,/how-many-times-can-you-get-liposuction,1,0,3
how much is smart lipo,/how-many-times-can-you-get-liposuction,1,0,3
how much is sono bello liposuction,/how-old-do-you-have-to-be-to-get-liposuction,1,0,3
how much is sonobello lipo,/how-old-do-you-have-to-be-to-get-liposuction,1,0,3
how much is stomach liposuction,/how-many-times-can-you-get-liposuction,1,0,3
how much is stomach liposuction,/how-old-do-you-have-to-be-to-get-liposuction,1,0,3
how much is under chin lipo,/how-long-does-it-take-to-recover-from-chin-lipo,1,0,3
how much is.liposuction,/how-old-do-you-have-to-be-to-get-liposuction,1,0,3
how much it cost for liposuction,/how-old-do-you-have-to-be-to-get-liposuction,1,0,3
how much laser liposuction cost,/how-many-times-can-you-get-liposuction,1,0,3
how much lipo,/how-many-times-can-you-get-liposuction,1,0,2
how much liposuction cost,/procedures/liposuction-miami,1,0,2
how much liposuction cost in philippines,/how-many-times-can-you-get-liposuction,1,0,3
how much liposuction cost in philippines,/how-old-do-you-have-to-be-to-get-liposuction,1,0,3
how much lymphatic drainage massage,/how-many-massages-after-bbl,1,0,3
how much weight can i lose with liposuction,/how-old-do-you-have-to-be-to-get-liposuction,1,0,3
how much weight can liposuction remove,/blog/tummy-tuck-vs-bbl-miami,1,0,3
how much weight can liposuction remove,/how-many-times-can-you-get-liposuction,1,0,3
how much weight can you lose after liposuction,/how-many-times-can-you-get-liposuction,1,0,3
how much weight can you lose by liposuction,/how-many-times-can-you-get-liposuction,1,0,2
how much weight can you lose with lipo 360,/how-many-times-can-you-get-liposuction,1,0,2
how much weight can you lose with lipo 360,/how-to-sleep-after-liposuction,1,0,2
how much weight can you lose with liposuction,/how-old-do-you-have-to-be-to-get-liposuction,1,0,3
how much weight do you lose with lipo 360 and tummy tuck,/how-many-times-can-you-get-liposuction,1,0,3
how much weight do you lose with tummy tuck and lipo,/how-old-do-you-have-to-be-to-get-liposuction,1,0,3
how often can i do lymphatic massage,/how-many-massages-after-lipo-360,1,0,4
how often can i do lymphatic massage,/when-to-start-lymphatic-massage-after-lipo,1,0,3
how often can you do laser lipolysis,/how-many-times-can-you-get-liposuction,1,0,77
how often can you do lymphatic drainage massage,/when-to-start-lymphatic-massage-after-lipo,1,0,1
how often can you have a lymphatic drainage massage,/how-many-massages-after-lipo-360,1,0,1
how often can you have lymphatic drainage massage,/how-many-massages-after-lipo-360,1,0,1
how often can you have lymphatic drainage massage,/when-to-start-lymphatic-massage-after-lipo,1,0,2
how often do i need lymphatic drainage massage,/how-many-massages-after-lipo-360,1,0,1
how often do lymphatic drainage,/how-many-massages-after-lipo-360,1,0,3
how often do you have to do lymphatic drainage massage,/how-many-massages-after-lipo-360,1,0,1
how often do you need a lymphatic drainage massage,/how-many-massages-after-lipo-360,1,0,1
how often do you need a lymphatic drainage massage,/when-to-start-lymphatic-massage-after-lipo,1,0,2
how often get lymphatic drainage massage,/how-many-massages-after-lipo-360,1,0,1
how often is a lymphatic massage recommended,/how-many-massages-after-lipo-360,1,0,1
how often should i get lymphatic massage,/how-many-massages-after-lipo-360,1,0,3
how often should i get lymphatic massage after tummy tuck,/how-many-massages-after-lipo-360,1,0,43
how often should lymphatic massage be done,/how-many-massages-after-bbl,1,0,3
how often should you do a lymphatic massage,/how-many-massages-after-lipo-360,1,0,1
how often should you do lymphatic drainage massage for weight loss,/when-to-start-lymphatic-massage-after-lipo,1,0,3
how often should you get lymphatic drainage massage,/when-to-start-lymphatic-massage-after-lipo,1,0,2
how often should you get lymphatic drainage massage after tummy tuck,/when-to-start-lymphatic-massage-after-lipo,1,0,108
how often should you have a lymphatic massage,/how-many-massages-after-lipo-360,1,0,1
how often should you lymphatic massage,/how-many-massages-after-bbl,1,0,3
how often to get a lymphatic massage,/when-to-start-lymphatic-massage-after-lipo,1,0,2
how often to get lymphatic drainage,/when-to-start-lymphatic-massage-after-lipo,1,0,1
how often to have lymphatic drainage massage,/how-many-massages-after-bbl,1,0,2
how old do you have to be to get coolsculpting,/how-old-do-you-have-to-be-to-get-liposuction,1,0,1
how painful is liposuction,/how-to-reduce-itching-after-lipo,1,0,2
how painful is liposuction,/how-to-sleep-after-liposuction,1,0,2
how painful is liposuction recovery,/how-old-do-you-have-to-be-to-get-liposuction,1,0,2
how painful is liposuction recovery,/what-to-eat-after-liposuction,1,0,3
how painful is liposuction reddit,/how-old-do-you-have-to-be-to-get-liposuction,1,0,4
how risky is liposuction,/how-many-times-can-you-get-liposuction,1,0,3
how safe is lipo,/how-old-do-you-have-to-be-to-get-liposuction,1,0,3
how serious is fibrosis of the liver,/how-to-get-rid-of-fibrosis-after-lipo,1,0,2
how soon after chin lipo should i massage,/when-to-start-lymphatic-massage-after-lipo,1,0,12
how soon after lipo can i get a lymphatic massage,/how-many-massages-after-lipo-360,1,0,1
how soon after lipo can you exercise,/how-long-after-lipo-can-i-workout,1,0,8
how soon after liposuction can you exercise,/how-old-do-you-have-to-be-to-get-liposuction,1,0,3
how soon after liposuction can you fly,/how-old-do-you-have-to-be-to-get-liposuction,1,0,3
how soon after surgery can you have lymphatic drainage massage,/when-to-start-lymphatic-massage-after-lipo,1,0,1
how soon can i start lymphatic massage after liposuction,/when-to-start-lymphatic-massage-after-lipo,1,0,1
how successful is liposuction,/how-many-times-can-you-get-liposuction,1,0,3
how successful is liposuction,/how-old-do-you-have-to-be-to-get-liposuction,1,0,3
how to avoid fibrosis after chin lipo,/how-to-get-rid-of-fibrosis-after-lipo,1,0,2
how to break up lipedema fibrosis,/how-to-get-rid-of-fibrosis-after-lipo,1,0,2
how to choose the right lymphatic drainage massage plan for weight loss at a cosmetic surgery center?,/when-to-start-lymphatic-massage-after-lipo,1,0,12
how to cure lung fibrosis,/how-to-get-rid-of-fibrosis-after-lipo,1,0,3
how to dissolve fibrosis,/how-to-get-rid-of-fibrosis-after-lipo,1,0,1
how to do a lymphatic drainage massage on stomach,/how-many-massages-after-lipo-360,1,0,1
how to do a lymphatic massage,/how-many-massages-after-bbl,1,0,3
how to do a lymphatic massage at home,/how-many-massages-after-bbl,1,0,3
how to do liposuction,/how-old-do-you-have-to-be-to-get-liposuction,1,0,3
how to do liposuction,/how-to-sleep-after-liposuction,1,0,3
how to do lymphatic drainage,/how-many-massages-after-lipo-360,1,0,3
how to do lymphatic drainage massage after lipo,/when-to-start-lymphatic-massage-after-lipo,1,0,1
how to do lymphatic drainage massage on stomach,/how-many-massages-after-lipo-360,1,0,1
how to do lymphatic massage after bbl,/how-many-massages-after-lipo-360,1,0,1
how to do lymphatic massage after lipo,/how-many-massages-after-lipo-360,1,0,97
how to do lymphatic massage at home,/how-many-massages-after-bbl,1,0,3
how to do lymphatic massage on legs,/how-many-massages-after-bbl,1,0,3
how to do the lymphatic drainage massage,/how-many-massages-after-bbl,1,0,3
how to drain a seroma,/how-to-get-rid-of-fibrosis-after-lipo,1,0,1
how to drain lymphatic system,/when-to-start-lymphatic-massage-after-lipo,1,0,1
how to drain lymphatic system in legs,/how-to-reduce-swelling-after-liposuction,1,0,3
how to get liposuction,/how-old-do-you-have-to-be-to-get-liposuction,1,0,3
how to get rid of fibrosis after liposuction,/how-to-reduce-swelling-after-liposuction,1,0,3
how to get rid of fibrosis in the penis,/how-to-get-rid-of-fibrosis-after-lipo,1,0,2
how to get rid of liposuction scars,/how-many-times-can-you-get-liposuction,1,0,3
how to get rid of liposuction scars,/how-to-get-rid-of-fibrosis-after-lipo,1,0,3
how to get rid of lumps after liposuction,/how-to-sleep-after-liposuction,1,0,3
how to get rid of lumps after liposuction,/what-is-lipo-foam,1,0,3
how to get rid of lymphatic fluid in legs,/how-to-reduce-swelling-after-liposuction,1,0,1
how to get rid of numbness after liposuction,/what-is-lipo-foam,1,0,3
how to give self lymphatic massage,/how-many-massages-after-bbl,1,0,4
how to give yourself a lymphatic drainage massage,/how-many-massages-after-bbl,1,0,1
how to help lymphatic drainage,/when-to-start-lymphatic-massage-after-lipo,1,0,2
how to improve lymphatic drainage,/when-to-start-lymphatic-massage-after-lipo,1,0,1
how to increase lymphatic drainage in legs,/how-to-reduce-swelling-after-liposuction,1,0,2
how to know if your lymphatic system is draining,/how-many-massages-after-lipo-360,1,0,1
how to lymphatic drainage massage,/how-many-massages-after-bbl,1,0,3
how to lymphatic drainage massage stomach,/how-many-massages-after-lipo-360,1,0,1
how to massage after chin lipo,/when-to-start-lymphatic-massage-after-lipo,1,0,57
how to massage after liposuction,/when-to-start-lymphatic-massage-after-lipo,1,0,1
how to massage breast after liposuction,/how-many-massages-after-lipo-360,1,0,3
how to massage hard spots after lipo,/how-many-massages-after-lipo-360,1,0,73
how to open lymphatic drainage,/how-many-massages-after-bbl,1,0,3
how to perform a lymphatic drainage massage,/how-many-massages-after-bbl,1,0,3
how to prepare for lipo 360,/how-many-times-can-you-get-liposuction,1,0,3
how to prepare for lipo 360,/how-to-sleep-after-liposuction,1,0,2
how to prepare for liposuction,/how-many-times-can-you-get-liposuction,1,0,3
how to prepare for liposuction,/how-old-do-you-have-to-be-to-get-liposuction,1,0,3
how to prepare for lymphatic drainage massage,/how-many-massages-after-bbl,1,0,2
how to prevent pulmonary fibrosis,/how-to-get-rid-of-fibrosis-after-lipo,1,0,3
how to reduce swelling after liposuction,/how-to-get-rid-of-bruising-after-liposuction,1,0,100
how to reduce swelling after tummy tuck and lipo,/how-to-sleep-after-liposuction,1,0,3
how to reverse fibrosis,/how-to-get-rid-of-fibrosis-after-lipo,1,0,2
how to self massage after lipo,/how-many-massages-after-lipo-360,1,0,2
how to sleep after chin lipo,/how-long-does-it-take-to-recover-from-chin-lipo,1,0,70
how to sleep after lipo 360,/what-to-eat-after-liposuction,1,0,2
how to sleep after liposuction,/how-many-times-can-you-get-liposuction,1,0,3
how to smooth out lipo bumps in texas,/how-to-get-rid-of-fibrosis-after-lipo,1,0,76
how to stop burning sensation after liposuction,/how-many-massages-after-lipo-360,1,0,3
how to stop burning sensation after liposuction,/when-to-start-lymphatic-massage-after-lipo,1,0,3
how to stop lymphatic drainage,/how-to-reduce-swelling-after-liposuction,1,0,1
how to tighten skin after lipo,/how-many-times-can-you-get-liposuction,1,0,3
how to train in lymphatic drainage massage,/how-many-massages-after-bbl,1,0,3
how to treat lipo burns,/how-to-reduce-itching-after-lipo,1,0,58
how to treat nerve pain after liposuction,/how-to-sleep-after-liposuction,1,1,7
how to use lipo foam,/how-to-sleep-after-liposuction,1,0,3
how to use lymphatic drainage,/how-many-massages-after-bbl,1,0,3
how to wear foam boards after lipo,/how-to-reduce-swelling-after-liposuction,1,0,4
how.much does liposuction cost,/how-many-times-can-you-get-liposuction,1,0,3
how.much is chin lipo,/how-long-does-it-take-to-recover-from-chin-lipo,1,0,3
how.much is liposuction,/how-old-do-you-have-to-be-to-get-liposuction,1,0,3
hyperbaric chamber after liposuction,/blog/tummy-tuck-vs-bbl-miami,1,0,3
hyperbaric chamber after liposuction,/how-many-times-can-you-get-liposuction,1,0,3
i had liposuction,/how-to-get-rid-of-fibrosis-after-lipo,1,0,5
i had liposuction,/what-is-lipo-foam,1,0,1
ice pack after liposuction,/how-to-get-rid-of-bruising-after-liposuction,1,0,1
if you get liposuction can the fat come back,/how-many-times-can-you-get-liposuction,1,0,2
if you have lipo does the fat come back,/how-old-do-you-have-to-be-to-get-liposuction,1,0,3
if you have liposuction can the fat come back,/how-old-do-you-have-to-be-to-get-liposuction,1,0,3
images of liposuction,/how-long-does-it-take-to-recover-from-chin-lipo,1,0,18
improve lymphatic drainage,/when-to-start-lymphatic-massage-after-lipo,1,0,2
in office liposuction,/how-old-do-you-have-to-be-to-get-liposuction,1,0,3
indiba post liposuction how often,/how-many-massages-after-lipo-360,1,0,2
indiba post liposuction how often treatment frequency,/how-many-massages-after-lipo-360,1,0,2
infected lipoma treatment,/how-to-reduce-swelling-after-liposuction,1,0,2
inflamacion post liposuccion,/how-to-reduce-swelling-after-liposuction,1,0,3
inflamación despues de una liposuccion,/how-to-reduce-swelling-after-liposuction,1,0,2
inflammation after liposuction,/how-many-massages-after-lipo-360,1,0,3
inflammation after liposuction,/what-to-eat-after-liposuction,1,0,3
inner thigh and knee liposuction before and after,/how-many-times-can-you-get-liposuction,1,0,3
inner thigh lipo before and after,/how-many-times-can-you-get-liposuction,1,0,3
inner thigh lipo recovery,/how-old-do-you-have-to-be-to-get-liposuction,1,0,3
inner thigh lipo recovery,/how-to-sleep-after-liposuction,1,0,3
inner thigh liposuction,/how-many-times-can-you-get-liposuction,1,0,3
inner thigh liposuction bruising,/how-to-sleep-after-liposuction,1,0,3
inner thigh liposuction recovery,/how-many-times-can-you-get-liposuction,1,0,2
inner thigh liposuction recovery,/how-to-reduce-itching-after-lipo,1,0,4
inner thigh liposuction recovery,/how-to-sleep-after-liposuction,1,0,2
inner thighs liposuction,/how-many-times-can-you-get-liposuction,1,0,1
inner thighs liposuction,/how-old-do-you-have-to-be-to-get-liposuction,1,0,3
inner thighs liposuction,/how-to-fix-uneven-liposuction,1,0,1
is a lymphatic drainage massage good for you,/how-many-massages-after-lipo-360,1,0,3
is a lymphatic drainage massage painful,/how-many-massages-after-lipo-360,1,0,2
is a lymphatic massage good for you,/how-many-massages-after-lipo-360,1,0,3
is a tummy tuck better than liposuction,/how-many-times-can-you-get-liposuction,1,0,2
is airsculpt liposuction,/how-to-sleep-after-liposuction,1,0,3
is arm lipo dangerous,/how-to-sleep-after-liposuction,1,0,2
is arm lipo painful,/how-many-times-can-you-get-liposuction,1,0,3
is chin lipo permanent,/how-many-times-can-you-get-liposuction,1,0,3
is fibrosis contagious,/how-to-get-rid-of-fibrosis-after-lipo,1,0,3
is fibrosis dangerous,/how-to-get-rid-of-fibrosis-after-lipo,1,0,2
is fibrosis reversible,/how-to-get-rid-of-fibrosis-after-lipo,1,0,2
is fibrosis the same as fibroids,/how-to-get-rid-of-fibrosis-after-lipo,1,0,3
is fibrosis the same as scarring,/how-to-get-rid-of-fibrosis-after-lipo,1,0,3
is fibrosis treatable,/how-to-get-rid-of-fibrosis-after-lipo,1,0,3
is inner thigh lipo worth it,/how-to-sleep-after-liposuction,1,0,2
is it easier to lose weight after liposuction,/how-many-times-can-you-get-liposuction,1,0,2
is it good to do lymphatic drainage before bed,/how-many-massages-after-bbl,1,0,2
is it safe to do liposuction,/how-old-do-you-have-to-be-to-get-liposuction,1,0,3
is it safe to do liposuction,/how-to-sleep-after-liposuction,1,0,3
is it safe to get liposuction,/how-many-times-can-you-get-liposuction,1,0,3
is it safe to sleep with a faja on,/how-to-sleep-after-liposuction,1,0,1
is laser lipo dangerous,/how-many-times-can-you-get-liposuction,1,0,3
is laser lipo safe,/how-many-times-can-you-get-liposuction,1,0,3
is laser liposuction dangerous,/how-many-times-can-you-get-liposuction,1,0,3
is lipo 360 a bbl,/how-many-times-can-you-get-liposuction,1,0,3
is lipo 360 dangerous,/how-old-do-you-have-to-be-to-get-liposuction,1,0,3
is lipo 360 dangerous,/what-areas-does-lipo-360-cover,1,0,3
is lipo 360 invasive,/what-areas-does-lipo-360-cover,1,0,1
is lipo 360 painful,/what-areas-does-lipo-360-cover,1,0,2
is lipo 360 painful,/what-to-eat-after-liposuction,1,0,3
is lipo 360 permanent,/how-many-times-can-you-get-liposuction,1,0,2
is lipo 360 safe,/how-to-sleep-after-liposuction,1,0,3
is lipo better than tummy tuck,/how-many-times-can-you-get-liposuction,1,0,3
is lipo dangerous,/how-many-times-can-you-get-liposuction,1,0,2
is lipo done under general anesthesia,/how-old-do-you-have-to-be-to-get-liposuction,1,0,3
is lipo invasive,/how-old-do-you-have-to-be-to-get-liposuction,1,0,3
is lipo laser safe,/how-many-times-can-you-get-liposuction,1,0,3
is lipo laser safe,/how-old-do-you-have-to-be-to-get-liposuction,1,0,2
is lipo painful,/how-many-times-can-you-get-liposuction,1,0,3
is lipo recovery painful,/how-old-do-you-have-to-be-to-get-liposuction,1,0,3
is lipo safe,/how-many-times-can-you-get-liposuction,1,0,3
is lipo suction dangerous,/how-old-do-you-have-to-be-to-get-liposuction,1,0,3
is lipo suction safe,/how-old-do-you-have-to-be-to-get-liposuction,1,0,3
is lipo surgery,/how-many-times-can-you-get-liposuction,1,0,3
is lipo worth it,/how-old-do-you-have-to-be-to-get-liposuction,1,0,3
is liposuction,/how-many-times-can-you-get-liposuction,1,0,3
is liposuction a dangerous procedure,/how-many-times-can-you-get-liposuction,1,0,3
is liposuction a safe procedure,/how-many-times-can-you-get-liposuction,1,0,3
is liposuction a safe procedure,/how-old-do-you-have-to-be-to-get-liposuction,1,0,3
is liposuction an invasive surgery,/how-to-reduce-itching-after-lipo,1,0,11
is liposuction and tummy tuck the same thing,/how-many-times-can-you-get-liposuction,1,0,3
is liposuction dangerous,/how-many-massages-after-lipo-360,1,0,3
is liposuction dangerous,/what-is-lipo-foam,1,0,3
is liposuction expensive,/how-old-do-you-have-to-be-to-get-liposuction,1,0,3
is liposuction for lipedema covered by insurance,/how-many-times-can-you-get-liposuction,1,0,3
is liposuction for lipedema covered by insurance,/how-old-do-you-have-to-be-to-get-liposuction,1,0,3
is liposuction good for belly fat,/how-many-times-can-you-get-liposuction,1,0,3
is liposuction good for health,/how-old-do-you-have-to-be-to-get-liposuction,1,0,3
is liposuction good for weight loss,/how-many-times-can-you-get-liposuction,1,0,2
is liposuction halal,/how-many-times-can-you-get-liposuction,1,0,3
is liposuction painful,/how-long-after-lipo-can-i-workout,1,0,2
is liposuction painful,/how-to-reduce-itching-after-lipo,1,0,3
is liposuction painful,/what-to-eat-after-liposuction,1,0,2
is liposuction painful recovery,/how-to-sleep-after-liposuction,1,0,3
is liposuction recovery painful,/how-to-sleep-after-liposuction,1,0,2
is liposuction safe,/blog/tummy-tuck-vs-liposuction,1,0,1
is liposuction safe,/how-to-sleep-after-liposuction,1,0,2
is liposuction safe,/what-areas-does-lipo-360-cover,1,0,2
is liposuction safe,/what-to-eat-after-liposuction,1,0,2
is liposuction safe for maintaining fitness goals,/how-long-after-lipo-can-i-workout,1,0,4
is liposuction safe for seniors,/how-old-do-you-have-to-be-to-get-liposuction,1,0,3
is liposuction still a thing,/how-many-times-can-you-get-liposuction,1,0,3
is liposuction still popular,/how-old-do-you-have-to-be-to-get-liposuction,1,0,3
is liposuction surgery,/how-old-do-you-have-to-be-to-get-liposuction,1,0,3
is liposuction worth it,/how-many-times-can-you-get-liposuction,1,0,3
is liposuction worth it,/how-old-do-you-have-to-be-to-get-liposuction,1,0,3
is lung fibrosis curable,/how-to-get-rid-of-fibrosis-after-lipo,1,0,3
is lymphatic drainage beneficial,/how-many-massages-after-lipo-360,1,0,3
is lymphatic drainage massage good for lipedema,/when-to-start-lymphatic-massage-after-lipo,1,0,1
is lymphatic drainage massage good for you,/how-many-massages-after-lipo-360,1,0,3
is lymphatic drainage necessary after liposuction,/how-many-massages-after-lipo-360,1,0,3
is lymphatic drainage safe,/when-to-start-lymphatic-massage-after-lipo,1,0,1
is lymphatic massage good for you,/how-many-massages-after-lipo-360,1,0,3
is pulmonary fibrosis treatable,/how-to-get-rid-of-fibrosis-after-lipo,1,0,2
is renuvion permanent,/how-many-times-can-you-get-liposuction,1,0,2
is residual fibrosis dangerous,/how-to-get-rid-of-fibrosis-after-lipo,1,0,3
is sonobello liposuction,/how-old-do-you-have-to-be-to-get-liposuction,1,0,3
is thigh liposuction worth it,/how-old-do-you-have-to-be-to-get-liposuction,1,0,3
is tummy tuck and liposuction the same,/how-many-times-can-you-get-liposuction,1,0,2
is vaser liposuction painful,/how-to-sleep-after-liposuction,1,0,3
is vaser liposuction safe,/how-many-times-can-you-get-liposuction,1,0,3
itching after liposuction,/how-to-reduce-swelling-after-liposuction,1,0,3
itchy after lipo,/how-many-times-can-you-get-liposuction,1,0,3
itchy after lipo,/how-to-reduce-swelling-after-liposuction,1,0,3
itchy after lymphatic drainage,/how-to-reduce-itching-after-lipo,1,0,1
itchy lipoma,/how-to-reduce-itching-after-lipo,1,0,3
itchy skin after liposuction,/how-to-fix-uneven-liposuction,1,0,2
jaw lipo cost,/how-long-does-it-take-to-recover-from-chin-lipo,1,0,3
jaw liposuction cost,/how-many-times-can-you-get-liposuction,1,0,3
jawline lipo,/how-to-sleep-after-liposuction,1,0,4
jawline liposuction,/how-long-does-it-take-to-recover-from-chin-lipo,1,0,49
je regrette ma liposuccion,/how-many-times-can-you-get-liposuction,1,0,3
k es la fibrosis pulmonar,/how-to-get-rid-of-fibrosis-after-lipo,1,0,3
knee arthrofibrosis treatment,/how-to-get-rid-of-fibrosis-after-lipo,1,0,1
knee lipo,/how-old-do-you-have-to-be-to-get-liposuction,1,0,3
knee lipo before and after pictures,/how-to-sleep-after-liposuction,1,0,2
knee lipo cost,/how-many-times-can-you-get-liposuction,1,0,3
knee liposuction near me,/how-old-do-you-have-to-be-to-get-liposuction,1,0,2
kybella vs chin lipo,/how-many-times-can-you-get-liposuction,1,0,3
la fibrosis desaparece sola,/how-to-get-rid-of-fibrosis-after-lipo,1,0,2
la fibrosis en los senos es peligrosa,/how-to-get-rid-of-fibrosis-after-lipo,1,0,3
la fibrosis post lipo desaparece sola,/how-to-get-rid-of-fibrosis-after-lipo,1,0,2
la fibrosis pulmonar tiene cura,/how-to-get-rid-of-fibrosis-after-lipo,1,0,2
la fibrosis tiene cura,/how-to-get-rid-of-fibrosis-after-lipo,1,0,3
la liposuccion peut elle etre remboursé,/how-many-times-can-you-get-liposuction,1,0,2
la liposucción es peligrosa,/how-to-get-rid-of-fibrosis-after-lipo,1,0,3
la lipotransferencia es permanente,/how-many-massages-after-bbl,1,0,2
laser lipo,/how-many-times-can-you-get-liposuction,1,0,3
laser lipo,/what-to-eat-after-liposuction,1,0,3
laser lipo,/when-to-start-lymphatic-massage-after-lipo,1,0,3
laser lipo and skin tightening,/how-many-times-can-you-get-liposuction,1,0,1
laser lipo before and after,/how-many-times-can-you-get-liposuction,1,0,3
laser lipo before and after,/how-old-do-you-have-to-be-to-get-liposuction,1,0,3
laser lipo equipment,/blog/tummy-tuck-vs-liposuction,1,0,3
laser lipo pads,/what-is-lipo-foam,1,0,3
laser lipo recovery,/how-to-get-rid-of-fibrosis-after-lipo,1,0,3
laser lipolysis,/how-many-times-can-you-get-liposuction,1,0,3
laser lipolysis postoperative manual lymphatic drainage evidence,/when-to-start-lymphatic-massage-after-lipo,1,0,4
laser liposuction cost in india,/how-many-times-can-you-get-liposuction,1,0,3
laser liposuction ireland,/how-many-times-can-you-get-liposuction,1,0,2
laser liposuction side effects long term,/how-many-times-can-you-get-liposuction,1,0,3
lateral thigh liposuction,/how-to-sleep-after-liposuction,1,0,3
latest treatment for pulmonary fibrosis,/how-to-get-rid-of-fibrosis-after-lipo,1,0,3
leg liposuction,/how-many-times-can-you-get-liposuction,1,0,3
leg liposuction,/what-to-eat-after-liposuction,1,0,3
leg liposuction before and after,/how-many-times-can-you-get-liposuction,1,0,2
leg liposuction before and after,/how-to-sleep-after-liposuction,1,0,2
leg liposuction cost,/how-many-times-can-you-get-liposuction,1,0,3
leg liposuction cost,/how-old-do-you-have-to-be-to-get-liposuction,1,0,3
life after liposuction,/how-many-times-can-you-get-liposuction,1,0,3
lipedema liposuction cost,/how-old-do-you-have-to-be-to-get-liposuction,1,0,3
lipedema liposuction covered by insurance,/blog/affordable-plastic-surgery-miami,1,0,2
lipo,/how-old-do-you-have-to-be-to-get-liposuction,1,0,2
lipo,/how-to-feed-the-fat-after-bbl,1,0,9
lipo,/how-to-fix-uneven-liposuction,1,0,1
lipo,/how-to-get-rid-of-bruising-after-liposuction,1,0,1
lipo,/how-to-reduce-itching-after-lipo,1,0,6
lipo,/how-to-sleep-after-liposuction,1,0,1
lipo 3,/how-many-times-can-you-get-liposuction,1,0,7
lipo 350,/how-many-massages-after-lipo-360,1,0,1
lipo 360 12 areas,/how-to-sleep-after-liposuction,1,0,3
lipo 360 after care,/how-many-times-can-you-get-liposuction,1,0,3
lipo 360 after care,/how-to-sleep-after-liposuction,1,0,3
lipo 360 after care,/what-is-lipo-foam,1,0,3
lipo 360 after pregnancy,/how-many-times-can-you-get-liposuction,1,0,3
lipo 360 after pregnancy,/how-old-do-you-have-to-be-to-get-liposuction,1,0,3
lipo 360 after pregnancy,/how-to-sleep-after-liposuction,1,0,3
lipo 360 and arm lipo cost,/what-areas-does-lipo-360-cover,1,0,3
lipo 360 and arms,/what-areas-does-lipo-360-cover,1,0,3
lipo 360 and bbl,/how-many-massages-after-bbl,1,0,1
lipo 360 and bbl,/how-many-massages-after-lipo-360,1,0,4
lipo 360 and bbl,/how-to-feed-the-fat-after-bbl,1,0,3
lipo 360 and bbl,/how-to-sleep-after-bbl,1,0,1
lipo 360 and bbl before and after,/how-old-do-you-have-to-be-to-get-liposuction,1,0,3
lipo 360 and bbl before and after,/how-to-sleep-after-liposuction,1,0,5
lipo 360 and breast augmentation,/what-areas-does-lipo-360-cover,1,0,3
lipo 360 and breast augmentation cost,/how-many-times-can-you-get-liposuction,1,0,3
lipo 360 and breast lift,/what-areas-does-lipo-360-cover,1,0,76
lipo 360 and fat transfer to buttocks cost,/how-many-times-can-you-get-liposuction,1,0,3
lipo 360 areas,/how-many-times-can-you-get-liposuction,1,0,3
lipo 360 areas diagram,/what-areas-does-lipo-360-cover,1,0,8
lipo 360 bbl,/blog/tummy-tuck-vs-bbl-miami,1,0,2
lipo 360 bbl,/how-many-massages-after-lipo-360,1,0,2
lipo 360 bbl,/how-old-do-you-have-to-be-to-get-liposuction,1,0,4
lipo 360 bbl,/how-to-sleep-after-bbl,1,0,1
lipo 360 bbl,/how-to-sleep-after-liposuction,1,0,4
lipo 360 bbl,/what-areas-does-lipo-360-cover,1,0,1
lipo 360 bbl and tummy tuck,/blog/tummy-tuck-vs-bbl-miami,1,0,3
lipo 360 bbl before and after,/how-to-sleep-after-bbl,1,0,3
lipo 360 bbl before and after,/what-areas-does-lipo-360-cover,1,0,3
lipo 360 bbl cost,/how-many-massages-after-lipo-360,1,0,1
lipo 360 bbl recovery time,/how-to-feed-the-fat-after-bbl,1,0,3
lipo 360 bbl recovery time,/how-to-sleep-after-liposuction,1,0,3
lipo 360 before and after,/how-many-massages-after-lipo-360,1,0,3
lipo 360 before and after,/how-old-do-you-have-to-be-to-get-liposuction,1,0,3
lipo 360 before and after,/how-to-sleep-after-liposuction,1,0,3
lipo 360 before and after,/what-to-eat-after-liposuction,1,0,3
lipo 360 before and after,/when-to-start-lymphatic-massage-after-lipo,1,0,3
lipo 360 before and after without tummy tuck,/how-many-times-can-you-get-liposuction,1,0,3
lipo 360 c'est quoi,/how-many-times-can-you-get-liposuction,1,0,2
lipo 360 charlotte nc,/how-to-sleep-after-liposuction,1,0,2
lipo 360 chicago,/how-old-do-you-have-to-be-to-get-liposuction,1,0,3
lipo 360 complications,/how-many-times-can-you-get-liposuction,1,0,2
lipo 360 compression garment,/how-to-sleep-after-liposuction,1,0,3
lipo 360 consist of,/how-many-times-can-you-get-liposuction,1,0,3
lipo 360 consist of,/how-old-do-you-have-to-be-to-get-liposuction,1,0,3
lipo 360 cost,/blog/tummy-tuck-vs-bbl-miami,1,0,3
lipo 360 cost,/how-many-massages-after-bbl,1,0,3
lipo 360 cost,/how-many-massages-after-lipo-360,1,0,2
lipo 360 cost,/how-to-sleep-after-bbl,1,0,3
lipo 360 cost dallas,/how-many-times-can-you-get-liposuction,1,0,3
lipo 360 cost indianapolis,/how-to-sleep-after-liposuction,1,0,3
lipo 360 cost miami,/blog/affordable-plastic-surgery-miami,1,0,3
lipo 360 cost near me,/how-many-times-can-you-get-liposuction,1,0,2
lipo 360 cost near me,/what-areas-does-lipo-360-cover,1,0,1
lipo 360 dallas,/how-to-fix-uneven-liposuction,1,0,2
lipo 360 dallas,/what-areas-does-lipo-360-cover,1,0,2
lipo 360 downtime,/how-many-times-can-you-get-liposuction,1,0,2
lipo 360 downtime,/how-to-reduce-itching-after-lipo,1,0,1
lipo 360 drainage,/when-to-start-lymphatic-massage-after-lipo,1,0,7
lipo 360 florida cost,/how-to-sleep-after-liposuction,1,0,3
lipo 360 foam board,/what-is-lipo-foam,1,0,3
lipo 360 foam wrap,/what-is-lipo-foam,1,0,4
lipo 360 fresno ca,/how-many-times-can-you-get-liposuction,1,0,2
lipo 360 houston,/how-old-do-you-have-to-be-to-get-liposuction,1,0,2
lipo 360 incisions,/how-many-times-can-you-get-liposuction,1,0,3
lipo 360 incisions,/what-areas-does-lipo-360-cover,1,0,59
lipo 360 las vegas,/what-areas-does-lipo-360-cover,1,0,2
lipo 360 mas bbl,/what-areas-does-lipo-360-cover,1,0,1
lipo 360 massages,/when-to-start-lymphatic-massage-after-lipo,1,0,1
lipo 360 massages near me,/how-many-massages-after-lipo-360,1,0,1
lipo 360 miami,/blog/affordable-plastic-surgery-miami,1,0,3
lipo 360 miami fl,/what-areas-does-lipo-360-cover,1,0,2
lipo 360 michigan,/how-old-do-you-have-to-be-to-get-liposuction,1,0,2
lipo 360 mismi,/what-areas-does-lipo-360-cover,1,0,2
lipo 360 mississippi,/how-many-times-can-you-get-liposuction,1,0,3
lipo 360 near me,/how-old-do-you-have-to-be-to-get-liposuction,1,0,3
lipo 360 near me,/how-to-reduce-itching-after-lipo,1,0,2
lipo 360 near me,/how-to-sleep-after-liposuction,1,0,2
lipo 360 no bbl cost,/how-many-times-can-you-get-liposuction,1,0,3
lipo 360 nyc,/how-many-times-can-you-get-liposuction,1,0,2
lipo 360 on plus size women,/what-areas-does-lipo-360-cover,1,0,67
lipo 360 orange county,/how-old-do-you-have-to-be-to-get-liposuction,1,0,5
lipo 360 pain,/how-long-after-lipo-can-i-workout,1,0,3
lipo 360 price philippines,/how-many-times-can-you-get-liposuction,1,0,3
lipo 360 procedure,/what-areas-does-lipo-360-cover,1,0,3
lipo 360 process,/how-to-sleep-after-liposuction,1,0,4
lipo 360 que es,/how-many-times-can-you-get-liposuction,1,0,2
lipo 360 que incluye,/what-areas-does-lipo-360-cover,1,0,2
lipo 360 recovery,/how-to-sleep-after-liposuction,1,0,2
lipo 360 recovery day by day,/how-many-times-can-you-get-liposuction,1,0,3
lipo 360 recovery day by day,/how-to-sleep-after-liposuction,1,0,3
lipo 360 recovery time,/what-areas-does-lipo-360-cover,1,0,3
lipo 360 recovery timeline,/how-many-times-can-you-get-liposuction,1,0,3
lipo 360 recovery timeline,/how-to-sleep-after-liposuction,1,0,2
lipo 360 results,/how-many-times-can-you-get-liposuction,1,0,5
lipo 360 reviews,/what-areas-does-lipo-360-cover,1,0,1
lipo 360 scars,/how-many-times-can-you-get-liposuction,1,0,3
lipo 360 sculpting,/what-areas-does-lipo-360-cover,1,0,17
lipo 360 side effects,/how-many-times-can-you-get-liposuction,1,0,2
lipo 360 sono bello cost,/what-areas-does-lipo-360-cover,1,0,1
lipo 360 south africa,/what-areas-does-lipo-360-cover,1,0,3
lipo 360 surgery before and after,/how-to-sleep-after-liposuction,1,0,3
lipo 360 swelling,/how-to-reduce-swelling-after-liposuction,1,0,3
lipo 360 target areas,/what-areas-does-lipo-360-cover,1,0,12
lipo 360 the villages,/what-areas-does-lipo-360-cover,1,0,24
lipo 360 treatment areas diagram front and back,/what-areas-does-lipo-360-cover,1,0,8
lipo 360 tummy tuck,/what-areas-does-lipo-360-cover,1,0,1
lipo 360 tummy tuck and bbl,/how-to-feed-the-fat-after-bbl,1,0,3
lipo 360 uk,/what-areas-does-lipo-360-cover,1,0,1
lipo 360 virginia beach,/how-old-do-you-have-to-be-to-get-liposuction,1,0,2
lipo 360 vs bbl,/how-old-do-you-have-to-be-to-get-liposuction,1,0,3
lipo 360 vs tummy tuck,/blog/tummy-tuck-vs-bbl-miami,1,0,3
lipo 360 vs tummy tuck,/how-to-sleep-after-liposuction,1,0,2
lipo 360 waist contour,/what-areas-does-lipo-360-cover,1,0,12
lipo 360 what is it,/how-many-massages-after-lipo-360,1,0,3
lipo 360 what is it,/how-many-times-can-you-get-liposuction,1,0,2
lipo 360 with bbl,/how-many-massages-after-bbl,1,0,2
lipo 360 with bbl,/how-many-massages-after-lipo-360,1,0,2
lipo 360 with bbl price near me,/what-areas-does-lipo-360-cover,1,0,1
lipo 360 with j plasma before and after,/how-to-sleep-after-liposuction,1,0,3
lipo 360 with j plasma cost,/how-many-times-can-you-get-liposuction,1,0,3
lipo 360 with renuvion before and after,/how-to-fix-uneven-liposuction,1,0,1
lipo 360?,/how-many-times-can-you-get-liposuction,1,0,3
lipo 369 near me,/how-many-times-can-you-get-liposuction,1,0,2
lipo 6 black results 1 month,/how-to-sleep-after-liposuction,1,0,3
lipo abdomen before and after,/how-many-times-can-you-get-liposuction,1,0,3
lipo after care,/how-to-sleep-after-liposuction,1,0,2
lipo after pregnancy,/blog/tummy-tuck-vs-liposuction,1,0,3
lipo aftercare,/how-to-reduce-itching-after-lipo,1,0,1
lipo and bbl,/how-to-feed-the-fat-after-bbl,1,0,2
lipo and bbl,/when-to-start-lymphatic-massage-after-lipo,1,0,1
lipo and tummy tuck,/when-to-start-lymphatic-massage-after-lipo,1,0,1
lipo and tummy tuck cost near me,/blog/affordable-plastic-surgery-miami,1,0,9
lipo apron belly,/blog/tummy-tuck-vs-liposuction,1,0,1
lipo arm before and after,/how-many-times-can-you-get-liposuction,1,0,2
lipo armpit fat,/how-old-do-you-have-to-be-to-get-liposuction,1,0,3
lipo arms,/how-many-times-can-you-get-liposuction,1,0,3
lipo arms before and after,/how-to-sleep-after-liposuction,1,0,3
lipo back fat,/what-areas-does-lipo-360-cover,1,0,3
lipo back fat before and after,/procedures/liposuction-miami,1,0,4
lipo before and after,/how-old-do-you-have-to-be-to-get-liposuction,1,0,2
lipo before and after pictures,/how-many-times-can-you-get-liposuction,1,0,2
lipo before pregnancy,/how-many-times-can-you-get-liposuction,1,0,4
lipo before pregnancy,/how-old-do-you-have-to-be-to-get-liposuction,1,0,4
lipo before pregnancy,/what-is-lipo-foam,1,0,4
lipo belly button,/how-many-times-can-you-get-liposuction,1,0,3
lipo bh,/what-areas-does-lipo-360-cover,1,0,2
lipo birmingham al,/how-old-do-you-have-to-be-to-get-liposuction,1,0,2
lipo boards and foam,/how-to-sleep-after-liposuction,1,0,4
lipo bruising pics,/how-old-do-you-have-to-be-to-get-liposuction,1,0,2
lipo bruising pics,/what-to-eat-after-liposuction,1,0,2
lipo burn before and after,/how-to-reduce-itching-after-lipo,1,0,1
lipo burn before and after,/how-to-sleep-after-liposuction,1,0,3
lipo chin before and after,/how-long-does-it-take-to-recover-from-chin-lipo,1,0,3
lipo chin near me,/how-long-does-it-take-to-recover-from-chin-lipo,1,0,2
lipo chin surgery,/how-long-does-it-take-to-recover-from-chin-lipo,1,0,3
lipo contour anti swelling,/how-to-reduce-swelling-after-liposuction,1,0,10
lipo contour anti swelling system,/what-is-lipo-foam,1,0,1
lipo cost in miami,/procedures/liposuction-miami,1,0,65
lipo cream,/how-old-do-you-have-to-be-to-get-liposuction,1,0,3
lipo doctors in miami,/procedures/liposuction-miami,1,0,72
lipo double chin cost,/how-long-does-it-take-to-recover-from-chin-lipo,1,0,3
lipo downtime,/how-old-do-you-have-to-be-to-get-liposuction,1,0,3
lipo drainage,/how-to-sleep-after-liposuction,1,0,3
lipo drainage massage,/when-to-start-lymphatic-massage-after-lipo,1,0,1
lipo drains,/how-to-reduce-swelling-after-liposuction,1,0,3
lipo drops,/how-to-sleep-after-liposuction,1,0,3
lipo edema,/how-to-reduce-swelling-after-liposuction,1,0,3
lipo fat reduction,/how-many-times-can-you-get-liposuction,1,0,3
lipo fibrose,/how-to-get-rid-of-fibrosis-after-lipo,1,1,1
lipo fl,/what-is-lipo-foam,1,0,1
lipo foam,/how-many-massages-after-lipo-360,1,0,4
lipo foam,/when-to-start-lymphatic-massage-after-lipo,1,0,4
lipo foam after liposuction supplies,/what-is-lipo-foam,1,0,2
lipo foam chin,/what-is-lipo-foam,1,0,4
lipo foam pads near me,/what-is-lipo-foam,1,0,4
lipo foams near me,/what-is-lipo-foam,1,0,20
lipo for chin cost,/how-long-does-it-take-to-recover-from-chin-lipo,1,0,3
lipo for chin fat,/how-long-does-it-take-to-recover-from-chin-lipo,1,0,3
lipo for double chin,/how-long-does-it-take-to-recover-from-chin-lipo,1,0,3
lipo for saddlebags,/how-old-do-you-have-to-be-to-get-liposuction,1,0,3
lipo forma,/what-is-lipo-foam,1,0,7
lipo gone wrong photos,/how-old-do-you-have-to-be-to-get-liposuction,1,0,2
lipo gym,/how-long-after-lipo-can-i-workout,1,0,10
lipo heal,/how-to-reduce-swelling-after-liposuction,1,0,1
lipo in belly,/how-long-does-it-take-to-recover-from-chin-lipo,1,0,30
lipo in mexico cost,/what-areas-does-lipo-360-cover,1,0,3
lipo in miami cost,/procedures/liposuction-miami,1,0,70
lipo in miami florida,/procedures/liposuction-miami,1,0,71
lipo in turkey cost,/how-many-times-can-you-get-liposuction,1,0,3
lipo infection,/how-to-reduce-itching-after-lipo,1,0,1
lipo itch,/how-to-sleep-after-liposuction,1,0,3
lipo killer massage,/how-many-massages-after-lipo-360,1,0,3
lipo lab,/what-areas-does-lipo-360-cover,1,0,1
lipo lab injection how to use for belly fat,/how-many-times-can-you-get-liposuction,1,0,3
lipo laser,/how-many-times-can-you-get-liposuction,1,0,3
lipo laser before and after,/how-old-do-you-have-to-be-to-get-liposuction,1,0,3
lipo laser miami,/procedures/liposuction-miami,1,0,85
lipo laser pads treatment,/what-is-lipo-foam,1,0,2
lipo laser price,/how-old-do-you-have-to-be-to-get-liposuction,1,0,3
lipo legs,/how-many-times-can-you-get-liposuction,1,0,2
lipo legs before and after,/how-to-sleep-after-liposuction,1,0,3
lipo lymphatic drainage massage,/how-to-fix-uneven-liposuction,1,0,2
lipo marks,/how-to-fix-uneven-liposuction,1,0,3
lipo massage chicago,/when-to-start-lymphatic-massage-after-lipo,1,0,5
lipo massage miami,/how-many-massages-after-lipo-360,1,0,91
lipo massager,/how-many-massages-after-lipo-360,1,0,63
lipo massages near me,/how-many-massages-after-lipo-360,1,0,3
lipo massages near me,/when-to-start-lymphatic-massage-after-lipo,1,0,2
lipo mattress,/what-is-lipo-foam,1,0,1
lipo mino shot,/how-old-do-you-have-to-be-to-get-liposuction,1,0,3
lipo on apron belly,/how-old-do-you-have-to-be-to-get-liposuction,1,0,3
lipo on arms cost,/how-to-sleep-after-liposuction,1,0,3
lipo on back,/how-to-sleep-after-liposuction,1,0,2
lipo on back before and after,/what-areas-does-lipo-360-cover,1,0,6
lipo on belly,/how-old-do-you-have-to-be-to-get-liposuction,1,0,3
lipo on chin,/how-long-does-it-take-to-recover-from-chin-lipo,1,0,3
lipo on face,/how-long-does-it-take-to-recover-from-chin-lipo,1,0,3
lipo on flanks,/when-to-start-lymphatic-massage-after-lipo,1,0,16
lipo on flanks before and after,/how-many-times-can-you-get-liposuction,1,0,5
lipo on hips,/how-to-sleep-after-liposuction,1,0,3
lipo on hips before and after,/how-many-times-can-you-get-liposuction,1,0,3
lipo on saddlebags,/how-many-times-can-you-get-liposuction,1,0,3
lipo on thighs,/how-to-sleep-after-liposuction,1,0,3
lipo on thighs before and after,/how-to-sleep-after-liposuction,1,0,3
lipo on upper arms,/how-many-times-can-you-get-liposuction,1,0,3
lipo pic,/how-long-does-it-take-to-recover-from-chin-lipo,1,0,33
lipo plus,/how-many-times-can-you-get-liposuction,1,0,3
lipo post op massages near me,/how-many-massages-after-lipo-360,1,0,4
lipo procedure,/how-old-do-you-have-to-be-to-get-liposuction,1,0,3
lipo pros and cons,/how-many-times-can-you-get-liposuction,1,0,3
lipo recovery,/how-to-sleep-after-liposuction,1,0,3
lipo recovery stages,/how-long-does-it-take-to-recover-from-chin-lipo,1,0,1
lipo recovery time,/blog/liposuction-recovery-ozempic-miami,1,0,1
lipo recovery time,/how-many-massages-after-lipo-360,1,0,3
lipo recovery time,/how-many-times-can-you-get-liposuction,1,0,2
lipo recovery week by week,/how-to-sleep-after-liposuction,1,0,7
lipo recovery week by week,/what-is-lipo-foam,1,0,6
lipo requirements,/how-old-do-you-have-to-be-to-get-liposuction,1,0,3
lipo revision,/how-to-fix-uneven-liposuction,1,0,1
lipo scarring,/how-to-get-rid-of-fibrosis-after-lipo,1,0,3
lipo session price,/what-areas-does-lipo-360-cover,1,0,3
lipo side effects,/how-to-sleep-after-liposuction,1,0,3
lipo slimming injections,/how-to-sleep-after-liposuction,1,0,3
lipo suction,/how-old-do-you-have-to-be-to-get-liposuction,1,0,3
lipo suction miami,/procedures/liposuction-miami,1,0,67
lipo suction procedure,/how-old-do-you-have-to-be-to-get-liposuction,1,0,3
lipo suction surgery,/how-to-sleep-after-liposuction,1,0,3
lipo surgery,/blog/tummy-tuck-vs-liposuction,1,0,1
lipo surgery,/how-many-times-can-you-get-liposuction,1,0,3
lipo surgery,/how-to-reduce-itching-after-lipo,1,0,4
lipo surgery,/how-to-sleep-after-liposuction,1,0,3
lipo surgery,/what-is-lipo-foam,1,0,1
lipo surgery recovery,/how-long-after-lipo-can-i-workout,1,0,3
lipo surgery recovery,/how-to-sleep-after-liposuction,1,0,3
lipo surgery side effects,/how-many-times-can-you-get-liposuction,1,0,2
lipo swelling before and after,/how-to-reduce-swelling-after-liposuction,1,0,3
lipo swelling timeline,/how-to-sleep-after-liposuction,1,0,3
lipo swelling week by week,/how-many-times-can-you-get-liposuction,1,0,3
lipo swelling week by week,/how-to-sleep-after-liposuction,1,0,3
lipo tijuana vip,/blog/tummy-tuck-vs-bbl-miami,1,0,6
lipo tijuana vip,/how-to-sleep-after-liposuction,1,0,6
lipo to the flanks,/how-many-times-can-you-get-liposuction,1,0,3
lipo treatment for weight loss,/how-many-times-can-you-get-liposuction,1,0,3
lipo tummy tuck,/how-many-times-can-you-get-liposuction,1,0,3
lipo under chin,/how-long-does-it-take-to-recover-from-chin-lipo,1,0,3
lipo under chin before and after,/how-long-does-it-take-to-recover-from-chin-lipo,1,0,3
lipo under the chin,/how-long-does-it-take-to-recover-from-chin-lipo,1,0,3
lipo upper abdomen,/what-areas-does-lipo-360-cover,1,0,2
lipo vs bbl,/blog/tummy-tuck-vs-bbl-miami,1,0,26
lipo vs lipo 360,/how-many-times-can-you-get-liposuction,1,0,3
lipo vs tummy tuck results,/blog/tummy-tuck-vs-liposuction,1,0,3
lipo with j plasma,/what-is-j-plasma-lipo,1,0,8
lipo without general anesthesia,/how-many-times-can-you-get-liposuction,1,0,2
lipo without tummy tuck before and after,/how-old-do-you-have-to-be-to-get-liposuction,1,0,3
lipo-form,/what-is-lipo-foam,1,0,2
lipo-suction,/how-old-do-you-have-to-be-to-get-liposuction,1,0,3
lipo.360,/how-many-times-can-you-get-liposuction,1,0,3
lipo360 and bbl,/how-many-massages-after-lipo-360,1,0,3
lipo360 bbl,/how-many-massages-after-bbl,1,0,3
lipo360 bbl,/how-many-massages-after-lipo-360,1,0,3
lipo360 before and after,/how-many-times-can-you-get-liposuction,1,0,3
lipo360 miami,/procedures/liposuction-miami,1,0,90
lipo360 near me,/what-areas-does-lipo-360-cover,1,0,2
lipo360 price,/how-many-times-can-you-get-liposuction,1,0,3
lipo360 recovery,/when-to-start-lymphatic-massage-after-lipo,1,0,2
lipoabdominoplasty,/how-many-times-can-you-get-liposuction,1,0,2
lipoabdominoplasty cost,/how-many-massages-after-lipo-360,1,0,3
lipocel side effects,/how-to-reduce-itching-after-lipo,1,0,1
lipocussion,/how-many-times-can-you-get-liposuction,1,0,2
lipoderm,/how-to-sleep-after-liposuction,1,0,2
lipodistrofia,/how-to-get-rid-of-fibrosis-after-lipo,1,0,3
lipoelastic bra,/what-is-lipo-foam,1,0,4
lipoescultura,/how-many-times-can-you-get-liposuction,1,0,3
lipoescultura 360 antes y después,/how-to-get-rid-of-fibrosis-after-lipo,1,0,3
lipoescultura precio,/how-many-times-can-you-get-liposuction,1,0,3
lipofilling fessier avant après,/how-many-massages-after-bbl,1,0,2
lipofilling fessier durée de vie,/how-to-feed-the-fat-after-bbl,1,0,2
lipofilling visage danger,/how-to-get-rid-of-fibrosis-after-lipo,1,0,2
lipoform protect,/what-is-lipo-foam,1,0,1
lipohypertrophy treatment cream,/how-to-get-rid-of-fibrosis-after-lipo,1,0,3
lipolaser en miami,/blog/affordable-plastic-surgery-miami,1,0,9
lipolaser fat reduction,/how-many-times-can-you-get-liposuction,1,0,3
lipolaser vs coolsculpting,/how-many-times-can-you-get-liposuction,1,0,2
lipolymphedema,/how-to-reduce-swelling-after-liposuction,1,0,3
lipolysis meaning,/how-many-times-can-you-get-liposuction,1,0,2
lipom an der wirbelsäule entfernen,/how-to-sleep-after-liposuction,1,0,2
lipoma,/how-to-get-rid-of-bruising-after-liposuction,1,0,2
lipoma en perros fotos,/how-many-massages-after-lipo-360,1,0,2
lipoma itching,/how-to-reduce-itching-after-lipo,1,0,1
lipoma itching treatment,/how-to-reduce-itching-after-lipo,1,0,1
lipoma removal,/how-to-get-rid-of-bruising-after-liposuction,1,0,4
lipoma removal near me,/how-to-get-rid-of-bruising-after-liposuction,1,0,2
lipoma removal price,/how-to-get-rid-of-bruising-after-liposuction,1,0,3
lipoma removal recovery time,/how-to-sleep-after-liposuction,1,0,3
lipoma removal scar,/how-to-get-rid-of-bruising-after-liposuction,1,0,3
lipomassage avant / après,/how-many-massages-after-lipo-360,1,0,3
lipomassage avant après,/how-many-massages-after-lipo-360,1,0,2
lipomodelage,/how-to-fix-uneven-liposuction,1,0,1
lipomodelling,/how-to-sleep-after-liposuction,1,0,3
lipopapada,/how-long-does-it-take-to-recover-from-chin-lipo,1,0,1
lipopapada mal hecha,/how-many-times-can-you-get-liposuction,1,0,3
lipoplasty before and after,/how-many-times-can-you-get-liposuction,1,0,3
liposculpture 360,/what-areas-does-lipo-360-cover,1,0,80
liposculpture cost miami,/procedures/liposuction-miami,1,0,84
liposculpture vs liposuction,/how-many-times-can-you-get-liposuction,1,0,3
liposonix treatment,/how-many-times-can-you-get-liposuction,1,0,3
liposuccion 10 ans après,/how-many-times-can-you-get-liposuction,1,0,2
liposuccion caderas,/how-old-do-you-have-to-be-to-get-liposuction,1,0,3
liposuccion complète prix france,/how-many-times-can-you-get-liposuction,1,0,3
liposuccion culotte de cheval douleur,/how-many-times-can-you-get-liposuction,1,0,2
liposuccion de alta definicion south miami,/procedures/liposuction-miami,1,0,75
liposuccion fibrosis,/how-to-get-rid-of-fibrosis-after-lipo,1,0,70
liposuccion moretones,/how-to-get-rid-of-fibrosis-after-lipo,1,0,3
liposuccion pectoraux homme prix,/how-old-do-you-have-to-be-to-get-liposuction,1,0,2
liposuccion precio,/how-many-times-can-you-get-liposuction,1,0,3
liposuccion precio,/how-old-do-you-have-to-be-to-get-liposuction,1,0,3
liposuccion prix ventre,/how-old-do-you-have-to-be-to-get-liposuction,1,0,2
liposuccion ratee,/how-to-fix-uneven-liposuction,1,0,2
liposuccion ratée que faire,/how-to-fix-uneven-liposuction,1,0,2
liposuccion tumescente,/how-to-get-rid-of-fibrosis-after-lipo,1,0,2
liposuccion vaser tarif,/how-many-times-can-you-get-liposuction,1,0,2
liposuccion ventre,/how-old-do-you-have-to-be-to-get-liposuction,1,0,2
liposuccion ventre avant après prix,/how-many-times-can-you-get-liposuction,1,0,3
liposuccion ventre bordeaux,/how-old-do-you-have-to-be-to-get-liposuction,1,0,5
liposuccion ventre prix,/how-many-times-can-you-get-liposuction,1,0,3
liposuccion ventre prix,/how-old-do-you-have-to-be-to-get-liposuction,1,0,2
liposuccion y abdominoplastia,/how-to-reduce-swelling-after-liposuction,1,0,1
liposucciones mal hechas,/how-to-fix-uneven-liposuction,1,0,46
liposucción,/how-to-reduce-itching-after-lipo,1,0,4
liposucción precio,/how-many-times-can-you-get-liposuction,1,0,3
liposucción wal lipedema,/how-many-times-can-you-get-liposuction,1,0,3
liposuctie 360,/how-to-reduce-itching-after-lipo,1,0,20
liposuctie abdomen,/how-long-does-it-take-to-recover-from-chin-lipo,1,0,18
liposuctie buik,/how-many-times-can-you-get-liposuction,1,0,3
liposuctie buik voor en na,/how-many-massages-after-lipo-360,1,0,3
liposuctie herstel ervaringen,/how-many-massages-after-lipo-360,1,0,3
liposuctie massage,/how-to-get-rid-of-fibrosis-after-lipo,1,0,2
liposuctie nadelen,/how-old-do-you-have-to-be-to-get-liposuction,1,0,2
liposuction,/blog/tummy-tuck-vs-bbl-miami,1,0,3
liposuction,/how-many-massages-after-lipo-360,1,0,1
liposuction,/how-to-fix-uneven-liposuction,1,0,1
liposuction,/how-to-get-rid-of-bruising-after-liposuction,1,0,5
liposuction,/what-to-eat-after-liposuction,1,0,3
liposuction 360 before and after,/how-many-massages-after-lipo-360,1,0,3
liposuction 360 cost,/how-many-times-can-you-get-liposuction,1,0,3
liposuction 360 cost new jersey,/what-areas-does-lipo-360-cover,1,0,3
liposuction 360 meaning,/what-areas-does-lipo-360-cover,1,0,92
liposuction 360 near me,/how-many-times-can-you-get-liposuction,1,0,2
liposuction 360 recovery,/how-many-times-can-you-get-liposuction,1,0,3
liposuction abdomen before and after,/how-to-fix-uneven-liposuction,1,0,1
liposuction abdomen bruising,/how-to-get-rid-of-bruising-after-liposuction,1,0,8
liposuction adelaide,/how-many-times-can-you-get-liposuction,1,0,2
liposuction adelaide cost,/how-many-times-can-you-get-liposuction,1,0,3
liposuction after care,/how-old-do-you-have-to-be-to-get-liposuction,1,0,3
liposuction after weight loss,/blog/liposuction-recovery-ozempic-miami,1,0,4
liposuction aftercare,/how-many-massages-after-lipo-360,1,0,3
liposuction aftercare,/how-many-times-can-you-get-liposuction,1,0,3
liposuction aftercare,/how-to-sleep-after-liposuction,1,0,3
liposuction age limit,/blog/liposuction-candidate-miami,1,0,6
liposuction ahmedabad,/how-many-times-can-you-get-liposuction,1,0,2
liposuction amsterdam prices,/how-to-sleep-after-liposuction,1,0,2
liposuction and renuvion,/how-many-times-can-you-get-liposuction,1,0,3
liposuction and tummy tuck,/how-many-times-can-you-get-liposuction,1,0,3
liposuction and tummy tuck,/how-to-sleep-after-liposuction,1,0,4
liposuction and tummy tuck recovery time,/how-old-do-you-have-to-be-to-get-liposuction,1,0,3
liposuction anesthesia considerations,/how-old-do-you-have-to-be-to-get-liposuction,1,0,5
liposuction areas cost,/what-areas-does-lipo-360-cover,1,0,3
liposuction arms,/how-many-times-can-you-get-liposuction,1,0,3
liposuction arms price,/how-many-times-can-you-get-liposuction,1,0,3
liposuction at 18,/how-old-do-you-have-to-be-to-get-liposuction,1,0,10
liposuction back fat cost,/how-old-do-you-have-to-be-to-get-liposuction,1,0,3
liposuction bali price,/how-many-times-can-you-get-liposuction,1,0,3
liposuction bangkok price,/how-to-sleep-after-liposuction,1,0,3
liposuction bbl cost,/how-to-sleep-after-bbl,1,0,3
liposuction bbl cost,/how-to-sleep-after-liposuction,1,0,3
liposuction before and after,/blog/tummy-tuck-vs-bbl-miami,1,0,3
liposuction before and after,/how-to-sleep-after-liposuction,1,0,3
liposuction before and after belly,/what-areas-does-lipo-360-cover,1,0,1
liposuction before and after face,/how-long-does-it-take-to-recover-from-chin-lipo,1,0,3
liposuction before and after pics south africa,/how-to-sleep-after-liposuction,1,0,2
liposuction before and after pics south africa,/what-to-eat-after-liposuction,1,0,2
liposuction before and after scars,/how-many-times-can-you-get-liposuction,1,0,3
liposuction before and after scars,/how-to-sleep-after-liposuction,1,0,2
liposuction before and after women,/how-old-do-you-have-to-be-to-get-liposuction,1,0,3
liposuction before pregnancy,/how-old-do-you-have-to-be-to-get-liposuction,1,0,3
liposuction belly button,/blog/tummy-tuck-vs-liposuction,1,0,1
liposuction belly fat,/how-many-times-can-you-get-liposuction,1,0,3
liposuction belly fat,/how-old-do-you-have-to-be-to-get-liposuction,1,0,3
liposuction belly recovery,/how-to-sleep-after-liposuction,1,0,1
liposuction benefits,/how-old-do-you-have-to-be-to-get-liposuction,1,0,3
liposuction benefits and side effects,/how-many-times-can-you-get-liposuction,1,0,3
liposuction birmingham al,/how-many-times-can-you-get-liposuction,1,0,2
liposuction board,/what-is-lipo-foam,1,0,3
liposuction body sculpting,/how-old-do-you-have-to-be-to-get-liposuction,1,0,2
liposuction bristol,/how-many-times-can-you-get-liposuction,1,0,4
liposuction bruising abdomen,/how-to-get-rid-of-bruising-after-liposuction,1,0,1
liposuction bruising pictures,/how-to-sleep-after-liposuction,1,0,2
liposuction bruising recovery,/how-to-get-rid-of-bruising-after-liposuction,1,0,1
liposuction bruising recovery timeline,/how-to-get-rid-of-bruising-after-liposuction,1,0,8
liposuction buffalo hump,/procedures/liposuction-miami,1,0,3
liposuction buttocks recovery,/how-to-reduce-swelling-after-liposuction,1,0,3
liposuction cape town,/blog/tummy-tuck-vs-bbl-miami,1,0,2
liposuction chicago,/how-old-do-you-have-to-be-to-get-liposuction,1,0,3
liposuction chin before and after,/how-long-does-it-take-to-recover-from-chin-lipo,1,0,3
liposuction chin neck,/how-old-do-you-have-to-be-to-get-liposuction,1,0,4
liposuction clinics,/procedures/liposuction-miami,1,0,21
liposuction coimbatore,/how-old-do-you-have-to-be-to-get-liposuction,1,0,2
liposuction columbus ohio,/how-old-do-you-have-to-be-to-get-liposuction,1,0,2
liposuction complication,/how-to-fix-uneven-liposuction,1,0,1
liposuction complications,/how-many-times-can-you-get-liposuction,1,0,3
liposuction compression garment,/how-to-sleep-after-liposuction,1,0,1
liposuction corpus christi,/how-to-sleep-after-liposuction,1,0,2
liposuction cost,/blog/tummy-tuck-vs-liposuction,1,0,1
liposuction cost,/what-areas-does-lipo-360-cover,1,0,3
liposuction cost austin,/how-old-do-you-have-to-be-to-get-liposuction,1,0,3
liposuction cost birmingham al,/how-old-do-you-have-to-be-to-get-liposuction,1,0,3
liposuction cost charlotte nc,/how-old-do-you-have-to-be-to-get-liposuction,1,0,3
liposuction cost columbus ohio,/what-areas-does-lipo-360-cover,1,0,3
liposuction cost for double chin,/how-long-does-it-take-to-recover-from-chin-lipo,1,0,3
liposuction cost fresno,/blog/tummy-tuck-vs-liposuction,1,0,5
liposuction cost full body,/what-areas-does-lipo-360-cover,1,0,1
liposuction cost in amrita hospital,/how-many-times-can-you-get-liposuction,1,0,3
liposuction cost in delhi,/how-to-sleep-after-liposuction,1,0,3
liposuction cost in hyderabad,/how-many-times-can-you-get-liposuction,1,0,4
liposuction cost in hyderabad,/how-to-sleep-after-liposuction,1,0,3
liposuction cost in india,/how-many-times-can-you-get-liposuction,1,0,3
liposuction cost in india,/how-to-sleep-after-liposuction,1,0,3
liposuction cost in karachi,/how-to-sleep-after-liposuction,1,0,3
liposuction cost in kenya,/how-many-times-can-you-get-liposuction,1,0,2
liposuction cost in kenya,/how-to-sleep-after-liposuction,1,0,3
liposuction cost in kolkata,/how-many-times-can-you-get-liposuction,1,0,3
liposuction cost in miami,/blog/affordable-plastic-surgery-miami,1,0,30
liposuction cost in mumbai,/how-many-times-can-you-get-liposuction,1,0,3
liposuction cost in nc,/blog/affordable-plastic-surgery-miami,1,0,1
liposuction cost in nc,/how-old-do-you-have-to-be-to-get-liposuction,1,0,3
liposuction cost in nepal,/how-many-times-can-you-get-liposuction,1,0,3
liposuction cost in philippines,/how-many-times-can-you-get-liposuction,1,0,3
liposuction cost in turkey,/how-old-do-you-have-to-be-to-get-liposuction,1,0,3
liposuction cost india,/how-many-times-can-you-get-liposuction,1,0,3
liposuction cost kansas city,/how-old-do-you-have-to-be-to-get-liposuction,1,0,3
liposuction cost miami,/blog/tummy-tuck-vs-liposuction,1,0,8
liposuction cost philippines,/how-old-do-you-have-to-be-to-get-liposuction,1,0,3
liposuction cost uk,/how-many-times-can-you-get-liposuction,1,0,3
liposuction dallas,/how-old-do-you-have-to-be-to-get-liposuction,1,0,2
liposuction dallas tx,/how-many-times-can-you-get-liposuction,1,0,2
liposuction dangerous,/how-to-sleep-after-liposuction,1,0,2
liposuction dangers,/how-old-do-you-have-to-be-to-get-liposuction,1,0,3
liposuction dangers,/how-to-sleep-after-liposuction,1,0,3
liposuction dangers side effects,/how-many-times-can-you-get-liposuction,1,0,2
liposuction death rate,/how-old-do-you-have-to-be-to-get-liposuction,1,0,3
liposuction death rate,/how-to-sleep-after-liposuction,1,0,3
liposuction death rate,/what-to-eat-after-liposuction,1,0,3
liposuction death rate 2025,/how-old-do-you-have-to-be-to-get-liposuction,1,0,3
liposuction denver cost,/how-old-do-you-have-to-be-to-get-liposuction,1,0,5
liposuction disadvantages,/how-many-times-can-you-get-liposuction,1,0,2
liposuction doctor florida,/procedures/liposuction-miami,1,0,84
liposuction does the fat come back,/how-many-times-can-you-get-liposuction,1,0,2
liposuction double chin cost,/how-long-does-it-take-to-recover-from-chin-lipo,1,0,3
liposuction double chin cost,/how-old-do-you-have-to-be-to-get-liposuction,1,0,3
liposuction drains,/how-to-sleep-after-liposuction,1,0,3
liposuction durban prices,/how-many-times-can-you-get-liposuction,1,0,3
liposuction experience,/how-to-sleep-after-liposuction,1,0,3
liposuction fat removal cost,/how-many-times-can-you-get-liposuction,1,0,3
liposuction fibrosis abdomen,/how-to-get-rid-of-fibrosis-after-lipo,1,0,11
liposuction fibrosis lump,/how-to-get-rid-of-fibrosis-after-lipo,1,0,11
liposuction flanks cost,/how-old-do-you-have-to-be-to-get-liposuction,1,0,3
liposuction fluid,/how-to-reduce-swelling-after-liposuction,1,0,41
liposuction fluid drainage,/how-to-get-rid-of-fibrosis-after-lipo,1,0,2
liposuction fluid drainage,/how-to-sleep-after-liposuction,1,0,2
liposuction foam,/how-to-reduce-swelling-after-liposuction,1,0,3
liposuction for arms,/how-old-do-you-have-to-be-to-get-liposuction,1,0,3
liposuction for arms cost,/how-many-times-can-you-get-liposuction,1,0,3
liposuction for back,/what-areas-does-lipo-360-cover,1,0,3
liposuction for back fat,/what-areas-does-lipo-360-cover,1,0,1
liposuction for breast reconstruction,/how-old-do-you-have-to-be-to-get-liposuction,1,0,3
liposuction for chin,/how-long-does-it-take-to-recover-from-chin-lipo,1,0,11
liposuction for double chin,/how-long-does-it-take-to-recover-from-chin-lipo,1,0,2
liposuction for double chin price,/how-long-does-it-take-to-recover-from-chin-lipo,1,0,3
liposuction for lipedema,/how-many-times-can-you-get-liposuction,1,0,3
liposuction for lipedema cost uk,/how-many-times-can-you-get-liposuction,1,0,3
liposuction for lymphedema,/how-many-times-can-you-get-liposuction,1,0,3
liposuction for men before and after,/how-old-do-you-have-to-be-to-get-liposuction,1,0,3
liposuction for multiple lipomas,/how-old-do-you-have-to-be-to-get-liposuction,1,0,3
liposuction for stomach,/how-old-do-you-have-to-be-to-get-liposuction,1,0,3
liposuction for stomach fat,/how-many-times-can-you-get-liposuction,1,0,2
liposuction for teens,/how-old-do-you-have-to-be-to-get-liposuction,1,0,3
liposuction for thighs cost,/how-old-do-you-have-to-be-to-get-liposuction,1,0,3
liposuction for weight loss,/how-many-times-can-you-get-liposuction,1,0,3
liposuction forum,/how-to-sleep-after-liposuction,1,0,10
liposuction glasgow cost,/how-many-times-can-you-get-liposuction,1,0,3
liposuction gone wrong,/how-many-times-can-you-get-liposuction,1,0,3
liposuction gone wrong pictures,/how-many-times-can-you-get-liposuction,1,0,2
liposuction gurgaon,/how-to-sleep-after-liposuction,1,0,2
liposuction healing,/what-to-eat-after-liposuction,1,0,3
liposuction healing time,/how-old-do-you-have-to-be-to-get-liposuction,1,0,3
liposuction healing time,/how-to-sleep-after-liposuction,1,0,3
liposuction healing time,/what-to-eat-after-liposuction,1,0,2
liposuction healing timeline,/blog/liposuction-recovery-ozempic-miami,1,0,1
liposuction health benefits,/how-many-times-can-you-get-liposuction,1,0,2
liposuction hematoma,/how-to-get-rid-of-bruising-after-liposuction,1,0,34
liposuction hialeah,/procedures/liposuction-miami,1,0,66
liposuction hong kong,/how-many-times-can-you-get-liposuction,1,0,3
liposuction houston,/how-old-do-you-have-to-be-to-get-liposuction,1,0,2
liposuction how is it done,/how-old-do-you-have-to-be-to-get-liposuction,1,0,3
liposuction how long to recover,/blog/liposuction-recovery-ozempic-miami,1,0,1
liposuction images,/how-old-do-you-have-to-be-to-get-liposuction,1,0,2
liposuction in a box,/what-is-lipo-foam,1,0,1
liposuction in arms before and after,/how-many-times-can-you-get-liposuction,1,0,3
liposuction in arms cost,/how-many-times-can-you-get-liposuction,1,0,2
liposuction in bangalore,/how-many-times-can-you-get-liposuction,1,0,2
liposuction in calves,/how-old-do-you-have-to-be-to-get-liposuction,1,0,3
liposuction in chandigarh,/how-many-times-can-you-get-liposuction,1,0,2
liposuction in coimbatore,/how-many-times-can-you-get-liposuction,1,0,2
liposuction in dubai,/how-many-times-can-you-get-liposuction,1,0,2
liposuction in egypt prices,/how-many-times-can-you-get-liposuction,1,0,3
liposuction in face cost,/how-long-does-it-take-to-recover-from-chin-lipo,1,0,3
liposuction in india,/how-many-times-can-you-get-liposuction,1,0,3
liposuction in india cost,/how-old-do-you-have-to-be-to-get-liposuction,1,0,3
liposuction in kerala cost,/how-many-times-can-you-get-liposuction,1,0,3
liposuction in miami,/blog/affordable-plastic-surgery-miami,1,0,2
liposuction in miami,/blog/liposuction-miami-moms-tips,1,0,13
liposuction in st louis,/how-old-do-you-have-to-be-to-get-liposuction,1,0,4
liposuction in taiwan,/how-many-times-can-you-get-liposuction,1,0,3
liposuction in thailand reviews,/how-many-times-can-you-get-liposuction,1,0,3
liposuction in turkey,/how-many-times-can-you-get-liposuction,1,0,4
liposuction in turkey,/how-to-sleep-after-liposuction,1,0,3
liposuction information,/how-many-times-can-you-get-liposuction,1,0,3
liposuction inner thigh before and after,/how-many-times-can-you-get-liposuction,1,0,3
liposuction inner thighs,/how-old-do-you-have-to-be-to-get-liposuction,1,0,3
liposuction inner thighs cost,/how-many-times-can-you-get-liposuction,1,0,3
liposuction ireland cost,/how-old-do-you-have-to-be-to-get-liposuction,1,0,3
liposuction ireland price,/how-many-times-can-you-get-liposuction,1,0,3
liposuction is good or bad,/how-many-times-can-you-get-liposuction,1,0,2
liposuction is it safe,/how-old-do-you-have-to-be-to-get-liposuction,1,0,2
liposuction is painful,/how-many-times-can-you-get-liposuction,1,0,2
liposuction is permanent,/how-many-times-can-you-get-liposuction,1,0,2
liposuction is safe or not,/how-many-times-can-you-get-liposuction,1,0,3
liposuction islamabad,/how-many-times-can-you-get-liposuction,1,0,2
liposuction issues,/how-to-fix-uneven-liposuction,1,0,1
liposuction jowls before and after,/how-many-times-can-you-get-liposuction,1,0,3
liposuction knees before and after,/how-old-do-you-have-to-be-to-get-liposuction,1,0,2
liposuction knees before and after,/how-to-sleep-after-liposuction,1,0,2
liposuction kya hota hai,/how-old-do-you-have-to-be-to-get-liposuction,1,0,2
liposuction legs before and after,/how-many-times-can-you-get-liposuction,1,0,2
liposuction legs before and after,/how-old-do-you-have-to-be-to-get-liposuction,1,0,3
liposuction legs before and after,/what-to-eat-after-liposuction,1,0,2
liposuction limits by state,/how-old-do-you-have-to-be-to-get-liposuction,1,0,3
liposuction long term results,/how-many-times-can-you-get-liposuction,1,0,4
liposuction long term side effects,/how-many-times-can-you-get-liposuction,1,0,2
liposuction long term side effects,/how-to-fix-uneven-liposuction,1,0,1
liposuction los angeles cost,/how-many-times-can-you-get-liposuction,1,0,6
liposuction love handles,/how-old-do-you-have-to-be-to-get-liposuction,1,0,3
liposuction love handles cost,/how-old-do-you-have-to-be-to-get-liposuction,1,0,3
liposuction love handles cost,/what-to-eat-after-liposuction,1,0,3
liposuction love handles recovery time,/how-old-do-you-have-to-be-to-get-liposuction,1,0,3
liposuction malaysia,/how-many-times-can-you-get-liposuction,1,0,1
liposuction male,/how-old-do-you-have-to-be-to-get-liposuction,1,0,3
liposuction massage near me,/how-many-massages-after-bbl,1,0,2
liposuction massage post op,/how-many-massages-after-lipo-360,1,0,56
liposuction massage roller,/when-to-start-lymphatic-massage-after-lipo,1,0,3
liposuction massage therapist near me,/how-many-massages-after-lipo-360,1,0,2
liposuction massages,/when-to-start-lymphatic-massage-after-lipo,1,0,1
liposuction maximum fat removal,/how-many-times-can-you-get-liposuction,1,0,91
liposuction meaning in hindi,/how-many-times-can-you-get-liposuction,1,0,3
liposuction meaning in telugu,/how-many-times-can-you-get-liposuction,1,0,3
liposuction meaning in telugu,/how-old-do-you-have-to-be-to-get-liposuction,1,0,3
liposuction melbourne,/how-many-times-can-you-get-liposuction,1,0,2
liposuction memphis,/how-to-sleep-after-liposuction,1,0,2
liposuction message,/how-many-massages-after-lipo-360,1,0,1
liposuction miami,/how-to-fix-uneven-liposuction,1,0,75
liposuction montgomery al,/how-to-sleep-after-liposuction,1,0,2
liposuction mortality rate,/how-to-sleep-after-liposuction,1,0,2
liposuction nashville,/how-to-sleep-after-liposuction,1,0,2
liposuction near me,/blog/tummy-tuck-vs-bbl-miami,1,0,3
liposuction near me,/how-to-sleep-after-liposuction,1,0,2
liposuction near me prices,/how-many-times-can-you-get-liposuction,1,0,2
liposuction neck recovery time,/how-long-does-it-take-to-recover-from-chin-lipo,1,0,70
liposuction nhs depression,/how-many-times-can-you-get-liposuction,1,0,3
liposuction nyc,/how-old-do-you-have-to-be-to-get-liposuction,1,0,2
liposuction nz cost,/how-many-times-can-you-get-liposuction,1,0,3
liposuction nz price,/how-many-times-can-you-get-liposuction,1,0,3
liposuction of chin,/how-old-do-you-have-to-be-to-get-liposuction,1,0,3
liposuction of double chin cost,/how-long-does-it-take-to-recover-from-chin-lipo,1,0,3
liposuction of face before and after,/how-long-does-it-take-to-recover-from-chin-lipo,1,0,3
liposuction of the chin before and after,/how-long-does-it-take-to-recover-from-chin-lipo,1,0,3
liposuction of thighs before and after,/how-to-sleep-after-liposuction,1,0,3
liposuction olympia,/how-many-times-can-you-get-liposuction,1,0,4
liposuction on arms,/how-many-times-can-you-get-liposuction,1,0,3
liposuction on arms before and after,/how-many-times-can-you-get-liposuction,1,0,3
liposuction on arms cost,/how-many-times-can-you-get-liposuction,1,0,3
liposuction on back before and after,/what-areas-does-lipo-360-cover,1,0,1
liposuction on belly,/how-many-times-can-you-get-liposuction,1,0,3
liposuction on belly,/how-old-do-you-have-to-be-to-get-liposuction,1,0,3
liposuction on big stomach,/how-many-times-can-you-get-liposuction,1,0,3
liposuction on chin,/how-long-does-it-take-to-recover-from-chin-lipo,1,0,3
liposuction on hips before and after,/how-old-do-you-have-to-be-to-get-liposuction,1,0,3
liposuction on inner thighs,/how-old-do-you-have-to-be-to-get-liposuction,1,0,3
liposuction on inner thighs before and after,/how-old-do-you-have-to-be-to-get-liposuction,1,0,3
liposuction on knees cost,/how-many-times-can-you-get-liposuction,1,0,3
liposuction on legs,/how-old-do-you-have-to-be-to-get-liposuction,1,0,3
liposuction on love handles,/how-to-reduce-swelling-after-liposuction,1,0,3
liposuction on love handles cost,/how-many-times-can-you-get-liposuction,1,0,3
liposuction on saddlebags before and after,/how-old-do-you-have-to-be-to-get-liposuction,1,0,3
liposuction on stomach,/how-old-do-you-have-to-be-to-get-liposuction,1,0,3
liposuction on thighs before and after,/how-many-times-can-you-get-liposuction,1,0,3
liposuction on thighs before and after,/how-old-do-you-have-to-be-to-get-liposuction,1,0,3
liposuction only before and after,/how-old-do-you-have-to-be-to-get-liposuction,1,0,3
liposuction operation,/how-many-times-can-you-get-liposuction,1,0,3
liposuction or tummy tuck which is better,/blog/tummy-tuck-vs-liposuction,1,0,83
liposuction or tummy tuck which is better,/how-many-times-can-you-get-liposuction,1,0,2
liposuction pain,/how-old-do-you-have-to-be-to-get-liposuction,1,0,3
liposuction pain,/what-to-eat-after-liposuction,1,0,3
liposuction pain level,/how-many-times-can-you-get-liposuction,1,0,2
liposuction pain scale,/how-old-do-you-have-to-be-to-get-liposuction,1,0,3
liposuction pain scale,/how-to-sleep-after-liposuction,1,0,3
liposuction pain timeline,/what-to-eat-after-liposuction,1,0,3
liposuction pampanga,/how-many-times-can-you-get-liposuction,1,0,4
liposuction philippines cost,/how-many-times-can-you-get-liposuction,1,0,4
liposuction photo,/how-long-does-it-take-to-recover-from-chin-lipo,1,0,36
liposuction picture,/how-long-does-it-take-to-recover-from-chin-lipo,1,0,18
liposuction picture,/how-to-reduce-swelling-after-liposuction,1,0,20
liposuction pictures after 1 week,/how-many-times-can-you-get-liposuction,1,0,4
liposuction pictures after 1 week,/how-to-reduce-swelling-after-liposuction,1,0,7
liposuction pictures before and after,/how-many-times-can-you-get-liposuction,1,0,3
liposuction pictures before and after,/how-to-get-rid-of-fibrosis-after-lipo,1,0,3
liposuction pictures before and after,/how-to-sleep-after-liposuction,1,0,3
liposuction pittsburgh,/how-old-do-you-have-to-be-to-get-liposuction,1,0,2
liposuction plano,/how-to-sleep-after-liposuction,1,0,2
liposuction post op,/when-to-start-lymphatic-massage-after-lipo,1,0,1
liposuction post op care,/how-many-massages-after-lipo-360,1,1,3
liposuction post op care,/how-many-times-can-you-get-liposuction,1,0,4
liposuction postpartum,/blog/tummy-tuck-vs-liposuction,1,0,3
liposuction price,/how-to-sleep-after-liposuction,1,0,3
liposuction price in india,/how-many-times-can-you-get-liposuction,1,0,3
liposuction price miami,/blog/affordable-plastic-surgery-miami,1,0,11
liposuction price miami,/procedures/liposuction-miami,1,0,58
liposuction price stomach in kenya,/how-many-times-can-you-get-liposuction,1,0,3
liposuction problems,/how-to-fix-uneven-liposuction,1,0,1
liposuction procedure,/how-to-sleep-after-liposuction,1,0,3
liposuction procedure and recovery,/how-to-sleep-after-liposuction,1,0,2
liposuction procedure steps,/how-to-sleep-after-liposuction,1,0,2
liposuction pronunciation,/how-many-times-can-you-get-liposuction,1,0,4
liposuction pros and cons,/how-many-times-can-you-get-liposuction,1,0,2
liposuction pros and cons,/how-to-sleep-after-liposuction,1,0,3
liposuction questions,/procedures/liposuction-miami,1,0,3
liposuction recovery,/what-to-eat-after-liposuction,1,0,3
liposuction recovery day by day,/how-many-times-can-you-get-liposuction,1,0,3
liposuction recovery stages,/how-long-does-it-take-to-recover-from-chin-lipo,1,0,42
liposuction recovery time,/blog/liposuction-recovery-ozempic-miami,1,0,1
liposuction recovery time,/how-to-reduce-itching-after-lipo,1,0,3
liposuction recovery time,/what-is-lipo-foam,1,0,3
liposuction recovery time abdominal,/how-many-times-can-you-get-liposuction,1,0,3
liposuction recovery time abdominal,/how-old-do-you-have-to-be-to-get-liposuction,1,0,3
liposuction recovery timeline,/blog/liposuction-recovery-ozempic-miami,1,0,1
liposuction recovery timeline,/how-many-times-can-you-get-liposuction,1,0,2
liposuction recovery timeline photos,/how-to-reduce-swelling-after-liposuction,1,0,3
liposuction recovery timeline photos,/how-to-sleep-after-liposuction,1,0,2
liposuction recovery timeline photos,/what-to-eat-after-liposuction,1,0,2
liposuction recovery week by week,/how-to-reduce-itching-after-lipo,1,0,1
liposuction reddit before and after,/how-to-fix-uneven-liposuction,1,0,3
liposuction revision specialist,/how-many-times-can-you-get-liposuction,1,0,4
liposuction revisions,/how-many-times-can-you-get-liposuction,1,0,4
liposuction risks,/how-to-sleep-after-liposuction,1,0,3
liposuction riyadh,/how-to-sleep-after-liposuction,1,0,5
liposuction saddlebags,/how-many-times-can-you-get-liposuction,1,0,3
liposuction saddlebags before and after,/how-old-do-you-have-to-be-to-get-liposuction,1,0,3
liposuction salt lake city,/what-areas-does-lipo-360-cover,1,0,2
liposuction san jose,/how-to-reduce-itching-after-lipo,1,0,13
liposuction santa rosa,/how-old-do-you-have-to-be-to-get-liposuction,1,0,2
liposuction scar,/how-many-times-can-you-get-liposuction,1,0,3
liposuction scar pictures,/how-many-times-can-you-get-liposuction,1,0,2
liposuction scars,/how-to-sleep-after-liposuction,1,0,3
liposuction side effects,/how-many-massages-after-lipo-360,1,0,3
liposuction side effects,/how-to-reduce-swelling-after-liposuction,1,0,2
liposuction side effects long term,/how-to-fix-uneven-liposuction,1,0,1
liposuction side effects long-term,/how-to-reduce-swelling-after-liposuction,1,0,2
liposuction side effects long-term,/how-to-sleep-after-liposuction,1,0,3
liposuction skin,/how-many-times-can-you-get-liposuction,1,0,3
liposuction south florida,/blog/liposuction-candidate-miami,1,0,5
liposuction stomach,/blog/tummy-tuck-vs-liposuction,1,0,3
liposuction stomach before and after,/how-many-times-can-you-get-liposuction,1,0,3
liposuction stomach cost,/how-many-times-can-you-get-liposuction,1,0,3
liposuction stomach cost,/how-old-do-you-have-to-be-to-get-liposuction,1,0,3
liposuction stomach recovery,/how-to-reduce-swelling-after-liposuction,1,0,3
liposuction stomach scars,/how-many-times-can-you-get-liposuction,1,0,3
liposuction sunny isles beach,/blog/liposuction-candidate-miami,1,0,26
liposuction surgeon,/procedures/liposuction-miami,1,0,27
liposuction surgeon experienced in multiple treatment areas,/what-areas-does-lipo-360-cover,1,0,12
liposuction surgeons miami,/procedures/liposuction-miami,1,0,86
liposuction surgery cost in kerala,/how-many-times-can-you-get-liposuction,1,0,3
liposuction surgery in coimbatore,/how-many-times-can-you-get-liposuction,1,0,2
liposuction surgery in miami florida,/blog/liposuction-candidate-miami,1,0,91
liposuction surgery is good or bad,/how-to-sleep-after-liposuction,1,0,2
liposuction surgery meaning,/how-many-times-can-you-get-liposuction,1,0,2
liposuction surgery near me,/procedures/liposuction-miami,1,0,20
liposuction surgery process,/how-many-times-can-you-get-liposuction,1,0,3
liposuction surgery recovery time,/how-to-sleep-after-liposuction,1,0,2
liposuction surgery side effects,/how-many-times-can-you-get-liposuction,1,0,3
liposuction surgery video,/how-old-do-you-have-to-be-to-get-liposuction,1,0,3
liposuction surgery video,/how-to-sleep-after-liposuction,1,0,5
liposuction swelling pictures,/how-many-massages-after-lipo-360,1,0,2
liposuction swelling pictures,/how-to-reduce-swelling-after-liposuction,1,0,3
liposuction swelling pictures,/what-is-lipo-foam,1,0,12
liposuction swelling pictures,/when-to-start-lymphatic-massage-after-lipo,1,0,2
liposuction sydney,/how-many-times-can-you-get-liposuction,1,0,2
liposuction technique,/how-many-times-can-you-get-liposuction,1,0,4
liposuction technology,/how-to-sleep-after-liposuction,1,0,3
liposuction thighs,/how-many-times-can-you-get-liposuction,1,0,3
liposuction thighs before and after,/how-many-times-can-you-get-liposuction,1,0,3
liposuction to lose weight,/how-many-times-can-you-get-liposuction,1,0,3
liposuction townsville,/how-many-times-can-you-get-liposuction,1,0,4
liposuction treatment near me,/how-many-times-can-you-get-liposuction,1,0,2
liposuction trinidad cost,/how-many-times-can-you-get-liposuction,1,0,3
liposuction tucson cost,/how-old-do-you-have-to-be-to-get-liposuction,1,0,3
liposuction tummy,/when-to-start-lymphatic-massage-after-lipo,1,0,1
liposuction tummy before and after,/how-to-get-rid-of-fibrosis-after-lipo,1,0,2
liposuction tummy cost uk,/how-to-sleep-after-liposuction,1,0,2
liposuction tummy tuck cost,/how-old-do-you-have-to-be-to-get-liposuction,1,0,3
liposuction turkey before and after,/how-to-sleep-after-liposuction,1,0,3
liposuction turkey best clinic,/how-old-do-you-have-to-be-to-get-liposuction,1,0,3
liposuction under chin,/how-many-times-can-you-get-liposuction,1,0,3
liposuction under chin,/how-old-do-you-have-to-be-to-get-liposuction,1,0,3
liposuction under chin cost,/how-old-do-you-have-to-be-to-get-liposuction,1,0,3
liposuction under local anesthesia,/how-old-do-you-have-to-be-to-get-liposuction,1,0,3
liposuction uneven results,/how-many-times-can-you-get-liposuction,1,0,2
liposuction upper abdomen before and after,/how-old-do-you-have-to-be-to-get-liposuction,1,0,3
liposuction vancouver wa,/how-many-times-can-you-get-liposuction,1,0,2
liposuction vancouver wa,/how-old-do-you-have-to-be-to-get-liposuction,1,0,2
liposuction vaser before and after,/how-to-sleep-after-liposuction,1,0,3
liposuction vs body contouring,/how-many-times-can-you-get-liposuction,1,0,3
liposuction vs coolsculpting,/how-many-times-can-you-get-liposuction,1,0,3
liposuction vs ozempic,/blog/liposuction-recovery-ozempic-miami,1,0,19
liposuction vs ozempic,/how-many-times-can-you-get-liposuction,1,0,3
liposuction vs tummy tuck recovery time,/blog/tummy-tuck-vs-liposuction,1,0,87
liposuction water retention,/how-to-reduce-swelling-after-liposuction,1,0,1
liposuction week by week photos,/how-long-does-it-take-to-recover-from-chin-lipo,1,0,17
liposuction week by week photos,/how-old-do-you-have-to-be-to-get-liposuction,1,0,2
liposuction with bbl,/how-to-feed-the-fat-after-bbl,1,0,1
liposuction with bodytite,/how-to-sleep-after-liposuction,1,0,3
liposuction with renuvion recovery,/how-to-sleep-after-liposuction,1,0,3
liposuction without surgery,/how-to-sleep-after-liposuction,1,0,2
liposuction worth it,/how-old-do-you-have-to-be-to-get-liposuction,1,0,3
liposucton,/how-many-times-can-you-get-liposuction,1,0,3
liposukcja cena zabiegu,/how-old-do-you-have-to-be-to-get-liposuction,1,0,3
liposuktion,/how-old-do-you-have-to-be-to-get-liposuction,1,0,2
liposuktion,/how-to-sleep-after-liposuction,1,0,3
liposuktion erfahrungen,/how-to-sleep-after-liposuction,1,0,3
liposuktion ergebnis,/how-old-do-you-have-to-be-to-get-liposuction,1,0,3
liposuktion köln,/how-old-do-you-have-to-be-to-get-liposuction,1,0,3
liposuktion lipödem,/how-old-do-you-have-to-be-to-get-liposuction,1,0,2
liposuktion lipödem,/how-to-sleep-after-liposuction,1,0,2
liposuktion narben,/how-to-get-rid-of-fibrosis-after-lipo,1,0,3
lipotoxicity treatment,/how-to-reduce-swelling-after-liposuction,1,0,3
lipotransferencia,/how-many-times-can-you-get-liposuction,1,0,3
lipotransferencia glutea,/how-to-feed-the-fat-after-bbl,1,0,3
lipotransferencia glúteos antes y después,/how-to-feed-the-fat-after-bbl,1,0,2
lipotransferencia miami,/procedures/liposuction-miami,1,0,55
lipotransferencia south miami,/procedures/liposuction-miami,1,0,73
liquid lipo side effects,/how-to-sleep-after-liposuction,1,0,3
list of foods to eat after liposuction,/how-many-times-can-you-get-liposuction,1,0,3
list of foods to eat after liposuction,/how-to-reduce-itching-after-lipo,1,0,3
liver fibrosis blood test,/how-to-get-rid-of-fibrosis-after-lipo,1,0,3
liver fibrosis meaning in bengali,/how-to-get-rid-of-fibrosis-after-lipo,1,0,3
longest life expectancy with pulmonary fibrosis with treatment,/how-to-get-rid-of-fibrosis-after-lipo,1,0,3
loose skin after liposuction,/how-old-do-you-have-to-be-to-get-liposuction,1,0,3
loose skin after liposuction,/how-to-fix-uneven-liposuction,1,0,1
loose skin after liposuction treatment,/how-to-fix-uneven-liposuction,1,0,3
love handle liposuction,/how-old-do-you-have-to-be-to-get-liposuction,1,0,3
love handle liposuction before and after,/how-old-do-you-have-to-be-to-get-liposuction,1,0,3
love handles removal surgery cost,/how-old-do-you-have-to-be-to-get-liposuction,1,0,3
lower abdomen swelling after liposuction,/how-to-reduce-swelling-after-liposuction,1,0,1
lower back and flank,/how-to-reduce-itching-after-lipo,1,0,4
lower belly pooch after lipo,/how-many-times-can-you-get-liposuction,1,0,3
lumps after lipo,/what-is-lipo-foam,1,1,2
lumpy stomach after lipo,/how-to-get-rid-of-fibrosis-after-lipo,1,0,2
lunchtime lipo before and after,/how-many-times-can-you-get-liposuction,1,0,3
lungs fibrosis meaning,/how-to-get-rid-of-fibrosis-after-lipo,1,0,3
lux lipo photos,/how-old-do-you-have-to-be-to-get-liposuction,1,0,4
lymfedrainage massage na liposuctie,/how-many-massages-after-lipo-360,1,0,2
lymphatic arm massage,/how-many-massages-after-bbl,1,0,3
lymphatic body massage,/how-many-massages-after-lipo-360,1,0,9
lymphatic drain massage,/when-to-start-lymphatic-massage-after-lipo,1,0,3
lymphatic drainage after endolaser lipolysis recommendation,/how-many-massages-after-lipo-360,1,0,2
lymphatic drainage after knee surgery,/when-to-start-lymphatic-massage-after-lipo,1,0,3
lymphatic drainage ankle,/how-to-reduce-swelling-after-liposuction,1,0,2
lymphatic drainage bbl,/how-many-massages-after-lipo-360,1,0,1
lymphatic drainage before and after,/how-many-massages-after-lipo-360,1,0,14
lymphatic drainage daily routine,/how-many-massages-after-bbl,1,0,3
lymphatic drainage drops before and after,/when-to-start-lymphatic-massage-after-lipo,1,0,3
lymphatic drainage everyday,/how-many-massages-after-lipo-360,1,0,1
lymphatic drainage exercise routine,/how-many-massages-after-bbl,1,0,8
lymphatic drainage for legs,/how-to-reduce-swelling-after-liposuction,1,0,2
lymphatic drainage how does it work,/when-to-start-lymphatic-massage-after-lipo,1,0,2
lymphatic drainage how often,/when-to-start-lymphatic-massage-after-lipo,1,0,2
lymphatic drainage how to take,/how-many-massages-after-bbl,1,0,3
lymphatic drainage itchy skin,/how-to-reduce-itching-after-lipo,1,0,1
lymphatic drainage maasage,/how-many-massages-after-bbl,1,0,5
lymphatic drainage machine,/how-many-massages-after-lipo-360,1,0,3
lymphatic drainage massage - youtube,/how-many-massages-after-bbl,1,0,5
lymphatic drainage massage abdomen after liposuction,/how-many-massages-after-lipo-360,1,0,1
lymphatic drainage massage after,/how-many-massages-after-lipo-360,1,0,2
lymphatic drainage massage after bbl,/when-to-start-lymphatic-massage-after-lipo,1,0,3
lymphatic drainage massage after hip replacement,/when-to-start-lymphatic-massage-after-lipo,1,0,3
lymphatic drainage massage after lipo,/how-to-reduce-swelling-after-liposuction,1,0,3
lymphatic drainage massage after liposuction,/how-to-fix-uneven-liposuction,1,0,4
lymphatic drainage massage after liposuction,/how-to-reduce-swelling-after-liposuction,1,0,3
lymphatic drainage massage after liposuction benefits,/when-to-start-lymphatic-massage-after-lipo,1,0,1
lymphatic drainage massage after liposuction video,/how-many-massages-after-lipo-360,1,0,3
lymphatic drainage massage after liposuction video,/when-to-start-lymphatic-massage-after-lipo,1,0,4
lymphatic drainage massage ankles,/how-to-reduce-swelling-after-liposuction,1,0,3
lymphatic drainage massage antalya,/how-many-massages-after-lipo-360,1,0,3
lymphatic drainage massage benefits,/how-many-massages-after-lipo-360,1,0,3
lymphatic drainage massage benefits after surgery,/how-many-massages-after-lipo-360,1,0,3
lymphatic drainage massage cape coral,/when-to-start-lymphatic-massage-after-lipo,1,0,2
lymphatic drainage massage chart,/how-many-massages-after-lipo-360,1,0,3
lymphatic drainage massage course,/how-many-massages-after-bbl,1,0,3
lymphatic drainage massage diagram,/how-many-massages-after-bbl,1,0,2
lymphatic drainage massage direction,/how-many-massages-after-bbl,1,0,3
lymphatic drainage massage do,/when-to-start-lymphatic-massage-after-lipo,1,0,1
lymphatic drainage massage egypt,/when-to-start-lymphatic-massage-after-lipo,1,0,1
lymphatic drainage massage for inflammation,/how-many-massages-after-bbl,1,0,3
lymphatic drainage massage for legs,/how-many-massages-after-bbl,1,0,3
lymphatic drainage massage frequency,/how-many-massages-after-bbl,1,0,1
lymphatic drainage massage how is it done,/how-many-massages-after-bbl,1,0,3
lymphatic drainage massage how often to get,/how-many-massages-after-lipo-360,1,0,1
lymphatic drainage massage how to,/how-many-massages-after-bbl,1,0,3
lymphatic drainage massage how to do,/how-many-massages-after-bbl,1,0,3
lymphatic drainage massage hurt,/how-many-massages-after-lipo-360,1,0,3
lymphatic drainage massage in legs,/how-many-massages-after-bbl,1,0,3
lymphatic drainage massage information,/how-many-massages-after-lipo-360,1,0,3
lymphatic drainage massage jacksonville fl,/how-many-massages-after-bbl,1,0,3
lymphatic drainage massage lipo,/how-many-massages-after-lipo-360,1,0,1
lymphatic drainage massage lisbon,/when-to-start-lymphatic-massage-after-lipo,1,0,5
lymphatic drainage massage mallorca,/when-to-start-lymphatic-massage-after-lipo,1,0,4
lymphatic drainage massage manchester nh,/how-many-massages-after-lipo-360,1,0,2
lymphatic drainage massage manchester nh,/when-to-start-lymphatic-massage-after-lipo,1,0,2
lymphatic drainage massage nashville,/how-many-massages-after-bbl,1,0,4
lymphatic drainage massage near me,/when-to-start-lymphatic-massage-after-lipo,1,0,1
lymphatic drainage massage near.me,/how-many-massages-after-bbl,1,0,3
lymphatic drainage massage new york,/when-to-start-lymphatic-massage-after-lipo,1,0,3
lymphatic drainage massage oahu,/how-many-massages-after-lipo-360,1,0,4
lymphatic drainage massage oakville,/when-to-start-lymphatic-massage-after-lipo,1,0,4
lymphatic drainage massage obese,/when-to-start-lymphatic-massage-after-lipo,1,0,3
lymphatic drainage massage on ankle,/how-to-reduce-swelling-after-liposuction,1,0,2
lymphatic drainage massage paphos,/when-to-start-lymphatic-massage-after-lipo,1,0,2
lymphatic drainage massage phoenix,/how-many-massages-after-bbl,1,0,3
lymphatic drainage massage pittsburgh,/how-many-massages-after-bbl,1,0,3
lymphatic drainage massage points,/how-many-massages-after-bbl,1,0,3
lymphatic drainage massage post lipo near me,/when-to-start-lymphatic-massage-after-lipo,1,0,3
lymphatic drainage massage post liposuction,/how-many-massages-after-lipo-360,1,0,92
lymphatic drainage massage post op,/when-to-start-lymphatic-massage-after-lipo,1,0,2
lymphatic drainage massage post tummy tuck,/when-to-start-lymphatic-massage-after-lipo,1,0,3
lymphatic drainage massage protocol,/how-many-massages-after-bbl,1,0,3
lymphatic drainage massage results,/when-to-start-lymphatic-massage-after-lipo,1,0,3
lymphatic drainage massage surrey,/how-many-massages-after-bbl,1,0,4
lymphatic drainage massage technique,/how-many-massages-after-bbl,1,0,2
lymphatic drainage massage therapy,/when-to-start-lymphatic-massage-after-lipo,1,0,3
lymphatic drainage massage time,/how-many-massages-after-lipo-360,1,0,1
lymphatic drainage massage types,/how-many-massages-after-bbl,1,0,2
lymphatic drainage massage uses,/how-many-massages-after-bbl,1,0,2
lymphatic drainage massage what does it do,/when-to-start-lymphatic-massage-after-lipo,1,0,1
lymphatic drainage massage what is it,/how-many-massages-after-lipo-360,1,0,3
lymphatic drainage massages,/how-many-massages-after-lipo-360,1,0,2
lymphatic drainage massages,/when-to-start-lymphatic-massage-after-lipo,1,0,2
lymphatic drainage massages near me,/when-to-start-lymphatic-massage-after-lipo,1,0,1
lymphatic drainage near me,/how-many-massages-after-bbl,1,0,3
lymphatic drainage points,/how-many-massages-after-bbl,1,1,3
lymphatic drainage routine,/how-many-massages-after-bbl,1,0,1
lymphatic drainage stomach,/how-to-reduce-swelling-after-liposuction,1,0,3
lymphatic drainage stomach before and after,/when-to-start-lymphatic-massage-after-lipo,1,0,1
lymphatic drainage support,/when-to-start-lymphatic-massage-after-lipo,1,0,1
lymphatic draining massage,/how-many-massages-after-bbl,1,0,2
lymphatic flow routine,/how-many-massages-after-bbl,1,0,1
lymphatic foot massage,/how-many-massages-after-bbl,1,0,1
lymphatic liquid drops benefits,/how-long-does-it-take-to-recover-from-chin-lipo,1,0,3
lymphatic madsage,/when-to-start-lymphatic-massage-after-lipo,1,0,3
lymphatic masaage,/how-many-massages-after-bbl,1,0,1
lymphatic massage after bbl,/how-many-massages-after-lipo-360,1,0,52
lymphatic massage after bbl near me,/how-many-massages-after-lipo-360,1,0,3
lymphatic massage after brachioplasty,/when-to-start-lymphatic-massage-after-lipo,1,0,3
lymphatic massage after facelift cost,/when-to-start-lymphatic-massage-after-lipo,1,0,1
lymphatic massage after facelift near me,/when-to-start-lymphatic-massage-after-lipo,1,0,2
lymphatic massage after hysterectomy,/when-to-start-lymphatic-massage-after-lipo,1,0,3
lymphatic massage after lipo near me,/how-many-massages-after-lipo-360,1,0,2
lymphatic massage after liposuction,/how-to-get-rid-of-fibrosis-after-lipo,1,0,6
lymphatic massage after liposuction,/what-is-lipo-foam,1,0,6
lymphatic massage after liposuction near me,/when-to-start-lymphatic-massage-after-lipo,1,0,1
lymphatic massage after panniculectomy,/how-many-massages-after-lipo-360,1,0,4
lymphatic massage after surgery,/when-to-start-lymphatic-massage-after-lipo,1,0,91
lymphatic massage bbl,/how-many-massages-after-lipo-360,1,0,1
lymphatic massage before surgery,/when-to-start-lymphatic-massage-after-lipo,1,0,3
lymphatic massage berwick,/when-to-start-lymphatic-massage-after-lipo,1,0,3
lymphatic massage chart,/how-many-massages-after-lipo-360,1,0,2
lymphatic massage chin lipo,/when-to-start-lymphatic-massage-after-lipo,1,0,3
lymphatic massage cincinnati,/how-many-massages-after-bbl,1,0,3
lymphatic massage directions,/how-many-massages-after-bbl,1,0,3
lymphatic massage exercises,/how-many-massages-after-bbl,1,0,3
lymphatic massage feet,/how-many-massages-after-bbl,1,0,1
lymphatic massage guide,/how-many-massages-after-bbl,1,0,3
lymphatic massage houston,/how-many-massages-after-bbl,1,0,4
lymphatic massage how often,/when-to-start-lymphatic-massage-after-lipo,1,0,3
lymphatic massage how to do it,/how-many-massages-after-bbl,1,0,4
lymphatic massage in legs,/how-many-massages-after-bbl,1,0,3
lymphatic massage lipo,/how-many-massages-after-lipo-360,1,0,1
lymphatic massage machine,/how-many-massages-after-bbl,1,0,1
lymphatic massage near me post op,/how-many-massages-after-lipo-360,1,0,3
lymphatic massage perth,/how-many-massages-after-bbl,1,0,2
lymphatic massage post facelift,/how-many-massages-after-bbl,1,0,1
lymphatic massage post facelift,/when-to-start-lymphatic-massage-after-lipo,1,0,2
lymphatic massage roller,/how-many-massages-after-bbl,1,0,2
lymphatic massage self treatment,/how-many-massages-after-lipo-360,1,0,1
"lymphatic massage specialist in post op plastic surgery!| le’massage florida davenport, clermont !",/when-to-start-lymphatic-massage-after-lipo,1,0,4
lymphatic massage.,/how-many-massages-after-bbl,1,0,1
lymphatic massage:,/how-many-massages-after-bbl,1,0,5
lymphatic massages,/how-many-massages-after-lipo-360,1,0,17
lymphatic massages after bbl,/how-to-reduce-swelling-after-liposuction,1,0,2
lymphatic massages after tummy tuck near me,/how-many-massages-after-lipo-360,1,0,2
lymphatic massge,/how-many-massages-after-bbl,1,0,3
lymphatic self drainage massage,/how-many-massages-after-bbl,1,0,3
lymphatic system massage benefits,/how-many-massages-after-lipo-360,1,0,3
lymphatic system massage techniques,/how-many-massages-after-bbl,1,0,3
lymphatic tissue massage,/how-many-massages-after-lipo-360,1,0,3
lymphatic walking,/blog/tummy-tuck-vs-liposuction,1,0,2
lymphatic. drainage massage,/how-many-massages-after-bbl,1,0,3
lymphdrainage nach liposuktion,/how-many-massages-after-lipo-360,1,0,3
lymphdrainage nach liposuktion krankenkasse,/how-many-massages-after-lipo-360,1,0,3
lymphedema after liposuction,/how-many-massages-after-lipo-360,1,0,3
lymphedema liposuction before and after,/how-many-times-can-you-get-liposuction,1,0,3
maintaining liposuction results,/how-to-maintain-liposuction-results,1,0,45
male body sculpting surgery cost,/how-many-times-can-you-get-liposuction,1,0,2
male lipo 360 cost,/how-to-sleep-after-liposuction,1,0,3
male liposuction before and after,/how-many-times-can-you-get-liposuction,1,0,2
male liposuction cost,/how-old-do-you-have-to-be-to-get-liposuction,1,0,3
manual liposuction massage,/when-to-start-lymphatic-massage-after-lipo,1,0,3
manual lymphatic drainage,/how-many-massages-after-lipo-360,1,0,2
manual lymphatic drainage after knee replacement,/when-to-start-lymphatic-massage-after-lipo,1,0,3
manual lymphatic drainage after liposuction evidence,/how-many-massages-after-lipo-360,1,0,2
manual lymphatic drainage after liposuction evidence,/when-to-start-lymphatic-massage-after-lipo,1,0,2
manual lymphatic drainage after liposuction evidence review,/how-many-massages-after-lipo-360,1,0,4
manual lymphatic drainage after liposuction evidence systematic review,/how-many-massages-after-lipo-360,1,0,11
manual lymphatic drainage after liposuction randomized controlled trial,/how-many-massages-after-lipo-360,1,0,9
manual lymphatic drainage after surgery,/when-to-start-lymphatic-massage-after-lipo,1,0,3
manual lymphatic drainage massage after liposuction,/how-many-massages-after-lipo-360,1,0,4
manual lymphatic drainage massage after liposuction,/when-to-start-lymphatic-massage-after-lipo,1,0,1
manual lymphatic drainage massage post surgery,/when-to-start-lymphatic-massage-after-lipo,1,0,3
manual lymphatic drainage near me,/when-to-start-lymphatic-massage-after-lipo,1,0,1
manual lymphatic drainage post liposuction,/when-to-start-lymphatic-massage-after-lipo,1,0,1
manual lymphatic massage,/how-many-massages-after-bbl,1,0,3
marmorierte haut nach liposuktion,/how-to-fix-uneven-liposuction,1,0,3
masaje post operatorio lipo,/how-many-massages-after-lipo-360,1,0,3
masaje post operatorio lipo,/when-to-start-lymphatic-massage-after-lipo,1,0,3
masajes de liposucción,/how-many-massages-after-lipo-360,1,0,2
masajes despues de la lipo,/when-to-start-lymphatic-massage-after-lipo,1,0,3
masajes despues de lipo,/when-to-start-lymphatic-massage-after-lipo,1,0,2
masajes despues de una lipo,/how-many-massages-after-lipo-360,1,0,3
masajes después de una lipotransferencia glútea,/how-many-massages-after-bbl,1,0,5
masajes lipoescultura,/how-many-massages-after-lipo-360,1,0,4
masajes post lipo,/how-many-massages-after-lipo-360,1,0,2
masajes post operatorios lipoescultura,/how-many-massages-after-lipo-360,1,0,3
masajes post operatorios liposucción,/how-many-massages-after-lipo-360,1,0,1
masaż po liposukcji,/how-many-massages-after-lipo-360,1,0,2
massage after lipo,/how-to-get-rid-of-fibrosis-after-lipo,1,0,3
massage by lipo,/when-to-start-lymphatic-massage-after-lipo,1,0,39
massage for cystic fibrosis,/how-to-get-rid-of-fibrosis-after-lipo,1,0,3
massage for liposuction recovery,/when-to-start-lymphatic-massage-after-lipo,1,0,22
massage for the lymphatic system,/how-many-massages-after-bbl,1,0,2
massage lipo,/when-to-start-lymphatic-massage-after-lipo,1,0,2
massage liposuccion,/how-to-get-rid-of-fibrosis-after-lipo,1,0,3
massage lymphatic drainage,/when-to-start-lymphatic-massage-after-lipo,1,0,3
massage nach liposuktion,/how-many-massages-after-lipo-360,1,0,2
massage therapy after liposuction,/how-many-massages-after-lipo-360,1,0,2
massages after lipo 360,/how-many-massages-after-bbl,1,0,3
massages for lipo,/how-many-massages-after-lipo-360,1,0,14
massages na liposuctie,/how-to-get-rid-of-fibrosis-after-lipo,1,0,3
maximum fat removal liposuction,/how-many-times-can-you-get-liposuction,1,0,1
mayo clinic liposuction recovery swelling compression,/how-to-reduce-swelling-after-liposuction,1,0,5
me hice una lipo,/how-to-reduce-itching-after-lipo,1,0,2
me hice una lipo y estoy muy hinchada,/how-to-get-rid-of-fibrosis-after-lipo,1,0,3
me hice una lipotransferencia y no veo resultados,/how-to-get-rid-of-fibrosis-after-lipo,1,0,3
meaning of lipo,/how-many-times-can-you-get-liposuction,1,0,2
medicine for fibrosis,/how-to-get-rid-of-fibrosis-after-lipo,1,0,2
mega lipo before and after,/blog/liposuction-recovery-ozempic-miami,1,0,1
melt aesthetics and liposuction florida,/how-many-times-can-you-get-liposuction,1,0,6
miami 360 lipo,/procedures/liposuction-miami,1,0,83
microlipo,/how-many-times-can-you-get-liposuction,1,0,5
microlipo cost,/how-many-times-can-you-get-liposuction,1,0,3
mild fibrosis meaning,/how-to-get-rid-of-fibrosis-after-lipo,1,0,3
mild fibrosis of liver,/how-to-get-rid-of-fibrosis-after-lipo,1,0,3
mild liposuction,/how-old-do-you-have-to-be-to-get-liposuction,1,0,3
mild liver fibrosis treatment,/how-to-get-rid-of-fibrosis-after-lipo,1,0,3
mild pulmonary fibrosis,/how-to-get-rid-of-fibrosis-after-lipo,1,0,3
mini lipo,/when-to-start-lymphatic-massage-after-lipo,1,0,2
mini liposuction before and after,/how-to-sleep-after-liposuction,1,0,3
mini liposuction cost,/how-old-do-you-have-to-be-to-get-liposuction,1,0,3
mini liposuction cost,/what-areas-does-lipo-360-cover,1,0,3
minimal fibrosis meaning,/how-to-get-rid-of-fibrosis-after-lipo,1,0,3
miracle cure for pulmonary fibrosis,/how-to-get-rid-of-fibrosis-after-lipo,1,0,3
mld after liposuction,/how-many-massages-after-lipo-360,1,0,2
mommy makeover vs lipo 360,/what-areas-does-lipo-360-cover,1,0,3
mons pubis liposuction before and after,/how-to-sleep-after-liposuction,1,0,3
monthly lymphatic drainage massage,/how-many-massages-after-lipo-360,1,0,2
muscle fibrosis treatment,/how-to-get-rid-of-fibrosis-after-lipo,1,0,3
na liposuctie,/how-to-sleep-after-liposuction,1,0,2
nach liposuktion,/how-to-reduce-itching-after-lipo,1,0,4
nattokinase lung fibrosis,/how-to-get-rid-of-fibrosis-after-lipo,1,0,3
natural lipo 360,/how-many-times-can-you-get-liposuction,1,0,3
natural remedies for lung fibrosis,/how-to-get-rid-of-fibrosis-after-lipo,1,0,3
natural remedies for pulmonary fibrosis,/how-to-get-rid-of-fibrosis-after-lipo,1,0,3
neck fibrosis,/how-to-get-rid-of-fibrosis-after-lipo,1,0,3
neck lipo recovery,/how-to-reduce-swelling-after-liposuction,1,0,1
neck liposuction,/how-to-sleep-after-liposuction,1,0,3
neck liposuction cost,/how-old-do-you-have-to-be-to-get-liposuction,1,0,3
negative side effects of liposuction,/how-many-times-can-you-get-liposuction,1,0,2
new treatment for liver fibrosis,/how-to-get-rid-of-fibrosis-after-lipo,1,0,3
nhs liposuction recovery compression garment swelling,/how-to-reduce-swelling-after-liposuction,1,0,8
nhs liposuction recovery swelling bruising when to seek medical help,/how-to-get-rid-of-bruising-after-liposuction,1,0,5
nieudana liposukcja brzucha,/how-to-fix-uneven-liposuction,1,0,3
no lymphatic drainage,/how-many-massages-after-bbl,1,0,8
non invasive lipo,/how-to-sleep-after-liposuction,1,0,3
non specific fibrosis meaning,/how-to-get-rid-of-fibrosis-after-lipo,1,0,2
non surgical laser lipo side effects,/how-long-after-lipo-can-i-workout,1,0,2
non surgical lipo,/how-old-do-you-have-to-be-to-get-liposuction,1,0,3
non surgical liposuction,/how-many-times-can-you-get-liposuction,1,0,3
non surgical liposuction side effects,/how-to-sleep-after-liposuction,1,0,2
nordic lymphatic drainage,/when-to-start-lymphatic-massage-after-lipo,1,0,3
numbness after liposuction,/how-to-reduce-itching-after-lipo,1,0,1
nutra harmony natural lymphatic drainage reviews,/when-to-start-lymphatic-massage-after-lipo,1,0,3
oedeme apres liposuccion,/how-to-reduce-swelling-after-liposuction,1,0,2
oedeme liposuccion,/how-to-reduce-swelling-after-liposuction,1,0,2
oedeme post liposuccion,/how-to-reduce-swelling-after-liposuction,1,0,2
ogee lipo 360,/what-areas-does-lipo-360-cover,1,0,1
operation liposuccion,/how-to-reduce-itching-after-lipo,1,0,2
overeating after liposuction,/how-many-massages-after-lipo-360,1,0,2
overeating after liposuction,/how-old-do-you-have-to-be-to-get-liposuction,1,0,2
overeating after liposuction,/what-to-eat-after-liposuction,1,0,19
overeating after liposuction,/when-to-start-lymphatic-massage-after-lipo,1,0,2
ozempic or liposuction,/blog/liposuction-recovery-ozempic-miami,1,0,19
pacific liposculpture reviews,/how-to-sleep-after-liposuction,1,0,4
pain after liposuction,/how-to-reduce-swelling-after-liposuction,1,0,3
pain after liposuction,/what-to-eat-after-liposuction,1,0,2
para la fibrosis pulmonar,/how-to-get-rid-of-fibrosis-after-lipo,1,0,3
partial buccal fat removal,/how-old-do-you-have-to-be-to-get-liposuction,1,0,4
peer reviewed article liposuction revision timing 6 months 12 months,/how-many-times-can-you-get-liposuction,1,0,10
peer reviewed liposuction revision timing 6 months,/how-many-times-can-you-get-liposuction,1,0,8
pelvic liposuction,/how-old-do-you-have-to-be-to-get-liposuction,1,0,3
photos of liposuction,/how-many-times-can-you-get-liposuction,1,0,2
picture of fibrosis,/how-to-get-rid-of-fibrosis-after-lipo,1,0,1
pictures of fibrosis after liposuction,/how-many-massages-after-lipo-360,1,0,2
pictures of fibrosis after liposuction,/how-to-fix-uneven-liposuction,1,0,2
pictures of loose skin after liposuction,/how-many-massages-after-lipo-360,1,0,2
pirfenidona dosis fibrosis pulmonar,/how-to-get-rid-of-fibrosis-after-lipo,1,0,3
plastic surgery lipo,/procedures/liposuction-miami,1,0,75
plus size lipo 360 before and after pictures,/how-many-times-can-you-get-liposuction,1,0,4
plus size tummy tuck with lipo 360,/blog/tummy-tuck-vs-bbl-miami,1,0,3
pomada para la fibrosis en los senos,/how-to-get-rid-of-fibrosis-after-lipo,1,0,2
por qué da fibrosis pulmonar,/how-to-get-rid-of-fibrosis-after-lipo,1,0,3
por qué sale la fibrosis,/how-to-get-rid-of-fibrosis-after-lipo,1,0,3
porque da la fibrosis en el abdomen,/how-to-get-rid-of-fibrosis-after-lipo,1,0,3
porque da la fibrosis pulmonar,/how-to-get-rid-of-fibrosis-after-lipo,1,0,3
porque queda fibrosis despues de una liposuccion,/how-to-get-rid-of-fibrosis-after-lipo,1,0,2
porque sale fibrosis despues de una lipo,/how-to-get-rid-of-fibrosis-after-lipo,1,0,2
porque sale la fibrosis en los senos,/how-to-get-rid-of-fibrosis-after-lipo,1,0,2
portal fibrosis,/how-to-get-rid-of-fibrosis-after-lipo,1,0,2
portland oregon liposuction,/how-old-do-you-have-to-be-to-get-liposuction,1,0,2
post bbl lymphatic drainage massage,/when-to-start-lymphatic-massage-after-lipo,1,0,3
post lipo,/how-to-reduce-swelling-after-liposuction,1,0,1
post lipo,/when-to-start-lymphatic-massage-after-lipo,1,0,4
post lipo care,/when-to-start-lymphatic-massage-after-lipo,1,0,1
post lipo drainage,/how-many-massages-after-lipo-360,1,0,1
post lipo massage near me,/how-to-fix-uneven-liposuction,1,0,3
post lipo massages near me,/how-many-massages-after-lipo-360,1,0,4
post lipo massages near me,/when-to-start-lymphatic-massage-after-lipo,1,0,4
post liposucción,/when-to-start-lymphatic-massage-after-lipo,1,0,2
post liposuction,/how-to-get-rid-of-fibrosis-after-lipo,1,0,7
post liposuction,/how-to-reduce-itching-after-lipo,1,0,1
post liposuction,/what-to-eat-after-liposuction,1,0,3
post liposuction,/when-to-start-lymphatic-massage-after-lipo,1,0,1
post liposuction care,/how-old-do-you-have-to-be-to-get-liposuction,1,0,3
post liposuction care,/what-to-eat-after-liposuction,1,0,3
post liposuction compression garment,/how-many-massages-after-lipo-360,1,0,11
post liposuction diet,/what-is-lipo-foam,1,0,3
post liposuction edema,/how-to-reduce-swelling-after-liposuction,1,0,37
post liposuction fibrosis massage,/how-to-get-rid-of-fibrosis-after-lipo,1,0,9
post liposuction fibrosis therapeutic ultrasound study,/how-to-get-rid-of-fibrosis-after-lipo,1,0,5
post liposuction foam pads,/what-is-lipo-foam,1,0,1
post liposuction massage near me,/when-to-start-lymphatic-massage-after-lipo,1,1,1
post liposuction massage near me,/how-many-massages-after-lipo-360,1,0,3
post liposuction recovery,/how-long-after-lipo-can-i-workout,1,0,1
post lymphatic drainage massage,/how-many-massages-after-lipo-360,1,0,3
post lymphatic drainage massage care,/how-many-massages-after-lipo-360,1,0,2
post op chin lipo massage,/how-many-massages-after-lipo-360,1,0,6
post op lipo,/how-many-massages-after-lipo-360,1,0,4
post op lipo,/when-to-start-lymphatic-massage-after-lipo,1,0,3
post op lipo 360,/how-to-sleep-after-liposuction,1,0,3
post op lipo lymphatic drainage massage,/how-to-fix-uneven-liposuction,1,0,2
post op lipo massage near me,/how-many-massages-after-lipo-360,1,0,3
post op lymphatic,/how-many-massages-after-bbl,1,0,1
post op lymphatic drainage,/when-to-start-lymphatic-massage-after-lipo,1,0,2
post op lymphatic drainage massage near me,/how-many-massages-after-lipo-360,1,0,1
post op lymphatic drainage massage orlando,/when-to-start-lymphatic-massage-after-lipo,1,0,6
post op lymphatic massage,/how-many-massages-after-lipo-360,1,0,2
post op lymphatic massage brooklyn,/when-to-start-lymphatic-massage-after-lipo,1,0,4
post op lymphatic massage near me,/when-to-start-lymphatic-massage-after-lipo,1,0,1
post op massage liposuction,/when-to-start-lymphatic-massage-after-lipo,1,0,45
post operative lymphatic massage,/how-many-massages-after-lipo-360,1,0,2
post operative lymphatic massage,/when-to-start-lymphatic-massage-after-lipo,1,0,2
post operatorio liposuccion,/how-to-reduce-swelling-after-liposuction,1,0,3
post surgery faja near me,/how-old-do-you-have-to-be-to-get-liposuction,1,0,3
post surgery lipo foam - best post-surgery support,/what-is-lipo-foam,1,0,23
post surgery lymphatic drainage,/when-to-start-lymphatic-massage-after-lipo,1,0,3
post surgical lymphatic massage near me,/when-to-start-lymphatic-massage-after-lipo,1,0,2
post-op lymphatic massage,/how-many-massages-after-bbl,1,0,3
post-surgical lipo foam,/what-is-lipo-foam,1,0,1
postoperatorio liposuccion,/how-to-reduce-swelling-after-liposuction,1,0,2
pre lipo massage,/how-many-massages-after-lipo-360,1,0,74
pre liposuction diet,/how-old-do-you-have-to-be-to-get-liposuction,1,0,3
precio liposuccion,/how-many-times-can-you-get-liposuction,1,0,3
pregnancy after liposuction,/blog/tummy-tuck-vs-liposuction,1,0,3
price for lipo 360,/how-many-times-can-you-get-liposuction,1,0,2
price of liposuction in the philippines,/how-old-do-you-have-to-be-to-get-liposuction,1,0,3
prix liposuccion,/how-many-times-can-you-get-liposuction,1,0,3
prix liposuccion ventre montpellier,/how-old-do-you-have-to-be-to-get-liposuction,1,0,3
probleme nach liposuktion,/how-to-get-rid-of-fibrosis-after-lipo,1,0,3
process of liposuction,/how-old-do-you-have-to-be-to-get-liposuction,1,0,3
professional lymphatic drainage massage near me,/when-to-start-lymphatic-massage-after-lipo,1,0,1
progressive fibrosis in lungs,/how-to-get-rid-of-fibrosis-after-lipo,1,0,3
proper way to do lymphatic drainage massage,/how-many-massages-after-bbl,1,0,2
pros and cons of liposuction,/how-to-get-rid-of-fibrosis-after-lipo,1,0,3
pros of lymphatic drainage massage,/how-many-massages-after-lipo-360,1,0,3
pseudogynecomastia liposuction cost,/how-many-times-can-you-get-liposuction,1,0,13
pubic liposuction before and after,/how-many-times-can-you-get-liposuction,1,0,2
puedo tomar pastillas para adelgazar después de una liposucción,/how-to-get-rid-of-fibrosis-after-lipo,1,0,2
puerto vallarta liposuction,/blog/tummy-tuck-vs-liposuction,1,0,2
pulmonary fibrosis stage 1 symptoms,/how-to-get-rid-of-fibrosis-after-lipo,1,0,3
pós lipo de papada,/how-to-get-rid-of-fibrosis-after-lipo,1,0,1
quand commencer le drainage lymphatique après liposuccion,/how-to-reduce-swelling-after-liposuction,1,0,2
que comer después de una liposucción,/what-to-eat-after-liposuction,1,0,85
que es bueno para fibrosis pulmonar,/how-to-get-rid-of-fibrosis-after-lipo,1,0,2
que es bueno para la fibrosis pulmonar,/how-to-get-rid-of-fibrosis-after-lipo,1,0,3
que es fibrosis despues de una lipo,/how-to-get-rid-of-fibrosis-after-lipo,1,0,2
que es fibrosis en los pulmones,/how-to-get-rid-of-fibrosis-after-lipo,1,0,3
que es fibrosis en una herida,/how-to-get-rid-of-fibrosis-after-lipo,1,0,2
que es fibrosis pulmonar sintomas,/how-to-get-rid-of-fibrosis-after-lipo,1,0,3
que es la fibrosis en los senos,/how-to-get-rid-of-fibrosis-after-lipo,1,0,3
que es la fibrosis muscular,/how-to-get-rid-of-fibrosis-after-lipo,1,0,3
que es la fibrosis pulmonar sintomas,/how-to-get-rid-of-fibrosis-after-lipo,1,0,3
que es la fibrosis quistica,/how-to-get-rid-of-fibrosis-after-lipo,1,0,2
que es la fibrosis quistica pulmonar,/how-to-get-rid-of-fibrosis-after-lipo,1,0,2
que es la fibrosis quística pulmonar,/how-to-get-rid-of-fibrosis-after-lipo,1,0,2
que es la lipoescultura 360,/how-many-massages-after-bbl,1,0,2
que es la.fibrosis pulmonar,/how-to-get-rid-of-fibrosis-after-lipo,1,0,3
que es tener fibrosis en los senos,/how-to-get-rid-of-fibrosis-after-lipo,1,0,2
que es una fibrosis en el seno,/how-to-get-rid-of-fibrosis-after-lipo,1,0,2
que es una fibrosis pulmonar,/how-to-get-rid-of-fibrosis-after-lipo,1,0,2
que es una lipo 360 bbl,/what-areas-does-lipo-360-cover,1,0,2
que incluye la lipo 360,/what-areas-does-lipo-360-cover,1,0,3
que pasa si hago ejercicio después de una lipo,/how-to-get-rid-of-fibrosis-after-lipo,1,0,3
que pasa si no me hago masajes después de la liposucción,/how-to-get-rid-of-fibrosis-after-lipo,1,0,3
que se puede comer despues de una liposuccion,/how-to-reduce-swelling-after-liposuction,1,0,2
que significa fibrosis en el higado,/how-to-get-rid-of-fibrosis-after-lipo,1,0,2
que tomar despues de una liposuccion,/how-to-reduce-swelling-after-liposuction,1,0,3
quemaduras por liposucción,/how-to-get-rid-of-fibrosis-after-lipo,1,0,3
questions to ask before liposuction,/how-old-do-you-have-to-be-to-get-liposuction,1,0,3
qué es la fibrosis en el corazón,/how-to-get-rid-of-fibrosis-after-lipo,1,0,2
qué es la fibrosis pulmonar idiopática,/how-to-get-rid-of-fibrosis-after-lipo,1,0,3
qué produce la fibrosis pulmonar,/how-to-get-rid-of-fibrosis-after-lipo,1,0,2
qué significa fibrosis,/how-to-get-rid-of-fibrosis-after-lipo,1,0,2
radiation fibrosis,/how-to-get-rid-of-fibrosis-after-lipo,1,0,2
radiation fibrosis breast symptoms,/how-to-get-rid-of-fibrosis-after-lipo,1,0,3
radiation fibrosis syndrome,/how-to-get-rid-of-fibrosis-after-lipo,1,0,3
radiation fibrosis treatment,/how-to-get-rid-of-fibrosis-after-lipo,1,0,3
radiofrequency liposuction,/how-many-times-can-you-get-liposuction,1,0,3
rash after lymphatic massage,/how-to-reduce-itching-after-lipo,1,0,5
recovering from liposuction,/how-many-massages-after-lipo-360,1,0,3
recovering from liposuction,/how-to-sleep-after-liposuction,1,0,2
recovery after lipo 360,/how-old-do-you-have-to-be-to-get-liposuction,1,0,3
recovery after liposuction,/how-many-massages-after-lipo-360,1,0,3
recovery after liposuction,/how-old-do-you-have-to-be-to-get-liposuction,1,0,3
recovery after liposuction abdomen,/how-to-reduce-swelling-after-liposuction,1,0,3
recovery for chin lipo,/how-long-does-it-take-to-recover-from-chin-lipo,1,0,1
recovery for lipo 360,/what-to-eat-after-liposuction,1,0,3
recovery from arm liposuction,/how-to-sleep-after-liposuction,1,0,2
recovery from liposuction on stomach,/how-to-sleep-after-liposuction,1,0,1
recovery from stomach liposuction,/how-to-sleep-after-liposuction,1,0,1
recovery liposuction,/how-long-after-lipo-can-i-workout,1,0,1
recovery liposuction stomach,/how-old-do-you-have-to-be-to-get-liposuction,1,0,3
recovery liposuction stomach,/how-to-sleep-after-liposuction,1,0,1
recovery of liposuction,/how-long-after-lipo-can-i-workout,1,0,1
recovery time after liposuction,/how-long-after-lipo-can-i-workout,1,0,15
recovery time after liposuction,/how-many-times-can-you-get-liposuction,1,0,2
recovery time after liposuction,/how-to-sleep-after-liposuction,1,0,2
recovery time after liposuction,/what-to-eat-after-liposuction,1,0,3
recovery time for arm liposuction,/how-many-times-can-you-get-liposuction,1,0,3
recovery time for lipo,/how-to-sleep-after-liposuction,1,0,2
recovery time for lipo 360 and bbl,/how-many-times-can-you-get-liposuction,1,0,3
recovery time for lipo 360 and bbl,/how-to-reduce-swelling-after-liposuction,1,0,3
recovery time for liposuction,/how-to-sleep-after-liposuction,1,0,2
recovery time for liposuction on abdomen,/how-old-do-you-have-to-be-to-get-liposuction,1,0,4
recovery time from lipo 360,/how-old-do-you-have-to-be-to-get-liposuction,1,0,3
recovery time from liposuction,/how-old-do-you-have-to-be-to-get-liposuction,1,0,3
recuperacion de una lipo,/how-to-sleep-after-liposuction,1,0,2
rejuve & care after lipo therapy: lymphatic drainage specialist,/how-many-massages-after-lipo-360,1,0,5
rekonwalescencja po liposukcji brzucha,/how-old-do-you-have-to-be-to-get-liposuction,1,0,2
remedio natural para la fibrosis pulmonar,/how-to-get-rid-of-fibrosis-after-lipo,1,0,3
remedios para la fibrosis en los senos,/how-to-get-rid-of-fibrosis-after-lipo,1,0,3
renal lymphatic drainage cleanse,/how-many-massages-after-lipo-360,1,0,1
renuvion before and after,/how-many-times-can-you-get-liposuction,1,0,3
renuvion j plasma before and after,/how-many-times-can-you-get-liposuction,1,0,3
reset your lymphatic system,/when-to-start-lymphatic-massage-after-lipo,1,0,1
return to gym after liposuction,/how-long-after-lipo-can-i-workout,1,0,6
return to gym after liposuction light workout,/how-long-after-lipo-can-i-workout,1,0,10
revision liposuction,/how-to-fix-uneven-liposuction,1,0,1
revision liposuction cost,/how-many-times-can-you-get-liposuction,1,0,3
revision liposuction how long to wait 6 months 12 months plastic surgeon recommendation,/how-many-times-can-you-get-liposuction,1,0,2
revision liposuction miami,/procedures/liposuction-miami,1,0,82
revision liposuction recommended wait 6 months 9 12 months,/how-many-times-can-you-get-liposuction,1,0,2
revision liposuction timing 6 months 12 months recommended,/how-many-times-can-you-get-liposuction,1,0,2
revision liposuction wait 6 months peer reviewed,/how-many-times-can-you-get-liposuction,1,0,5
risks of liposuction on stomach,/blog/tummy-tuck-vs-liposuction,1,0,1
rodzaje liposukcji,/how-many-times-can-you-get-liposuction,1,0,2
runny nose after lymphatic drainage massage,/how-many-massages-after-lipo-360,1,0,1
résultat liposuccion après 1 mois,/how-to-reduce-swelling-after-liposuction,1,0,3
saddlebag lipo before and after,/how-many-times-can-you-get-liposuction,1,0,4
safe lipo miami,/procedures/liposuction-miami,1,0,96
safety of liposuction,/how-old-do-you-have-to-be-to-get-liposuction,1,0,3
same day liposuction,/how-old-do-you-have-to-be-to-get-liposuction,1,0,2
san antonio lymphatic massage,/when-to-start-lymphatic-massage-after-lipo,1,0,2
scar after liposuction,/how-many-times-can-you-get-liposuction,1,0,3
scar fibrosis,/how-to-get-rid-of-fibrosis-after-lipo,1,0,2
scar tissue fibrosis,/how-to-get-rid-of-fibrosis-after-lipo,1,0,2
scarring after liposuction,/how-to-get-rid-of-fibrosis-after-lipo,1,0,3
scarring fibrosis,/how-to-get-rid-of-fibrosis-after-lipo,1,0,1
schedule liposuction,/procedures/liposuction-miami,1,0,91
se puede operar la fibrosis pulmonar,/how-to-get-rid-of-fibrosis-after-lipo,1,0,2
se puede vivir con fibrosis pulmonar por covid,/how-to-get-rid-of-fibrosis-after-lipo,1,0,3
secondary liposuction revision timing 6 months study,/how-many-times-can-you-get-liposuction,1,0,9
selbstmassage nach liposuktion,/how-to-get-rid-of-fibrosis-after-lipo,1,0,3
self lymphatic drainage massage,/how-many-massages-after-bbl,1,0,2
self massage after liposuction,/when-to-start-lymphatic-massage-after-lipo,1,0,23
seroma after lipo,/what-is-lipo-foam,1,0,3
seroma after liposuction,/how-many-massages-after-lipo-360,1,0,2
seroma after surgery,/how-old-do-you-have-to-be-to-get-liposuction,1,0,3
seroma vs fibrosis,/how-to-get-rid-of-fibrosis-after-lipo,1,0,4
should i eat before lymphatic drainage massage,/when-to-start-lymphatic-massage-after-lipo,1,0,1
should i get liposuction,/how-old-do-you-have-to-be-to-get-liposuction,1,0,3
should you do lymphatic drainage at night or morning,/when-to-start-lymphatic-massage-after-lipo,1,0,25
should you lose weight before liposuction,/how-many-times-can-you-get-liposuction,1,0,2
should you sleep in a faja,/what-is-lipo-foam,1,0,3
showering after liposuction,/how-long-after-lipo-can-i-workout,1,0,2
showering after liposuction,/how-to-reduce-itching-after-lipo,1,0,3
showering after liposuction,/how-to-sleep-after-liposuction,1,0,3
side effects of chin liposuction,/how-many-times-can-you-get-liposuction,1,0,3
side effects of fat removal surgery,/how-many-times-can-you-get-liposuction,1,0,2
side effects of fat removal surgery,/how-to-sleep-after-liposuction,1,0,2
side effects of lipo,/how-old-do-you-have-to-be-to-get-liposuction,1,0,2
side effects of lipo injection,/how-to-sleep-after-liposuction,1,1,3
side effects of liposuction,/how-old-do-you-have-to-be-to-get-liposuction,1,0,2
side effects of liposuction,/what-to-eat-after-liposuction,1,0,3
side effects of liposuction surgery,/how-old-do-you-have-to-be-to-get-liposuction,1,0,3
side effects of lymphatic drainage drops,/how-many-massages-after-lipo-360,1,0,3
signos de alarma después de una liposucción,/how-to-sleep-after-liposuction,1,0,3
signos de alarma después de una lipotransferencia,/how-to-get-rid-of-fibrosis-after-lipo,1,0,3
signos de fibrosis pulmonar,/how-to-get-rid-of-fibrosis-after-lipo,1,0,2
signs of infection after lipoma removal,/how-to-get-rid-of-bruising-after-liposuction,1,0,3
signs of liver fibrosis,/how-to-get-rid-of-fibrosis-after-lipo,1,0,2
signs of lung fibrosis,/how-to-get-rid-of-fibrosis-after-lipo,1,0,3
sintomas de fibrosis de higado,/how-to-get-rid-of-fibrosis-after-lipo,1,0,3
sintomas de fibrosis pulmonar en adultos,/how-to-get-rid-of-fibrosis-after-lipo,1,0,3
skin discoloration after liposuction,/how-to-get-rid-of-fibrosis-after-lipo,1,0,3
skin fibrosis meaning,/how-to-get-rid-of-fibrosis-after-lipo,1,0,2
skin fibrosis symptoms,/how-to-get-rid-of-fibrosis-after-lipo,1,0,4
skin fibrosis treatment,/how-to-get-rid-of-fibrosis-after-lipo,1,0,2
skin irregularities after liposuction,/how-to-get-rid-of-fibrosis-after-lipo,1,0,3
skin sagging after liposuction,/how-to-fix-uneven-liposuction,1,0,1
skin tightening after lipo,/how-many-times-can-you-get-liposuction,1,0,3
skin tightening after liposuction miami,/procedures/liposuction-miami,1,0,98
skin tightening cream after liposuction,/how-to-reduce-itching-after-lipo,1,0,75
skinny lipo before and after,/how-old-do-you-have-to-be-to-get-liposuction,1,0,2
skinny lipo before and after,/how-to-sleep-after-liposuction,1,0,3
sleeping without compression garment after lipo,/how-many-massages-after-lipo-360,1,0,3
sleeping without compression garment after lipo,/how-old-do-you-have-to-be-to-get-liposuction,1,0,3
sleeping without compression garment after lipo,/what-is-lipo-foam,1,0,3
sleeping without compression garment after tummy tuck,/what-is-lipo-foam,1,0,3
small liposuction cost,/how-old-do-you-have-to-be-to-get-liposuction,1,0,3
smart lipo,/how-old-do-you-have-to-be-to-get-liposuction,1,0,3
smart lipo 360 before and after,/how-many-times-can-you-get-liposuction,1,0,3
smart lipo before and after,/how-old-do-you-have-to-be-to-get-liposuction,1,0,3
smart lipo cost,/how-old-do-you-have-to-be-to-get-liposuction,1,0,3
smart lipo cost near me,/how-old-do-you-have-to-be-to-get-liposuction,1,0,2
smart lipo greenville sc,/how-many-times-can-you-get-liposuction,1,0,2
smart lipo near me,/how-old-do-you-have-to-be-to-get-liposuction,1,0,2
smart lipo recovery time,/how-to-sleep-after-liposuction,1,0,2
smart lipo results,/how-many-times-can-you-get-liposuction,1,0,3
smart lipo side effects,/how-many-times-can-you-get-liposuction,1,0,2
smart lipo vs regular lipo,/how-many-times-can-you-get-liposuction,1,0,2
smartlipo before after,/procedures/liposuction-miami,1,0,2
smartlipo recovery,/how-to-reduce-swelling-after-liposuction,1,0,3
sono bello chin lipo cost,/how-long-does-it-take-to-recover-from-chin-lipo,1,0,3
sono bello lipo 360 before and after,/what-areas-does-lipo-360-cover,1,0,14
sono bello lipo 360 cost,/how-to-sleep-after-liposuction,1,0,3
sono bello lymphatic massage,/how-many-massages-after-lipo-360,1,0,3
sonobello lipo 360 cost,/how-old-do-you-have-to-be-to-get-liposuction,1,0,3
sonobello stomach fat removal cost,/how-to-sleep-after-liposuction,1,0,3
stage 1 faja,/what-is-lipo-foam,1,0,4
stage 1 faja vs stage 2,/what-is-lipo-foam,1,0,3
stage 1 fibrosis of the liver,/how-to-get-rid-of-fibrosis-after-lipo,1,0,3
stage 1 lipedema liposuction,/how-old-do-you-have-to-be-to-get-liposuction,1,0,3
stage 2 faja lipo 360 and bbl,/how-to-sleep-after-bbl,1,0,3
stage 2 vs stage 3 faja,/what-is-lipo-foam,1,0,3
stage 3 faja for tummy tuck,/blog/tummy-tuck-vs-bbl-miami,1,0,3
stage 3 liver fibrosis,/how-to-get-rid-of-fibrosis-after-lipo,1,0,3
statpearls liposuction complications contour irregularity revision timing,/how-to-fix-uneven-liposuction,1,0,37
stitches after lipoma removal,/how-to-reduce-itching-after-lipo,1,0,1
stomach after lipo,/how-to-get-rid-of-fibrosis-after-lipo,1,0,1
stomach after liposuction,/how-to-fix-uneven-liposuction,1,0,3
stomach and back liposuction cost,/how-old-do-you-have-to-be-to-get-liposuction,1,0,3
stomach board after lipo,/how-to-sleep-after-liposuction,1,0,3
stomach fat removal,/how-many-times-can-you-get-liposuction,1,0,3
stomach flanks,/how-to-sleep-after-bbl,1,0,1
stomach lipo cost,/how-old-do-you-have-to-be-to-get-liposuction,1,0,3
stomach lipo cost,/what-areas-does-lipo-360-cover,1,0,3
stomach lipo recovery,/what-is-lipo-foam,1,0,3
stomach liposuction,/how-old-do-you-have-to-be-to-get-liposuction,1,0,3
stomach liposuction before and after,/how-many-times-can-you-get-liposuction,1,0,3
stomach liposuction before and after,/how-old-do-you-have-to-be-to-get-liposuction,1,0,3
stomach liposuction cost uk,/how-many-times-can-you-get-liposuction,1,0,3
stomach liposuction recovery,/how-old-do-you-have-to-be-to-get-liposuction,1,0,3
stomach liposuction recovery,/how-to-reduce-itching-after-lipo,1,0,3
stomach liposuction recovery,/how-to-sleep-after-liposuction,1,0,1
stomach lymphatic drainage,/when-to-start-lymphatic-massage-after-lipo,1,0,1
stretches for lymphatic drainage legs,/how-to-reduce-swelling-after-liposuction,1,0,3
subcision for post liposuction adhesions indentation,/how-to-fix-uneven-liposuction,1,0,2
subcision for post liposuction indentation scar tethering,/how-to-fix-uneven-liposuction,1,0,3
submental lipo,/how-long-does-it-take-to-recover-from-chin-lipo,1,0,2
submental liposuction before and after,/how-long-does-it-take-to-recover-from-chin-lipo,1,0,3
submental liposuction compression garment,/how-long-does-it-take-to-recover-from-chin-lipo,1,0,3
submental liposuction cost,/how-long-does-it-take-to-recover-from-chin-lipo,1,0,3
submental liposuction healing timeline,/how-long-does-it-take-to-recover-from-chin-lipo,1,0,1
surgery fat removal,/how-old-do-you-have-to-be-to-get-liposuction,1,0,3
surgery lipo,/how-to-fix-uneven-liposuction,1,0,1
surgical fibrosis,/how-to-get-rid-of-fibrosis-after-lipo,1,0,1
surgical liposuction,/when-to-start-lymphatic-massage-after-lipo,1,0,1
surgical lymphatic massage,/how-many-massages-after-lipo-360,1,0,3
swelling 2 weeks after liposuction,/how-to-reduce-swelling-after-liposuction,1,0,1
swelling 2 weeks after liposuction photos,/how-long-does-it-take-to-recover-from-chin-lipo,1,0,21
swelling 2 weeks after liposuction photos,/how-many-massages-after-lipo-360,1,0,2
swelling 2 weeks after liposuction photos,/what-areas-does-lipo-360-cover,1,0,3
swelling 8 months after liposuction,/how-many-times-can-you-get-liposuction,1,0,3
swelling 8 months after liposuction,/how-to-reduce-swelling-after-liposuction,1,0,3
swelling after lipo 360,/how-to-reduce-itching-after-lipo,1,1,2
swelling after lipo 360,/what-to-eat-after-liposuction,1,0,2
swelling after liposculpture,/how-to-reduce-swelling-after-liposuction,1,0,33
swelling after liposuction,/how-to-sleep-after-liposuction,1,0,3
swelling after liposuction,/what-is-lipo-foam,1,0,3
swelling after liposuction thighs,/how-to-reduce-swelling-after-liposuction,1,0,61
swelling after lymphatic drainage massage,/when-to-start-lymphatic-massage-after-lipo,1,0,1
swelling after tummy tuck and lipo,/how-to-reduce-swelling-after-liposuction,1,0,3
swollen lipo,/how-to-reduce-swelling-after-liposuction,1,0,1
symptoms of fibrosis in lungs,/how-to-get-rid-of-fibrosis-after-lipo,1,0,3
symptoms of liver fibrosis stage 2,/how-to-get-rid-of-fibrosis-after-lipo,1,0,3
síntomas de fibrosis pulmonar,/how-to-get-rid-of-fibrosis-after-lipo,1,0,3
síntomas de la fibrosis pulmonar,/how-to-get-rid-of-fibrosis-after-lipo,1,0,3
síntomas de la fibrosis quística,/how-to-get-rid-of-fibrosis-after-lipo,1,0,3
tabla abdominal post liposucción,/how-to-get-rid-of-fibrosis-after-lipo,1,0,2
tabla abdominal post liposucción,/what-is-lipo-foam,1,0,2
tabla antifibrosis,/how-to-sleep-after-liposuction,1,0,2
tabla para lipo,/how-to-sleep-after-liposuction,1,0,2
tabla para lipoescultura,/how-to-sleep-after-liposuction,1,0,2
tabla postoperatoria para lipo,/how-to-sleep-after-liposuction,1,0,4
tablas para fajas,/how-to-sleep-after-liposuction,1,0,4
tablas para lipoescultura,/how-to-sleep-after-liposuction,1,0,3
tablas post lipo,/what-is-lipo-foam,1,0,2
tecnologia dorian lipo,/how-many-massages-after-lipo-360,1,0,3
testimonios de personas que se curaron de fibrosis pulmonar,/how-to-get-rid-of-fibrosis-after-lipo,1,0,3
textbook secondary liposuction timing 6 months,/how-many-times-can-you-get-liposuction,1,0,2
the difference between lipo and tummy tuck,/how-to-sleep-after-liposuction,1,0,2
thigh and knee liposuction,/how-many-times-can-you-get-liposuction,1,0,4
thigh fat removal,/how-to-sleep-after-liposuction,1,0,3
thigh lipo before after,/how-many-times-can-you-get-liposuction,1,0,3
thigh lipo before after,/how-old-do-you-have-to-be-to-get-liposuction,1,0,3
thigh liposuction,/how-to-sleep-after-liposuction,1,0,3
thigh liposuction before and after,/how-many-times-can-you-get-liposuction,1,0,2
thigh liposuction price,/how-many-times-can-you-get-liposuction,1,0,3
thigh liposuction recovery,/how-many-times-can-you-get-liposuction,1,0,3
thigh liposuction results week by week,/how-many-massages-after-lipo-360,1,0,5
thigh liposuction results week by week,/when-to-start-lymphatic-massage-after-lipo,1,0,5
tight liposuction,/how-many-times-can-you-get-liposuction,1,0,3
too much compression after liposuction,/how-many-times-can-you-get-liposuction,1,0,3
too much compression after liposuction,/how-to-sleep-after-liposuction,1,0,3
top rated lymphatic drainage massage nyc,/when-to-start-lymphatic-massage-after-lipo,1,0,4
top tips for liposuction healing?,/how-to-reduce-swelling-after-liposuction,1,0,9
touch up lipo after tummy tuck,/how-to-fix-uneven-liposuction,1,0,53
tratamiento para fibrosis quistica,/how-to-get-rid-of-fibrosis-after-lipo,1,0,3
treatment for fibrosis liver,/how-to-get-rid-of-fibrosis-after-lipo,1,0,2
trisculpt laser liposuction,/how-old-do-you-have-to-be-to-get-liposuction,1,0,3
trisculpt liposuction,/how-old-do-you-have-to-be-to-get-liposuction,1,0,3
tumescent fluid,/how-to-reduce-swelling-after-liposuction,1,0,3
tumescent liposuction,/how-many-times-can-you-get-liposuction,1,0,8
tumescent liposuction near me,/how-old-do-you-have-to-be-to-get-liposuction,1,0,3
"tumescent liposuction,",/blog/tummy-tuck-vs-bbl-miami,1,0,3
tumescent solution for liposuction,/how-to-reduce-swelling-after-liposuction,1,0,2
tumescente liposuctie,/how-many-times-can-you-get-liposuction,1,0,3
tummy lipo,/how-old-do-you-have-to-be-to-get-liposuction,1,0,3
tummy lipo cost,/how-old-do-you-have-to-be-to-get-liposuction,1,0,3
tummy liposuction,/how-many-times-can-you-get-liposuction,1,0,3
tummy liposuction,/how-old-do-you-have-to-be-to-get-liposuction,1,0,3
tummy liposuction before and after,/how-to-sleep-after-liposuction,1,0,3
tummy liposuction cost,/how-to-sleep-after-liposuction,1,0,3
tummy liposuction cost melbourne,/procedures/liposuction-miami,1,0,3
tummy liposuction price philippines,/how-many-times-can-you-get-liposuction,1,0,3
tummy liposuction recovery,/how-to-sleep-after-liposuction,1,0,3
tummy liposuction recovery time,/how-many-times-can-you-get-liposuction,1,0,3
tummy liposuction recovery time,/how-to-sleep-after-liposuction,1,0,2
tummy liposuction side effects,/how-old-do-you-have-to-be-to-get-liposuction,1,0,3
tummy tuck 360 lipo before and after,/how-many-times-can-you-get-liposuction,1,0,2
tummy tuck and lipo 360,/blog/tummy-tuck-vs-bbl-miami,1,0,1
tummy tuck and lipo 360,/blog/tummy-tuck-vs-liposuction,1,0,1
tummy tuck and liposuction,/how-many-massages-after-lipo-360,1,0,2
tummy tuck lipo bbl,/blog/tummy-tuck-vs-bbl-miami,1,0,18
tummy tuck vs lipo 360,/blog/tummy-tuck-vs-bbl-miami,1,0,3
tummy tuck vs liposuction,/how-many-times-can-you-get-liposuction,1,0,2
tummy tuck vs liposuction cost,/blog/tummy-tuck-vs-liposuction,1,0,24
tummy tuck with 360 lipo,/how-many-times-can-you-get-liposuction,1,0,3
tummy tuck with flank lipo,/what-is-lipo-foam,1,0,2
tumor fibrosis,/how-to-get-rid-of-fibrosis-after-lipo,1,0,3
turkey liposuction,/how-many-times-can-you-get-liposuction,1,0,3
type of fibrosis,/how-to-get-rid-of-fibrosis-after-lipo,1,0,3
types of fat removal procedures,/how-many-times-can-you-get-liposuction,1,0,3
types of fibrosis,/how-to-get-rid-of-fibrosis-after-lipo,1,0,3
types of lipo,/how-many-times-can-you-get-liposuction,1,0,3
types of liposuction,/how-old-do-you-have-to-be-to-get-liposuction,1,0,3
ultrasonic liposuction,/how-many-times-can-you-get-liposuction,1,0,3
ultrasound after liposuction,/how-many-times-can-you-get-liposuction,1,0,2
ultrasound for fibrosis after lipo,/how-to-get-rid-of-fibrosis-after-lipo,1,0,3
ultrasound therapy for fibrosis near me,/how-to-get-rid-of-fibrosis-after-lipo,1,0,2
ultrasound therapy post liposuction fibrosis treatment,/how-to-get-rid-of-fibrosis-after-lipo,1,0,5
una persona con fibrosis pulmonar puede trabajar,/how-to-get-rid-of-fibrosis-after-lipo,1,0,3
under chin fat removal cost,/how-long-does-it-take-to-recover-from-chin-lipo,1,0,2
under chin lipo before and after,/how-long-does-it-take-to-recover-from-chin-lipo,1,0,3
under chin liposuction,/how-many-times-can-you-get-liposuction,1,0,3
underarm lipo,/how-old-do-you-have-to-be-to-get-liposuction,1,0,3
underarm liposuction,/how-many-times-can-you-get-liposuction,1,0,3
underarm liposuction before and after,/what-areas-does-lipo-360-cover,1,0,1
underarm liposuction cost,/how-old-do-you-have-to-be-to-get-liposuction,1,0,3
uneven weight gain after liposuction,/how-many-massages-after-lipo-360,1,0,3
uneven weight gain after liposuction,/when-to-start-lymphatic-massage-after-lipo,1,0,3
upper abdominal liposuction before and after,/how-many-times-can-you-get-liposuction,1,0,3
upper abdominal liposuction before and after,/how-old-do-you-have-to-be-to-get-liposuction,1,0,3
upper arm lipo,/how-many-times-can-you-get-liposuction,1,0,3
upper arm liposuction,/how-many-times-can-you-get-liposuction,1,0,3
upper back and arm lipo,/how-old-do-you-have-to-be-to-get-liposuction,1,0,4
upper back lipo,/how-to-reduce-itching-after-lipo,1,0,3
upper back liposuction,/how-old-do-you-have-to-be-to-get-liposuction,1,0,3
utah lipo,/how-to-sleep-after-liposuction,1,0,3
vaser,/how-many-times-can-you-get-liposuction,1,0,3
vaser,/how-to-sleep-after-liposuction,1,0,3
vaser lipo 360 before and after,/how-to-sleep-after-liposuction,1,0,3
vaser lipo 360 before and after,/what-to-eat-after-liposuction,1,0,3
vaser lipo flanks before and after,/how-to-reduce-swelling-after-liposuction,1,0,3
vaser liposuction,/how-many-massages-after-lipo-360,1,0,2
vaser liposuction,/what-areas-does-lipo-360-cover,1,0,4
vaser liposuction meaning,/how-old-do-you-have-to-be-to-get-liposuction,1,0,2
vaser liposuction post-op rippling,/how-to-fix-uneven-liposuction,1,0,1
vaser liposuction pros and cons,/how-many-times-can-you-get-liposuction,1,0,3
vaser liposuction recovery,/how-many-times-can-you-get-liposuction,1,0,3
vaser liposuction side effects,/how-many-times-can-you-get-liposuction,1,0,3
vaser liposuction side effects,/how-to-sleep-after-liposuction,1,0,3
vaser липосакция отзывы,/how-many-times-can-you-get-liposuction,1,0,2
ventre gonflé après liposuccion,/how-to-reduce-swelling-after-liposuction,1,0,2
verhärtungen nach liposuktion,/how-to-get-rid-of-fibrosis-after-lipo,1,0,3
vibration plate after liposuction,/how-to-reduce-swelling-after-liposuction,1,0,3
vlcc liposuction,/how-many-times-can-you-get-liposuction,1,0,3
vocht vasthouden na liposuctie,/how-to-reduce-swelling-after-liposuction,1,0,2
waist liposuction recovery time,/what-to-eat-after-liposuction,1,0,3
walk 1 mile after laser lipo,/how-long-after-lipo-can-i-workout,1,0,33
walking after liposuction,/how-long-after-lipo-can-i-workout,1,0,30
walking after liposuction swelling reduction,/how-to-reduce-swelling-after-liposuction,1,0,11
wat is lymphatic walking,/how-to-fix-uneven-liposuction,1,0,3
water assisted liposuction near me,/how-old-do-you-have-to-be-to-get-liposuction,1,0,3
water-assisted liposuction wal lipedema outcomes nodules fibrosis,/how-to-get-rid-of-fibrosis-after-lipo,1,0,3
wearing compression garment after liposuction,/how-many-times-can-you-get-liposuction,1,0,3
weight gain after liposuction pictures,/how-to-sleep-after-liposuction,1,0,2
weight gain after liposuction pictures,/what-to-eat-after-liposuction,1,0,2
west hills cavi lipo,/when-to-start-lymphatic-massage-after-lipo,1,0,7
wet jet assisted liposuction,/how-many-massages-after-lipo-360,1,0,3
what about a flank steak,/how-to-feed-the-fat-after-bbl,1,0,2
what about lipo 360,/how-many-massages-after-lipo-360,1,0,3
what about liposuction,/how-to-get-rid-of-fibrosis-after-lipo,1,0,1
what about lymphatic drainage,/when-to-start-lymphatic-massage-after-lipo,1,0,2
what age can i get liposuction,/what-to-eat-after-liposuction,1,0,2
what all does lipo 360 include,/what-areas-does-lipo-360-cover,1,0,11
what are lipo injections,/how-many-times-can-you-get-liposuction,1,0,3
what are side effects of liposuction,/how-many-times-can-you-get-liposuction,1,0,3
what are the benefits of a lymphatic drainage massage,/how-many-massages-after-lipo-360,1,0,3
what are the benefits of a lymphatic massage,/how-many-massages-after-lipo-360,1,0,3
what are the benefits of lymphatic drainage massage,/how-many-massages-after-lipo-360,1,0,3
what are the benefits of lymphatic massage,/how-many-massages-after-bbl,1,0,2
what are the best clinics for laser liposuction procedures?,/procedures/liposuction-miami,1,0,9
what are the cons of liposuction,/how-old-do-you-have-to-be-to-get-liposuction,1,0,3
what are the pros and cons of liposuction,/what-is-lipo-foam,1,0,21
what are the risk of lipo 360,/how-many-times-can-you-get-liposuction,1,0,3
what areas does lipo 360 cover,/how-many-times-can-you-get-liposuction,1,0,3
what bmi for liposuction,/how-many-times-can-you-get-liposuction,1,0,1
what can you eat after liposuction,/how-many-times-can-you-get-liposuction,1,0,3
what can you get a liposuction on,/how-many-times-can-you-get-liposuction,1,0,61
what causes fibrosis of the lungs,/how-to-get-rid-of-fibrosis-after-lipo,1,0,2
what causes lung fibrosis,/how-to-get-rid-of-fibrosis-after-lipo,1,0,3
what do fajas do to your body,/what-is-lipo-foam,1,0,3
what do they do with the fat from liposuction,/how-many-times-can-you-get-liposuction,1,0,3
what does 360 lipo consist of,/how-many-times-can-you-get-liposuction,1,0,2
what does a lipo 360 consist of,/how-many-times-can-you-get-liposuction,1,0,2
what does a lipo 360 include?,/what-areas-does-lipo-360-cover,1,0,34
what does a lymphatic massage do,/how-many-massages-after-lipo-360,1,0,2
what does a lymphatic massage look like,/how-many-massages-after-bbl,1,0,3
what does chin lipo do,/how-long-does-it-take-to-recover-from-chin-lipo,1,0,3
what does lipo 360 consist of,/how-many-times-can-you-get-liposuction,1,0,3
what does lipo 360 consist of,/how-old-do-you-have-to-be-to-get-liposuction,1,0,3
what does lipo 360 consist of,/what-to-eat-after-liposuction,1,0,3
what does lipo 360 cover,/how-old-do-you-have-to-be-to-get-liposuction,1,0,3
what does lipo 360 do,/how-to-reduce-swelling-after-liposuction,1,0,3
what does lipo 360 do,/how-to-sleep-after-liposuction,1,0,3
what does lipo 360 do,/what-areas-does-lipo-360-cover,1,0,100
what does lipo 360 do,/what-to-eat-after-liposuction,1,0,3
what does lipo do to your body,/how-many-times-can-you-get-liposuction,1,0,2
what does liposuction cost,/how-many-times-can-you-get-liposuction,1,0,3
what does liposuction do,/how-to-reduce-swelling-after-liposuction,1,0,2
what does liposuction look like after surgery,/how-old-do-you-have-to-be-to-get-liposuction,1,0,3
what does liposuction surgery look like,/how-many-times-can-you-get-liposuction,1,0,4
what does lymphatic drainage massage do,/when-to-start-lymphatic-massage-after-lipo,1,0,2
what does lymphatic drainage mean,/when-to-start-lymphatic-massage-after-lipo,1,0,1
what does manual lymphatic drainage massage do,/when-to-start-lymphatic-massage-after-lipo,1,0,1
what happens after a lymphatic drainage massage,/when-to-start-lymphatic-massage-after-lipo,1,0,88
what happens after lymphatic drainage,/how-many-massages-after-lipo-360,1,0,2
what happens during liposuction,/how-old-do-you-have-to-be-to-get-liposuction,1,0,3
what happens if you don t get lymphatic massage after liposuction,/how-many-massages-after-lipo-360,1,0,3
what happens if you don t get lymphatic massage after liposuction,/when-to-start-lymphatic-massage-after-lipo,1,0,3
what happens if you don t wear compression garment after lipo,/how-to-reduce-swelling-after-liposuction,1,0,3
what happens if you don't get massages after lipo,/how-to-reduce-swelling-after-liposuction,1,0,2
what happens if you don't get massages after lipo,/when-to-start-lymphatic-massage-after-lipo,1,0,3
what happens if you exercise too soon after liposuction,/how-many-times-can-you-get-liposuction,1,0,2
what happens if you gain weight after liposuction,/how-many-times-can-you-get-liposuction,1,0,2
what happens in a lymphatic drainage massage,/when-to-start-lymphatic-massage-after-lipo,1,0,2
what happens in liposuction,/how-many-times-can-you-get-liposuction,1,0,3
what happens to your body after a lymphatic massage,/how-many-massages-after-lipo-360,1,0,2
what happens when you gain weight after liposuction,/how-many-massages-after-lipo-360,1,0,2
what happens when you gain weight after liposuction,/how-old-do-you-have-to-be-to-get-liposuction,1,0,2
what happens when you get liposuction,/how-many-times-can-you-get-liposuction,1,0,3
what happens with liposuction,/how-many-times-can-you-get-liposuction,1,0,2
what insurance covers liposuction,/how-to-sleep-after-liposuction,1,0,3
what is 360 lipo,/how-to-sleep-after-liposuction,1,0,3
what is a 360 liposuction,/what-areas-does-lipo-360-cover,1,0,20
what is a faja,/what-is-lipo-foam,1,0,3
what is a lipo 360 surgery,/what-areas-does-lipo-360-cover,1,0,3
what is a liposuction,/how-many-times-can-you-get-liposuction,1,0,3
what is a lymphatic drainage massage good for,/how-many-massages-after-lipo-360,1,0,3
what is a lymphatic massage,/how-many-massages-after-lipo-360,1,0,3
what is arm liposuction,/how-many-times-can-you-get-liposuction,1,0,3
what is awake lipo,/what-areas-does-lipo-360-cover,1,0,1
what is bra line lipo,/what-areas-does-lipo-360-cover,1,0,2
what is cystic fibrosis,/how-to-get-rid-of-fibrosis-after-lipo,1,0,3
what is cystic fibrosis and what causes it,/how-to-get-rid-of-fibrosis-after-lipo,1,0,3
what is fat removal surgery called,/how-many-times-can-you-get-liposuction,1,0,2
what is fibrosis after chin lipo,/how-to-get-rid-of-fibrosis-after-lipo,1,0,3
what is fibrosis after lipo,/how-to-fix-uneven-liposuction,1,0,3
what is fibrosis disease,/how-to-get-rid-of-fibrosis-after-lipo,1,0,3
what is fibrosis in lungs,/how-to-get-rid-of-fibrosis-after-lipo,1,0,3
what is fibrosis lung,/how-to-get-rid-of-fibrosis-after-lipo,1,0,2
what is fibrosis of lungs,/how-to-get-rid-of-fibrosis-after-lipo,1,0,3
what is fibrosis of the liver mean,/how-to-get-rid-of-fibrosis-after-lipo,1,0,3
what is fibrosis tissue,/how-to-get-rid-of-fibrosis-after-lipo,1,0,3
what is hd lipo 360,/how-to-sleep-after-liposuction,1,0,2
what is laser lipo,/how-many-times-can-you-get-liposuction,1,0,3
what is lipo,/how-many-times-can-you-get-liposuction,1,0,3
what is lipo,/how-old-do-you-have-to-be-to-get-liposuction,1,0,3
what is lipo -c,/what-is-lipo-foam,1,0,59
what is lipo 360,/how-many-massages-after-lipo-360,1,0,3
what is lipo 360 before and after,/how-many-times-can-you-get-liposuction,1,0,3
what is lipo 360 before and after,/how-to-sleep-after-liposuction,1,0,4
what is lipo 360 before and after,/what-areas-does-lipo-360-cover,1,0,1
what is lipo 360 vs lipo,/how-to-sleep-after-liposuction,1,0,2
what is lipo 360 with bbl,/how-old-do-you-have-to-be-to-get-liposuction,1,0,3
what is lipo 360 with bbl cost,/how-to-feed-the-fat-after-bbl,1,0,2
what is lipo 360?,/how-old-do-you-have-to-be-to-get-liposuction,1,0,3
what is lipo fibrosis,/how-to-get-rid-of-fibrosis-after-lipo,1,0,13
what is lipo foam,/how-to-sleep-after-liposuction,1,0,3
what is lipo massage,/how-many-massages-after-lipo-360,1,0,3
what is lipo recovery like,/how-to-sleep-after-liposuction,1,0,2
what is lipo suction,/how-old-do-you-have-to-be-to-get-liposuction,1,0,3
what is lipo surgery,/how-many-times-can-you-get-liposuction,1,0,2
what is lipo360,/how-many-times-can-you-get-liposuction,1,0,3
what is lipo?,/how-many-times-can-you-get-liposuction,1,0,3
what is lipohypertrophy,/how-to-fix-uneven-liposuction,1,0,2
what is liposculpture,/how-many-times-can-you-get-liposuction,1,0,2
what is liposuction recovery like,/how-old-do-you-have-to-be-to-get-liposuction,1,0,3
what is liposuction recovery like,/how-to-reduce-swelling-after-liposuction,1,0,3
what is liposuction surgery means,/how-old-do-you-have-to-be-to-get-liposuction,1,0,2
what is lymphatic deainage,/when-to-start-lymphatic-massage-after-lipo,1,0,1
what is lymphatic detox massage,/how-many-massages-after-bbl,1,0,2
what is lymphatic draining,/when-to-start-lymphatic-massage-after-lipo,1,0,1
what is microlaser liposuction,/how-old-do-you-have-to-be-to-get-liposuction,1,0,2
what is more painful tummy tuck or liposuction,/how-many-times-can-you-get-liposuction,1,0,3
what is muscle fibrosis,/how-to-get-rid-of-fibrosis-after-lipo,1,0,3
what is post op lymphatic drainage massage,/how-many-massages-after-lipo-360,1,0,3
what is post op lymphatic drainage massage,/when-to-start-lymphatic-massage-after-lipo,1,0,3
what is pulmonary fibrosis and how is it treated,/how-to-get-rid-of-fibrosis-after-lipo,1,0,2
what is pulmonary fibrosis and what causes it,/how-to-get-rid-of-fibrosis-after-lipo,1,0,2
what is radiation fibrosis,/how-to-get-rid-of-fibrosis-after-lipo,1,0,3
what is smart lipo,/how-old-do-you-have-to-be-to-get-liposuction,1,0,3
what is sono bello fat removal,/how-old-do-you-have-to-be-to-get-liposuction,1,0,3
what is submental liposuction,/how-long-does-it-take-to-recover-from-chin-lipo,1,0,3
what is superficial dermal fibrosis,/how-to-get-rid-of-fibrosis-after-lipo,1,0,2
what is the average cost of lipo 360,/how-old-do-you-have-to-be-to-get-liposuction,1,0,3
what is the average cost of liposuction,/how-old-do-you-have-to-be-to-get-liposuction,1,0,3
what is the average price of liposuction,/how-many-times-can-you-get-liposuction,1,0,2
what is the best massage for lymphatic drainage,/how-many-massages-after-bbl,1,0,3
what is the cost of liposuction surgery,/how-to-sleep-after-liposuction,1,0,2
what is the definition of fibrosis,/how-to-get-rid-of-fibrosis-after-lipo,1,0,2
what is the difference between a tummy tuck and liposuction?,/blog/tummy-tuck-vs-bbl-miami,1,0,3
what is the difference between bbl and liposuction,/how-to-feed-the-fat-after-bbl,1,0,2
what is the difference between fibrosis and cirrhosis,/how-to-get-rid-of-fibrosis-after-lipo,1,0,3
what is the difference between lipo 360 and tummy tuck,/blog/tummy-tuck-vs-bbl-miami,1,0,3
what is the difference between lipo and lipo 360,/how-many-times-can-you-get-liposuction,1,0,2
what is the downtime after liposuction,/how-old-do-you-have-to-be-to-get-liposuction,1,0,3
what is the downtime for lipo 360,/how-many-times-can-you-get-liposuction,1,0,3
what is the downtime for lipo 360,/how-to-sleep-after-liposuction,1,0,3
what is the downtime for lipo 360,/what-areas-does-lipo-360-cover,1,0,3
what is the downtime for liposuction,/how-many-times-can-you-get-liposuction,1,0,3
what is the downtime for liposuction,/how-to-sleep-after-liposuction,1,0,2
what is the lipo 360,/how-to-sleep-after-liposuction,1,0,2
what is the meaning of liposuction,/how-many-times-can-you-get-liposuction,1,0,3
what is the meaning of liposuction,/how-old-do-you-have-to-be-to-get-liposuction,1,0,3
what is the procedure of liposuction,/how-many-times-can-you-get-liposuction,1,0,3
what is the recovery time for chin lipo,/how-long-does-it-take-to-recover-from-chin-lipo,1,0,1
what is the recovery time for lipo 360,/how-to-reduce-itching-after-lipo,1,0,1
what is the recovery time for lipo 360,/how-to-sleep-after-liposuction,1,0,3
what is the treatment for fibrosis,/how-to-get-rid-of-fibrosis-after-lipo,1,0,3
what is tickle lipo,/how-old-do-you-have-to-be-to-get-liposuction,1,0,3
what is tumescent liposuction,/how-old-do-you-have-to-be-to-get-liposuction,1,0,3
what is vaser liposuction,/how-many-times-can-you-get-liposuction,1,0,3
what is.lipo 360,/what-areas-does-lipo-360-cover,1,0,3
what is.liposuction,/how-old-do-you-have-to-be-to-get-liposuction,1,0,3
what kind of doctor does liposuction,/how-old-do-you-have-to-be-to-get-liposuction,1,0,3
what lipo 360,/what-areas-does-lipo-360-cover,1,0,3
what liposuction,/how-many-times-can-you-get-liposuction,1,0,3
what most patients get wrong about liposuction recovery,/how-to-fix-uneven-liposuction,1,0,93
what not to do after liposuction,/how-to-reduce-itching-after-lipo,1,0,3
what not to do after liposuction,/how-to-reduce-swelling-after-liposuction,1,0,3
what not to do with pulmonary fibrosis,/how-to-get-rid-of-fibrosis-after-lipo,1,0,3
what to avoid after lymphatic drainage massage,/when-to-start-lymphatic-massage-after-lipo,1,0,92
what to do after a lymphatic drainage massage,/how-many-massages-after-lipo-360,1,0,2
what to do after a lymphatic massage,/when-to-start-lymphatic-massage-after-lipo,1,0,97
what to do after chin lipo,/how-to-reduce-itching-after-lipo,1,0,2
what to do after liposuction,/how-to-sleep-after-liposuction,1,0,3
what to do after liposuction to get best results,/how-many-massages-after-lipo-360,1,0,2
what to do before and after lymphatic drainage massage,/how-many-massages-after-lipo-360,1,0,3
what to eat after lipo 360,/how-to-sleep-after-liposuction,1,0,2
what to eat after liposuction,/how-to-reduce-itching-after-lipo,1,0,3
what to eat after liposuction recovery,/how-many-times-can-you-get-liposuction,1,0,3
what to eat after liposuction recovery,/how-to-sleep-after-liposuction,1,0,3
what to expect 2 weeks after liposuction,/how-to-sleep-after-liposuction,1,0,3
what to expect 4 weeks after liposuction,/what-to-eat-after-liposuction,1,0,3
what to expect after a lymphatic massage,/when-to-start-lymphatic-massage-after-lipo,1,0,87
what to expect after liposuction,/how-many-times-can-you-get-liposuction,1,0,2
what to expect after liposuction,/how-old-do-you-have-to-be-to-get-liposuction,1,0,3
what to expect after liposuction of the abdomen,/how-to-sleep-after-liposuction,1,0,2
what to expect after lymphatic drainage massage,/how-many-massages-after-lipo-360,1,0,3
what to expect lymphatic massage,/how-many-massages-after-bbl,1,0,1
what to use for lymphatic drainage massage,/how-many-massages-after-bbl,1,0,3
what to wear after liposuction,/how-to-sleep-after-liposuction,1,0,2
what to wear under faja,/what-is-lipo-foam,1,0,3
what's a lipo 360,/what-areas-does-lipo-360-cover,1,0,97
what's liposuction,/how-old-do-you-have-to-be-to-get-liposuction,1,0,3
what's the difference between lipo and lipo 360,/what-areas-does-lipo-360-cover,1,0,3
whats lipo,/how-old-do-you-have-to-be-to-get-liposuction,1,0,3
whats lipo360,/what-areas-does-lipo-360-cover,1,0,1
whats the difference between a tummy tuck and liposuction,/blog/tummy-tuck-vs-liposuction,1,0,2
whats the difference between lipo and tummy tuck,/blog/tummy-tuck-vs-bbl-miami,1,0,3
whats the recovery time for liposuction,/how-old-do-you-have-to-be-to-get-liposuction,1,0,3
what’s fibrosis,/how-to-get-rid-of-fibrosis-after-lipo,1,0,1
when can i drive after liposuction,/how-many-times-can-you-get-liposuction,1,0,3
when can i drive after liposuction,/how-to-reduce-itching-after-lipo,1,0,3
when can i exercise after liposuction?,/how-long-after-lipo-can-i-workout,1,0,8
when can i shower after liposuction,/how-to-reduce-swelling-after-liposuction,1,0,3
when can i sleep on my side after liposuction,/how-many-times-can-you-get-liposuction,1,0,3
when can i sleep on my side after liposuction,/how-old-do-you-have-to-be-to-get-liposuction,1,0,3
when can i sleep on my stomach after liposuction,/how-to-reduce-itching-after-lipo,1,0,3
when can i sleep without my faja after bbl,/how-to-feed-the-fat-after-bbl,1,0,3
when can i start cavitation after lipo,/how-to-get-rid-of-fibrosis-after-lipo,1,0,2
when can i start doing abs after lipo,/what-is-lipo-foam,1,0,3
when can i start lymphatic massage after liposuction,/how-to-reduce-swelling-after-liposuction,1,0,3
when can you get liposuction,/how-many-times-can-you-get-liposuction,1,0,12
when can you resume exercise after liposuction weeks,/blog/liposuction-recovery-time-miami,1,0,12
when can you shower after liposuction,/how-old-do-you-have-to-be-to-get-liposuction,1,0,3
when do you wear stage 2 faja,/how-to-feed-the-fat-after-bbl,1,0,3
when does lipo pain go away,/how-to-sleep-after-liposuction,1,0,2
when does lipo swelling go down,/how-many-massages-after-lipo-360,1,0,2
when does lipo swelling go down,/how-to-reduce-itching-after-lipo,1,0,3
when does lipo swelling go down,/when-to-start-lymphatic-massage-after-lipo,1,0,2
when does liposuction swelling go down,/how-to-reduce-itching-after-lipo,1,0,3
when does swelling go down after lipo 360,/how-to-sleep-after-liposuction,1,0,3
when is swelling the worst after lipo,/how-to-reduce-itching-after-lipo,1,0,3
when is the best time to do lymphatic drainage,/when-to-start-lymphatic-massage-after-lipo,1,0,1
when is the best time to do lymphatic drainage exercises,/when-to-start-lymphatic-massage-after-lipo,1,0,3
when should i get a lymphatic drainage massage,/when-to-start-lymphatic-massage-after-lipo,1,0,1
when to do lymphatic drainage morning or night,/how-many-massages-after-bbl,1,0,3
when to get a lymphatic drainage massage,/when-to-start-lymphatic-massage-after-lipo,1,0,2
when to get a lymphatic massage,/when-to-start-lymphatic-massage-after-lipo,1,0,67
when to get liposuction,/how-many-times-can-you-get-liposuction,1,0,72
when to get lymphatic drainage massage before event,/when-to-start-lymphatic-massage-after-lipo,1,0,4
when to start wearing ab board after lipo,/how-to-fix-uneven-liposuction,1,0,2
when to switch to stage 2 faja after bbl,/what-is-lipo-foam,1,0,3
when to wear stage 2 faja after tummy tuck,/what-is-lipo-foam,1,0,3
when you get lipo does it come back,/how-many-times-can-you-get-liposuction,1,0,3
when you get lipo does it come back,/how-old-do-you-have-to-be-to-get-liposuction,1,0,3
when you get lipo does it come back,/how-to-sleep-after-liposuction,1,0,3
when you get lipo does it come back,/what-to-eat-after-liposuction,1,0,3
when you get lipo does the fat come back,/how-old-do-you-have-to-be-to-get-liposuction,1,0,3
when you have liposuction does the fat come back,/how-many-times-can-you-get-liposuction,1,0,2
when you have liposuction where does the fat go,/how-to-sleep-after-liposuction,1,0,2
where can i find affordable liposuction or tummy tuck options without sacrificing quality?,/blog/affordable-plastic-surgery-miami,1,0,11
where can i get a lymphatic drainage massage,/how-many-massages-after-bbl,1,0,3
where can i get a lymphatic massage,/how-many-massages-after-bbl,1,0,3
where can i get liposuction near me,/how-old-do-you-have-to-be-to-get-liposuction,1,0,3
where does fat go after liposuction,/how-many-times-can-you-get-liposuction,1,0,3
where is liposuction done,/how-to-sleep-after-liposuction,1,0,3
where is lymphatic drainage,/how-many-massages-after-bbl,1,0,2
where to buy faja near me,/what-is-lipo-foam,1,0,2
where to do lymphatic drainage massage,/how-many-massages-after-bbl,1,0,3
where to get liposuction near me,/how-many-times-can-you-get-liposuction,1,0,3
where to massage for lymphatic drainage,/how-many-massages-after-bbl,1,0,3
where to massage lymphatic drainage,/how-many-massages-after-bbl,1,0,2
where to massage lymphatic drainage,/how-many-massages-after-lipo-360,1,0,3
where to rub for lymphatic drainage,/how-many-massages-after-bbl,1,0,1
where to schedule lymphatic massage after liposuction near me and what should i know beforehand?,/how-many-massages-after-lipo-360,1,0,8
which areas commonly need liposuction after weight loss from glp-1 medications?,/blog/liposuction-recovery-ozempic-miami,1,0,9
which factors determine if someone on a glp-1 medication qualifies for liposuction?,/blog/liposuction-recovery-ozempic-miami,1,0,5
which fat removal clinic has best financing?,/blog/affordable-plastic-surgery-miami,1,0,1
which is better coolsculpting or liposuction,/how-many-times-can-you-get-liposuction,1,0,3
which is better lipo 360 or tummy tuck,/how-many-times-can-you-get-liposuction,1,0,3
which is better liposuction or tummy tuck,/how-many-times-can-you-get-liposuction,1,0,3
which is better tummy tuck or lipo,/blog/tummy-tuck-vs-liposuction,1,0,96
which liposuction is the safest,/how-many-times-can-you-get-liposuction,1,0,3
which post-liposuction lymphatic massage services are commonly offered at cosmetic clinics?,/how-many-massages-after-lipo-360,1,0,1
which post-liposuction lymphatic massage services are commonly offered at cosmetic clinics?,/when-to-start-lymphatic-massage-after-lipo,1,0,5
which post-operative care options are commonly offered to reduce chin liposuction swelling?,/how-to-reduce-swelling-after-liposuction,1,0,1
who can get liposuction,/how-to-sleep-after-liposuction,1,0,3
who does lymphatic drainage massage,/when-to-start-lymphatic-massage-after-lipo,1,0,1
who has same-week or next-week availability for liposuction near me?,/how-many-times-can-you-get-liposuction,1,0,2
who is a candidate for liposuction,/how-many-times-can-you-get-liposuction,1,0,3
who offers knee liposuction aftercare resources or programs to help minimize swelling and support a smooth return to daily activities?,/how-to-reduce-swelling-after-liposuction,1,0,16
who should wait until stopping glp-1 drugs before pursuing liposuction?,/blog/liposuction-candidate-miami,1,0,6
who should wait until stopping glp-1 drugs before pursuing liposuction?,/blog/liposuction-recovery-ozempic-miami,1,0,9
whole body lymphatic drainage massage,/how-many-massages-after-bbl,1,0,3
why does lipo hurt so much,/how-many-times-can-you-get-liposuction,1,0,3
why does liposuction hurt so bad,/how-old-do-you-have-to-be-to-get-liposuction,1,0,2
why does liposuction hurt so bad,/what-to-eat-after-liposuction,1,0,3
why does liposuction hurt so much,/what-to-eat-after-liposuction,1,0,3
why does liposuction not work,/how-to-fix-uneven-liposuction,1,0,90
why is liposuction dangerous,/how-many-times-can-you-get-liposuction,1,0,2
why is liposuction so painful,/how-many-times-can-you-get-liposuction,1,0,3
why is my stomach hard after lipo,/how-to-sleep-after-liposuction,1,0,3
wie lange dellen nach liposuktion,/how-many-times-can-you-get-liposuction,1,0,2
wie lange dellen nach liposuktion,/how-to-fix-uneven-liposuction,1,0,1
wie lange kompression nach liposuktion lipödem,/how-to-get-rid-of-fibrosis-after-lipo,1,0,3
wie lange kompression nachts nach liposuktion,/how-to-sleep-after-liposuction,1,0,2
wie oft lymphdrainage nach liposuktion,/how-many-massages-after-lipo-360,1,0,2
will fat come back after liposuction,/how-old-do-you-have-to-be-to-get-liposuction,1,0,3
will liposuction remove belly fat,/how-many-times-can-you-get-liposuction,1,0,3
will lumps after liposuction go away,/how-many-massages-after-lipo-360,1,0,3
working out after liposuction,/what-is-lipo-foam,1,0,3
wrinkled skin after liposuction,/how-to-fix-uneven-liposuction,1,0,3
wrinkled skin after liposuction,/how-to-get-rid-of-fibrosis-after-lipo,1,0,3
yes liposuction,/how-to-reduce-swelling-after-liposuction,1,0,1
yianna faja,/what-is-lipo-foam,1,0,6
youtube lymphatic drainage massage,/how-many-massages-after-bbl,1,0,8
zone dure après liposuccion,/how-to-get-rid-of-fibrosis-after-lipo,1,0,2
zrosty po liposukcji,/how-to-get-rid-of-fibrosis-after-lipo,1,0,2
zwłóknienia po liposukcji,/how-to-get-rid-of-fibrosis-after-lipo,1,0,3
œdème après liposuccion,/how-to-reduce-swelling-after-liposuction,1,0,2
