window,query,page,clicks,impressions,position
90d,blepharoplasty miami,/procedures/blepharoplasty-miami,0,1355,59.2
90d,liposuction miami,/procedures/liposuction-miami,0,1269,65.2
90d,eyelid surgery miami,/procedures/blepharoplasty-miami,0,1233,56.8
90d,brazilian butt lift miami,/procedures/brazilian-butt-lift-bbl-miami,0,1104,32.7
90d,tummy tuck miami,/procedures/tummy-tuck-miami,0,1056,79.2
90d,mommy makeover miami,/procedures/mommy-makeover-miami,0,1025,72.3
90d,facelift miami,/procedures/facelift-miami,0,973,69.6
90d,breast augmentation miami,/procedures/breast-augmentation-miami,0,884,62.6
90d,breast lift miami,/procedures/breast-lift-miami,0,839,61.8
90d,breast reduction miami,/procedures/breast-reduction-miami,0,772,63.0
90d,bbl miami,/procedures/brazilian-butt-lift-bbl-miami,0,619,48.4
90d,mini facelift miami,/procedures/facelift-miami,0,545,63.5
90d,abdominoplasty miami,/procedures/tummy-tuck-miami,0,537,68.3
90d,deep plane facelift miami,/procedures/facelift-miami,0,479,86.9
90d,best facelift miami,/procedures/facelift-miami,0,290,41.0
90d,breast implants miami,/procedures/breast-augmentation-miami,0,289,66.1
90d,facelift surgeon miami,/procedures/facelift-miami,0,280,65.0
90d,revision facelift miami,/procedures/facelift-miami,0,279,82.6
90d,mastopexy miami,/procedures/breast-lift-miami,0,269,51.5
90d,upper blepharoplasty miami,/procedures/blepharoplasty-miami,0,235,62.4
90d,miami facelift,/procedures/facelift-miami,0,227,70.4
90d,natural looking facelift miami,/procedures/facelift-miami,0,210,42.1
90d,lutz mommy makeover,/procedures/mommy-makeover-miami,0,185,70.2
90d,lutz tummy tuck,/procedures/tummy-tuck-miami,0,184,68.0
90d,facelift cost miami,/procedures/facelift-miami,0,174,44.1
90d,lutz facelift,/procedures/facelift-miami,0,174,76.1
90d,alluring plastic surgery,/procedures/tummy-tuck-miami,0,171,7.3
90d,bbl in miami,/procedures/brazilian-butt-lift-bbl-miami,0,170,44.3
90d,hourglass tummy tuck miami,/procedures/tummy-tuck-miami,0,170,39.3
90d,how much is a bbl in miami,/procedures/brazilian-butt-lift-bbl-miami,2,162,9.2
90d,lipo miami,/procedures/liposuction-miami,0,154,67.3
90d,miami mommy makeover,/procedures/mommy-makeover-miami,0,151,73.8
90d,facelift surgery miami,/procedures/facelift-miami,0,148,65.8
90d,mommy makeover boca raton,/procedures/mommy-makeover-miami,0,145,87.6
90d,bbl surgery miami,/procedures/brazilian-butt-lift-bbl-miami,0,137,28.8
90d,bbl cost in miami,/procedures/brazilian-butt-lift-bbl-miami,0,132,18.1
90d,liposuction south miami,/procedures/liposuction-miami,0,131,65.3
90d,lutz liposuction,/procedures/liposuction-miami,0,128,78.7
90d,bbl surgery in miami,/procedures/brazilian-butt-lift-bbl-miami,0,127,32.8
90d,best facelift surgeon miami,/procedures/facelift-miami,0,124,40.5
90d,mommy makeover palm beach,/procedures/mommy-makeover-miami,0,122,85.4
90d,miami bbl,/procedures/brazilian-butt-lift-bbl-miami,0,121,36.4
90d,breast reduction surgery miami,/procedures/breast-reduction-miami,0,116,62.1
90d,facelift south miami,/procedures/facelift-miami,0,115,57.2
90d,liposucción miami,/procedures/liposuction-miami,0,113,73.2
90d,bbl cost miami,/procedures/brazilian-butt-lift-bbl-miami,0,112,12.9
90d,mini tummy tuck miami,/procedures/tummy-tuck-miami,0,111,66.8
90d,facial liposuction miami,/procedures/liposuction-miami,0,109,68.2
90d,upper eyelid lift miami,/procedures/blepharoplasty-miami,0,109,63.5
90d,liquid facelift miami,/procedures/facelift-miami,0,108,73.0
90d,mommy makeover in miami,/procedures/mommy-makeover-miami,0,101,65.7
90d,liposuction in miami,/procedures/liposuction-miami,0,100,67.7
90d,lutz breast lift,/procedures/breast-lift-miami,0,100,90.2
90d,best facelift in miami,/procedures/facelift-miami,0,99,43.5
90d,facelift in miami,/procedures/facelift-miami,0,96,67.9
90d,how much is a facelift in miami,/procedures/facelift-miami,0,96,54.1
90d,blepharoplasty miami beach,/procedures/blepharoplasty-miami,0,95,61.0
90d,face lift miami,/procedures/facelift-miami,0,95,73.1
90d,tummy tuck in miami,/procedures/tummy-tuck-miami,0,95,78.0
90d,facelift near me,/procedures/facelift-miami,0,94,30.8
90d,mommy makeover surgery miami,/procedures/mommy-makeover-miami,0,94,76.3
90d,mommy makeover fleming island fl,/procedures/mommy-makeover-miami,0,92,61.2
90d,alluring plastic surgery,/procedures/mommy-makeover-miami,0,91,5.5
90d,upper blepharoplasty miami beach,/procedures/blepharoplasty-miami,0,91,59.7
90d,facelift miami cost,/procedures/facelift-miami,0,90,50.4
90d,mini facelift cost miami,/procedures/facelift-miami,0,90,48.4
90d,liposuction miami cost,/procedures/liposuction-miami,0,89,44.5
90d,lower face lift miami beach,/procedures/facelift-miami,0,89,76.9
90d,miami liposuction,/procedures/liposuction-miami,0,89,68.6
90d,miami mini facelift,/procedures/facelift-miami,0,89,56.0
90d,facelift miami beach,/procedures/facelift-miami,0,88,69.6
90d,facelift surgery in miami,/procedures/facelift-miami,0,88,67.1
90d,mini face lift miami,/procedures/facelift-miami,0,88,74.2
90d,best facelift miami beach,/procedures/facelift-miami,0,87,62.3
90d,facial plastic surgery in miami,/procedures/facelift-miami,0,85,84.8
90d,lower blepharoplasty miami,/procedures/blepharoplasty-miami,0,85,64.8
90d,mini facelift miami beach,/procedures/facelift-miami,0,85,72.1
90d,ultrasound assisted liposuction miami,/procedures/liposuction-miami,0,84,61.1
90d,brazilian butt lift in miami,/procedures/brazilian-butt-lift-bbl-miami,0,83,50.4
90d,lower facelift miami,/procedures/facelift-miami,0,82,66.2
90d,deep plane facelift cost miami,/procedures/facelift-miami,0,81,66.0
90d,how much does a facelift cost in miami,/procedures/facelift-miami,0,81,66.6
90d,skin lifting treatment miami,/procedures/facelift-miami,0,81,73.4
90d,tummy tuck miami beach,/procedures/tummy-tuck-miami,0,81,64.1
90d,upper eyelid surgery miami,/procedures/blepharoplasty-miami,0,81,59.8
90d,facelift pricing south florida,/procedures/facelift-miami,0,80,49.6
90d,mommy makeover coral gables,/procedures/mommy-makeover-miami,0,80,74.2
90d,ponytail lift miami,/procedures/facelift-miami,0,80,67.0
90d,best mommy makeover surgeon miami,/procedures/mommy-makeover-miami,0,79,62.7
90d,wrinkle reduction miami,/procedures/facelift-miami,0,79,59.2
90d,miami breast augmentation,/procedures/breast-augmentation-miami,0,78,68.2
90d,cost of facelift in miami,/procedures/facelift-miami,0,77,59.4
90d,how much does a bbl cost in miami,/procedures/brazilian-butt-lift-bbl-miami,1,75,14.4
90d,brazilian butt lift miami fl,/procedures/brazilian-butt-lift-bbl-miami,0,75,41.1
90d,miami blepharoplasty,/procedures/blepharoplasty-miami,0,75,25.9
90d,mid facelift miami,/procedures/facelift-miami,0,75,69.6
90d,mommy makeover cost miami,/procedures/mommy-makeover-miami,0,75,41.6
90d,liposculpture miami,/procedures/liposuction-miami,0,74,67.4
90d,mini facelift coral gables,/procedures/facelift-miami,0,71,75.6
90d,best facelift doctor in miami,/procedures/facelift-miami,0,70,44.4
90d,miami brazilian butt lift,/procedures/brazilian-butt-lift-bbl-miami,0,69,44.1
90d,tummy tuck miami florida,/procedures/tummy-tuck-miami,0,69,73.3
90d,best facelift surgeon in miami,/procedures/facelift-miami,0,66,52.5
90d,lipo cost miami,/procedures/liposuction-miami,0,66,44.8
90d,best liposuction in miami,/procedures/liposuction-miami,0,65,36.6
90d,miami breast lift,/procedures/breast-lift-miami,0,65,65.4
90d,mommy makeover miami price,/procedures/mommy-makeover-miami,0,65,66.2
90d,high definition liposuction miami,/procedures/liposuction-miami,0,64,71.0
90d,miami tummy tuck,/procedures/tummy-tuck-miami,0,63,79.8
90d,liposuction near me,/procedures/liposuction-miami,0,62,25.9
90d,lutz breast implants,/procedures/breast-augmentation-miami,0,62,78.2
90d,lutz breast reduction,/procedures/breast-reduction-miami,0,62,87.2
90d,facelift revision miami,/procedures/facelift-miami,0,60,68.5
90d,miami plastic surgery bbl,/procedures/brazilian-butt-lift-bbl-miami,0,60,19.3
90d,under eye bag surgery miami,/procedures/blepharoplasty-miami,0,60,53.2
90d,liposuction miami fl,/procedures/liposuction-miami,0,59,66.1
90d,cost of mommy makeover miami,/procedures/mommy-makeover-miami,0,54,71.6
90d,lifting facial miami,/procedures/facelift-miami,0,54,72.0
90d,mini lifting facial miami,/procedures/facelift-miami,0,54,71.3
90d,mommy makeover hollywood fl,/procedures/mommy-makeover-miami,0,54,84.0
90d,best facelift surgeon in miami fl,/procedures/facelift-miami,0,53,51.0
90d,jowl surgery miami,/procedures/facelift-miami,0,53,54.5
90d,mid facelift miami beach,/procedures/facelift-miami,0,53,68.0
90d,revision facelift miami beach,/procedures/facelift-miami,0,53,80.0
90d,deep plane facelift miami beach,/procedures/facelift-miami,0,52,84.4
90d,lower facelift coral gables,/procedures/facelift-miami,0,52,75.3
90d,miami eyelid surgery,/procedures/blepharoplasty-miami,0,52,34.6
90d,bleph miami,/procedures/blepharoplasty-miami,0,51,61.6
90d,breast reduction insurance miami,/procedures/breast-reduction-miami,0,51,70.5
90d,mommy makeover en miami,/procedures/mommy-makeover-miami,0,51,46.0
90d,secondary facelift miami,/procedures/facelift-miami,0,51,73.5
90d,boob job miami,/procedures/breast-augmentation-miami,0,48,50.7
90d,breast augmentation cost miami,/procedures/breast-augmentation-miami,0,47,45.9
90d,liposuction cost miami,/procedures/liposuction-miami,0,47,46.6
90d,facelift miramar,/procedures/facelift-miami,0,46,43.8
90d,miami bbl surgery,/procedures/brazilian-butt-lift-bbl-miami,0,46,22.8
90d,mini face lift cost miami,/procedures/facelift-miami,0,45,46.0
90d,under eye surgery miami,/procedures/blepharoplasty-miami,0,45,55.4
90d,eyelid surgery miami beach,/procedures/blepharoplasty-miami,0,44,63.8
90d,mammoplasty miami,/procedures/breast-reduction-miami,0,44,48.6
90d,mommy makeover miami florida,/procedures/mommy-makeover-miami,0,43,70.5
90d,tummy tuck cost miami,/procedures/tummy-tuck-miami,0,42,88.8
90d,breast implants surgery miami,/procedures/breast-augmentation-miami,0,41,66.8
90d,liposculpting coral gables,/procedures/liposuction-miami,0,41,74.6
90d,miami bbl cost,/procedures/brazilian-butt-lift-bbl-miami,0,41,11.0
90d,best breast reduction miami,/procedures/breast-reduction-miami,0,40,40.1
90d,droopy eyelids surgery miami,/procedures/blepharoplasty-miami,0,40,57.5
90d,all inclusive mommy makeover packages,/procedures/mommy-makeover-miami,0,39,84.2
90d,tummy tuck south miami,/procedures/tummy-tuck-miami,0,39,62.5
90d,blepharoplasty surgeon miami,/procedures/blepharoplasty-miami,0,38,64.3
90d,breast augmentation in miami,/procedures/breast-augmentation-miami,0,38,63.7
90d,miami facelift surgery cost,/procedures/facelift-miami,0,38,45.5
90d,bbl miami fl,/procedures/brazilian-butt-lift-bbl-miami,0,37,37.0
90d,lower blepharoplasty miami beach,/procedures/blepharoplasty-miami,0,37,66.9
90d,bbl price miami,/procedures/brazilian-butt-lift-bbl-miami,0,36,12.1
90d,best breast lift miami,/procedures/breast-lift-miami,0,36,38.3
90d,lutz breast implants,/procedures/breast-lift-miami,0,36,84.4
90d,mommy makeover aventura,/procedures/mommy-makeover-miami,0,36,52.4
90d,brest lift miami,/procedures/breast-lift-miami,0,35,60.8
90d,liposuccion miami,/procedures/liposuction-miami,0,35,65.8
90d,nonsurgical facelift miami,/procedures/facelift-miami,0,35,83.1
90d,rhytidectomy miami,/procedures/facelift-miami,0,35,15.2
90d,alluring plastic surgery,/procedures/breast-augmentation-miami,0,34,2.0
90d,"best tummy tuck surgeon in miami, florida",/procedures/tummy-tuck-miami,0,34,50.7
90d,face liposuction miami,/procedures/liposuction-miami,0,34,76.1
90d,bbl florida,/procedures/brazilian-butt-lift-bbl-miami,0,33,65.3
90d,eyelid surgery south miami,/procedures/blepharoplasty-miami,0,33,67.8
90d,lower eyelid lift miami,/procedures/blepharoplasty-miami,0,33,67.4
90d,mommy makeover florida,/procedures/mommy-makeover-miami,0,33,92.2
90d,upper blepharoplasty coral gables,/procedures/blepharoplasty-miami,0,32,66.2
90d,abdominoplastia miami,/procedures/tummy-tuck-miami,0,31,74.5
90d,how much is lipo 360 in miami,/procedures/liposuction-miami,0,31,57.1
90d,lutz breast augmentation,/procedures/breast-augmentation-miami,0,31,92.7
90d,mommy makeover atlantic beach fl,/procedures/mommy-makeover-miami,0,31,85.7
90d,ultrasound guided mommy makeover miami,/procedures/mommy-makeover-miami,0,31,42.6
90d,bbl revision cost in miami,/procedures/brazilian-butt-lift-bbl-miami,0,30,30.7
90d,brazilian butt lift cost in miami,/procedures/brazilian-butt-lift-bbl-miami,0,30,27.9
90d,eye lift miami,/procedures/blepharoplasty-miami,0,30,63.3
90d,facelift coral gables,/procedures/facelift-miami,0,30,81.8
90d,lipo florida,/procedures/liposuction-miami,0,30,91.7
90d,mommy makeover miramar,/procedures/mommy-makeover-miami,0,30,81.7
90d,mommy makeover south florida,/procedures/mommy-makeover-miami,0,30,67.3
90d,temple lift miami,/procedures/facelift-miami,0,30,72.7
90d,abdominoplasty south miami,/procedures/tummy-tuck-miami,0,29,60.9
90d,bbl procedure process miami,/procedures/brazilian-butt-lift-bbl-miami,0,29,22.4
90d,best breast reduction miami beach,/procedures/breast-reduction-miami,0,29,55.6
90d,brazilian butt lift cost miami,/procedures/brazilian-butt-lift-bbl-miami,0,29,26.6
90d,facelift surgery near me,/procedures/facelift-miami,0,29,32.9
90d,skinny bbl miami,/procedures/brazilian-butt-lift-bbl-miami,0,29,24.8
90d,tummy tuck surgery,/procedures/tummy-tuck-miami,0,29,63.9
90d,best breast lift miami beach,/procedures/breast-lift-miami,0,28,57.0
90d,eye lift miami beach,/procedures/blepharoplasty-miami,0,28,69.1
90d,facelift by age miami,/procedures/facelift-miami,0,28,67.9
90d,liposuction surgery in miami,/procedures/liposuction-miami,0,28,52.5
90d,bbl sagging miami,/procedures/brazilian-butt-lift-bbl-miami,0,27,64.9
90d,best eyelid surgeon miami,/procedures/blepharoplasty-miami,0,27,44.6
90d,blefaroplastia miami,/procedures/blepharoplasty-miami,0,27,67.3
90d,breast reduction aventura,/procedures/breast-reduction-miami,0,27,62.7
90d,deep plane facelift coral gables,/procedures/facelift-miami,0,27,89.4
90d,breast reduction south florida,/procedures/breast-reduction-miami,0,26,73.3
90d,lower eyelid surgery miami,/procedures/blepharoplasty-miami,0,26,56.5
90d,mommy makeover vero beach,/procedures/mommy-makeover-miami,0,26,59.0
90d,skinny bbl cost miami,/procedures/brazilian-butt-lift-bbl-miami,0,26,10.2
90d,ultrasound guided lipo miami,/procedures/liposuction-miami,0,26,67.3
90d,brazilian butt lift miami beach fl,/procedures/brazilian-butt-lift-bbl-miami,0,25,18.5
90d,breast augmentation aventura,/procedures/breast-augmentation-miami,0,25,56.8
90d,brazilian butt lift miami beach,/procedures/brazilian-butt-lift-bbl-miami,0,24,18.2
90d,breast enhancement miami,/procedures/breast-augmentation-miami,0,24,60.8
90d,cost of breast augmentation miami,/procedures/breast-augmentation-miami,0,24,61.0
90d,eyelid lift miami,/procedures/blepharoplasty-miami,0,24,68.9
90d,safe brazilian butt lift miami,/procedures/brazilian-butt-lift-bbl-miami,0,24,24.6
90d,safe mommy makeover miami,/procedures/mommy-makeover-miami,0,24,51.5
90d,top-rated brazilian butt lift surgeons in miami,/procedures/brazilian-butt-lift-bbl-miami,0,24,44.0
90d,abdominoplasty miami fl,/procedures/tummy-tuck-miami,0,23,72.2
90d,bbl surgeons in miami,/procedures/brazilian-butt-lift-bbl-miami,0,23,45.7
90d,facial rejuvenation miami beach,/procedures/facelift-miami,0,23,67.1
90d,liposuction florida,/procedures/liposuction-miami,0,23,94.8
90d,liposuction miami florida,/procedures/liposuction-miami,0,23,62.9
90d,liposuction miami price,/procedures/liposuction-miami,0,23,51.9
90d,mommy makeover south miami,/procedures/mommy-makeover-miami,0,23,50.2
90d,mommy makeover cost in miami,/procedures/mommy-makeover-miami,1,22,40.9
90d,blepharoplasty south miami,/procedures/blepharoplasty-miami,0,22,55.2
90d,brazilian butt lift south miami,/procedures/brazilian-butt-lift-bbl-miami,0,22,24.7
90d,forehead reduction surgery miami,/procedures/facelift-miami,0,22,74.8
90d,lipo 360 cost in miami,/procedures/liposuction-miami,0,22,48.9
90d,lipo 360 cost miami,/procedures/liposuction-miami,0,22,53.2
90d,mini facelift south miami,/procedures/facelift-miami,0,22,52.6
90d,plastic surgery face lift,/procedures/facelift-miami,0,22,82.2
90d,best facial plastic surgery miami,/procedures/facelift-miami,0,21,63.4
90d,brazilian buttock lift miami,/procedures/brazilian-butt-lift-bbl-miami,0,21,20.1
90d,liposuction cost near me,/procedures/liposuction-miami,0,21,21.9
90d,who are the best blepharoplasty (eyelid surgery) surgeons in miami?,/procedures/blepharoplasty-miami,0,21,64.0
90d,brazilian lift miami,/procedures/brazilian-butt-lift-bbl-miami,0,20,19.9
90d,breast augmentation miami fl,/procedures/breast-augmentation-miami,0,20,63.6
90d,cheap liposuction miami,/procedures/liposuction-miami,0,20,35.9
90d,deep plane facelift south miami,/procedures/facelift-miami,0,20,82.7
90d,double eyelid surgery miami,/procedures/blepharoplasty-miami,0,20,61.5
90d,forehead rejuvenation miami,/procedures/facelift-miami,0,20,66.2
90d,hd lipo miami,/procedures/liposuction-miami,0,20,79.8
90d,laser liposuction miami,/procedures/liposuction-miami,0,20,84.3
90d,"liposuction miami,florida",/procedures/liposuction-miami,0,20,68.5
90d,miami boob job,/procedures/breast-augmentation-miami,0,20,57.3
90d,natural bbl miami,/procedures/brazilian-butt-lift-bbl-miami,0,20,13.0
90d,site:www.alluringplasticsurgery.com,/procedures/breast-lift-miami,0,20,74.4
90d,site:www.alluringplasticsurgery.com,/procedures/breast-reduction-miami,0,20,67.5
90d,top plastic surgeons in miami specializing in comprehensive mommy makeover packages,/procedures/mommy-makeover-miami,0,20,23.6
90d,tummy tuck miami fl,/procedures/tummy-tuck-miami,0,20,76.5
90d,what is the cost of a bbl in miami?,/procedures/brazilian-butt-lift-bbl-miami,0,20,15.1
90d,brazilian butt lift in miami florida,/procedures/brazilian-butt-lift-bbl-miami,0,19,34.6
90d,mini lift miami,/procedures/facelift-miami,0,19,68.4
90d,mommy makeover miami procedure,/procedures/mommy-makeover-miami,0,19,38.6
90d,mommy makeover weston fl,/procedures/mommy-makeover-miami,0,19,65.4
90d,non surgical facelift miami,/procedures/facelift-miami,0,19,78.2
90d,site:www.alluringplasticsurgery.com,/procedures/breast-augmentation-miami,0,19,79.6
90d,site:www.alluringplasticsurgery.com,/procedures/facelift-miami,0,19,50.7
90d,site:www.alluringplasticsurgery.com,/procedures/mommy-makeover-miami,0,19,66.3
90d,tummy tuck,/procedures/tummy-tuck-miami,0,19,52.3
90d,tummy tuck in florida,/procedures/tummy-tuck-miami,0,19,95.9
90d,best liposuction miami,/procedures/liposuction-miami,0,18,41.1
90d,fox eye lift miami,/procedures/facelift-miami,0,18,66.8
90d,how much is bbl in miami,/procedures/brazilian-butt-lift-bbl-miami,0,18,13.8
90d,is it safe to get a bbl in miami?,/procedures/brazilian-butt-lift-bbl-miami,0,18,71.1
90d,site:www.alluringplasticsurgery.com,/procedures/blepharoplasty-miami,0,18,62.7
90d,site:www.alluringplasticsurgery.com,/procedures/liposuction-miami,0,18,56.1
90d,site:www.alluringplasticsurgery.com,/procedures/tummy-tuck-miami,0,18,77.4
90d,bbl miami cost,/procedures/brazilian-butt-lift-bbl-miami,0,17,14.9
90d,bbl south miami,/procedures/brazilian-butt-lift-bbl-miami,0,17,27.7
90d,best bbl surgeon in miami,/procedures/brazilian-butt-lift-bbl-miami,0,17,31.9
90d,best board-certified surgeons in miami for combined mommy makeover procedures in one surgery?,/procedures/mommy-makeover-miami,0,17,32.8
90d,breast augmentation miami cost,/procedures/breast-augmentation-miami,0,17,45.9
90d,breast lift miami,/procedures/breast-augmentation-miami,0,17,72.3
90d,extended tummy tuck miami,/procedures/tummy-tuck-miami,0,17,62.1
90d,florida tummy tuck,/procedures/tummy-tuck-miami,0,17,89.2
90d,hourglass tummy tuck in miami,/procedures/tummy-tuck-miami,0,17,40.4
90d,liposucción en miami,/procedures/liposuction-miami,0,17,74.6
90d,mini-facelift coral gables,/procedures/facelift-miami,0,17,78.3
90d,"mommy makeover miami,florida",/procedures/mommy-makeover-miami,0,17,73.1
90d,which miami clinics offer all-inclusive mommy makeover packages for out-of-town patients?,/procedures/mommy-makeover-miami,0,17,87.3
90d,which miami surgeons specialize in revision facelift surgery?,/procedures/facelift-miami,0,17,66.7
90d,affordable liposuction,/procedures/liposuction-miami,0,16,15.5
90d,alluring plastic surgery miami,/procedures/mommy-makeover-miami,0,16,10.6
90d,best mommy makeover miami,/procedures/mommy-makeover-miami,0,16,46.9
90d,breast reduction south miami,/procedures/breast-reduction-miami,0,16,55.2
90d,cost of bbl in miami,/procedures/brazilian-butt-lift-bbl-miami,0,16,18.6
90d,liposuccion facial south miami,/procedures/liposuction-miami,0,16,80.6
90d,mini lift south miami,/procedures/facelift-miami,0,16,57.6
90d,mommy makeover jupiter fl,/procedures/mommy-makeover-miami,0,16,61.8
90d,precio mommy makeover miami,/procedures/mommy-makeover-miami,0,16,36.7
90d,safe breast augmentation miami,/procedures/breast-augmentation-miami,0,16,37.3
90d,"where can i find miami bbl surgeon who specializes in athletic, proportional curves instead of exaggerated results?",/procedures/brazilian-butt-lift-bbl-miami,0,16,35.4
90d,best plastic surgeon in miami for mommy makeover,/procedures/mommy-makeover-miami,0,15,59.3
90d,best tummy tuck surgeon in miami,/procedures/tummy-tuck-miami,0,15,53.6
90d,brazilian but lift miami,/procedures/brazilian-butt-lift-bbl-miami,0,15,29.9
90d,brazilian butt lift coral gables,/procedures/brazilian-butt-lift-bbl-miami,0,15,51.9
90d,face lift cost miami,/procedures/facelift-miami,0,15,49.2
90d,face lift in miami,/procedures/facelift-miami,0,15,70.5
90d,facelift before and after miami,/procedures/facelift-miami,0,15,44.3
90d,facelift surgery cost miami,/procedures/facelift-miami,0,15,41.7
90d,florida lipo,/procedures/liposuction-miami,0,15,83.4
90d,how much is a boob job in miami,/procedures/breast-augmentation-miami,0,15,45.1
90d,liposuction coral gables,/procedures/liposuction-miami,0,15,77.8
90d,liposuction cost in miami,/procedures/liposuction-miami,0,15,48.7
90d,mastopexy south miami,/procedures/breast-lift-miami,0,15,51.8
90d,miami breast augmentation cost,/procedures/breast-augmentation-miami,0,15,49.5
90d,mini and full facelift miami,/procedures/facelift-miami,0,15,46.9
90d,mommy makeover miami cost,/procedures/mommy-makeover-miami,0,15,26.2
90d,silicone and saline breast implants miami,/procedures/breast-augmentation-miami,0,15,35.1
90d,silicone breast implants miami,/procedures/breast-augmentation-miami,0,15,46.6
90d,ultrasound guided brazilian butt lift miami,/procedures/brazilian-butt-lift-bbl-miami,0,15,77.1
90d,bbl surgery cost miami,/procedures/brazilian-butt-lift-bbl-miami,0,14,12.0
90d,best breast augmentation surgery miami,/procedures/breast-augmentation-miami,0,14,69.1
90d,best liposuction surgeon miami,/procedures/liposuction-miami,0,14,40.6
90d,blefaroplastia south miami,/procedures/blepharoplasty-miami,0,14,67.5
90d,brazilian butt lift florida,/procedures/brazilian-butt-lift-bbl-miami,0,14,77.5
90d,breast aug miami,/procedures/breast-augmentation-miami,0,14,62.4
90d,breast augmentation cost in miami,/procedures/breast-augmentation-miami,0,14,42.4
90d,facelift surgery,/procedures/facelift-miami,0,14,78.9
90d,how much is a mommy makeover in miami,/procedures/mommy-makeover-miami,0,14,11.2
90d,lipo miami fl,/procedures/liposuction-miami,0,14,64.3
90d,liposuction deals miami,/procedures/liposuction-miami,0,14,42.6
90d,miami mommy makeover cost,/procedures/mommy-makeover-miami,0,14,19.6
90d,mini face lift miami cost,/procedures/facelift-miami,0,14,60.8
90d,mommy makeover long beach,/procedures/mommy-makeover-miami,0,14,88.9
90d,mommy makeover miami fl,/procedures/mommy-makeover-miami,0,14,75.2
90d,rhytidectomy coral gables,/procedures/facelift-miami,0,14,68.9
90d,tummy tuck florida,/procedures/tummy-tuck-miami,0,14,95.5
90d,bbl in miami florida,/procedures/brazilian-butt-lift-bbl-miami,0,13,39.8
90d,best bbl in miami,/procedures/brazilian-butt-lift-bbl-miami,0,13,25.6
90d,blepharoplasty,/procedures/blepharoplasty-miami,0,13,1.0
90d,breast lift with augmentation miami,/procedures/breast-lift-miami,0,13,73.0
90d,facelift aventura,/procedures/facelift-miami,0,13,72.2
90d,how much is a bbl in florida,/procedures/brazilian-butt-lift-bbl-miami,0,13,25.3
90d,large volume liposuction miami,/procedures/liposuction-miami,0,13,46.5
90d,miami makeover,/procedures/mommy-makeover-miami,0,13,48.4
90d,mommy makeover amelia island,/procedures/mommy-makeover-miami,0,13,54.2
90d,average cost breast augmentation miami 2026,/procedures/breast-augmentation-miami,0,12,9.0
90d,bbl surgery miami florida,/procedures/brazilian-butt-lift-bbl-miami,0,12,23.5
90d,butt augmentation miami,/procedures/brazilian-butt-lift-bbl-miami,0,12,71.6
90d,levantamiento de senos miami,/procedures/breast-lift-miami,0,12,90.5
90d,lipo packages,/procedures/liposuction-miami,0,12,84.1
90d,liposculpture miami fl,/procedures/liposuction-miami,0,12,64.6
90d,liposuction aventura,/procedures/liposuction-miami,0,12,55.9
90d,mommy makeover near me,/procedures/mommy-makeover-miami,0,12,37.1
90d,post pregnancy body sculpting miami,/procedures/mommy-makeover-miami,0,12,55.7
90d,surgical vs non-surgical facelift miami,/procedures/facelift-miami,0,12,82.9
90d,transaxillary breast augmentation miami,/procedures/breast-augmentation-miami,0,12,47.1
90d,tummy tuck en miami,/procedures/tummy-tuck-miami,0,12,74.3
90d,bbl price in miami,/procedures/brazilian-butt-lift-bbl-miami,0,11,10.5
90d,best blepharoplasty miami,/procedures/blepharoplasty-miami,0,11,46.3
90d,best facial plastic surgeons in miami for men who want subtle improvements without obvious work done,/procedures/facelift-miami,0,11,87.7
90d,best tummy tuck miami,/procedures/tummy-tuck-miami,0,11,42.5
90d,brazilian buttocks lift miami,/procedures/brazilian-butt-lift-bbl-miami,0,11,23.0
90d,breast augmentation cornelius,/procedures/breast-augmentation-miami,0,11,53.8
90d,breast implant miami,/procedures/breast-augmentation-miami,0,11,60.7
90d,breast implants miami price,/procedures/breast-augmentation-miami,0,11,52.5
90d,breast reduction,/procedures/breast-reduction-miami,0,11,1.0
90d,cost of liposuction miami,/procedures/liposuction-miami,0,11,49.9
90d,face lifts,/procedures/facelift-miami,0,11,91.0
90d,forehead reduction miami,/procedures/facelift-miami,0,11,75.2
90d,liposuccion facial miami,/procedures/liposuction-miami,0,11,70.0
90d,liposuction packages,/procedures/liposuction-miami,0,11,83.5
90d,liposuction surgery florida,/procedures/liposuction-miami,0,11,91.6
90d,miami face lift,/procedures/facelift-miami,0,11,76.5
90d,mommy makeover miami beach fl,/procedures/mommy-makeover-miami,0,11,61.2
90d,south beach butt lift,/procedures/brazilian-butt-lift-bbl-miami,0,11,26.9
90d,bbl in miami cost,/procedures/brazilian-butt-lift-bbl-miami,1,10,9.3
90d,abdominoplasty in miami,/procedures/tummy-tuck-miami,0,10,67.5
90d,bbl in florida,/procedures/brazilian-butt-lift-bbl-miami,0,10,49.4
90d,bbl miami price,/procedures/brazilian-butt-lift-bbl-miami,0,10,10.1
90d,brazilian breast lift,/procedures/breast-lift-miami,0,10,74.4
90d,breast implant cost miami,/procedures/breast-augmentation-miami,0,10,38.5
90d,breast lift in miami,/procedures/breast-lift-miami,0,10,63.3
90d,breast reduction coral gables,/procedures/breast-reduction-miami,0,10,78.1
90d,excess skin removal miami,/procedures/liposuction-miami,0,10,85.7
90d,facelift,/procedures/facelift-miami,0,10,60.1
90d,florida liposuction,/procedures/liposuction-miami,0,10,93.2
90d,high bmi lipo south florida,/procedures/liposuction-miami,0,10,74.2
90d,liposuction in florida,/procedures/liposuction-miami,0,10,87.7
90d,miami breast implants,/procedures/breast-augmentation-miami,0,10,66.6
90d,miami liposuction deal,/procedures/liposuction-miami,0,10,58.2
90d,mommy makeover in miami florida,/procedures/mommy-makeover-miami,0,10,69.3
90d,the method miami mommy makeover reviews,/procedures/mommy-makeover-miami,0,10,17.9
90d,tummy tuck hialeah,/procedures/tummy-tuck-miami,0,10,78.4
90d,all inclusive mommy makeover miami,/procedures/mommy-makeover-miami,0,9,68.6
90d,average cost breast augmentation miami,/procedures/breast-augmentation-miami,0,9,47.7
90d,best brazilian butt lift miami,/procedures/brazilian-butt-lift-bbl-miami,0,9,31.2
90d,best lipo surgeon in miami,/procedures/liposuction-miami,0,9,56.1
90d,best tummy tuck doctor in miami,/procedures/tummy-tuck-miami,0,9,49.7
90d,brazilian buttock lift miami fl,/procedures/brazilian-butt-lift-bbl-miami,0,9,54.2
90d,breast augmentation mommy makeover,/procedures/mommy-makeover-miami,0,9,79.2
90d,breast lift south miami,/procedures/breast-lift-miami,0,9,53.2
90d,face lift,/procedures/facelift-miami,0,9,85.2
90d,facelift in miami florida,/procedures/facelift-miami,0,9,68.8
90d,liposuction in miami florida,/procedures/liposuction-miami,0,9,71.7
90d,liposuction south florida,/procedures/liposuction-miami,0,9,74.8
90d,miami but lift,/procedures/brazilian-butt-lift-bbl-miami,0,9,22.4
90d,mommy makeover cost florida,/procedures/mommy-makeover-miami,0,9,79.4
90d,alluring plastic surgery miami,/procedures/breast-augmentation-miami,0,8,2.0
90d,awake lipo miami,/procedures/liposuction-miami,0,8,71.6
90d,best board-certified surgeons for precision liposuction with minimal downtime in miami,/procedures/liposuction-miami,0,8,71.9
90d,best eyelid surgery miami,/procedures/blepharoplasty-miami,0,8,63.5
90d,brazilian butt lift revision miami,/procedures/brazilian-butt-lift-bbl-miami,0,8,42.4
90d,breast implant exchange miami,/procedures/breast-augmentation-miami,0,8,74.0
90d,breast reduction in miami,/procedures/breast-reduction-miami,0,8,60.9
90d,breast reduction sunny isles beach,/procedures/breast-reduction-miami,0,8,50.4
90d,cuanto cuesta una liposucción en miami,/procedures/liposuction-miami,0,8,67.1
90d,fat removal near me,/procedures/liposuction-miami,0,8,22.3
90d,liposuction miami beach fl,/procedures/liposuction-miami,0,8,55.4
90d,liposuction surgeon miami,/procedures/liposuction-miami,0,8,69.8
90d,miami liposculpture,/procedures/liposuction-miami,0,8,54.3
90d,mini facelift cost miami 2025 or 2026,/procedures/facelift-miami,0,8,15.8
90d,plastic surgery tummy tuck,/procedures/tummy-tuck-miami,0,8,51.1
90d,precio liposucción miami,/procedures/liposuction-miami,0,8,67.9
90d,tummy tuck surgery miami fl,/procedures/tummy-tuck-miami,0,8,87.0
90d,ultrasound guided bbl miami,/procedures/brazilian-butt-lift-bbl-miami,0,8,65.9
90d,vampire facelift miami,/procedures/facelift-miami,0,8,79.6
90d,what is a bbl,/procedures/brazilian-butt-lift-bbl-miami,0,8,2.1
90d,abdominoplasty before and after,/procedures/tummy-tuck-miami,0,7,3.7
90d,alluring plastic surgery miami,/procedures/tummy-tuck-miami,0,7,10.6
90d,bbl miami beach fl,/procedures/brazilian-butt-lift-bbl-miami,0,7,21.1
90d,bbl packages,/procedures/brazilian-butt-lift-bbl-miami,0,7,33.0
90d,bbl surgeons miami,/procedures/brazilian-butt-lift-bbl-miami,0,7,39.6
90d,bbl surgery miami fl,/procedures/brazilian-butt-lift-bbl-miami,0,7,24.4
90d,best bbl miami,/procedures/brazilian-butt-lift-bbl-miami,0,7,25.1
90d,best breast augmentation surgeons in miami for athletic women wanting proportionate results,/procedures/breast-augmentation-miami,0,7,58.4
90d,best tummy tuck in miami,/procedures/tummy-tuck-miami,0,7,48.9
90d,breast augmentation,/procedures/breast-augmentation-miami,0,7,73.7
90d,breast augmentation specials miami,/procedures/breast-augmentation-miami,0,7,53.3
90d,breast lift with implants miami,/procedures/breast-lift-miami,0,7,65.0
90d,butt implant cost in miami,/procedures/brazilian-butt-lift-bbl-miami,0,7,27.9
90d,cost of a bbl in miami,/procedures/brazilian-butt-lift-bbl-miami,0,7,17.0
90d,cost of mommy makeover in miami,/procedures/mommy-makeover-miami,0,7,30.4
90d,eyelid surgery in miami,/procedures/blepharoplasty-miami,0,7,69.7
90d,facelift miami beach fl,/procedures/facelift-miami,0,7,63.6
90d,how much are bbls in miami,/procedures/brazilian-butt-lift-bbl-miami,0,7,9.1
90d,how much is 360 lipo in miami,/procedures/liposuction-miami,0,7,64.6
90d,how much is liposuction in miami,/procedures/liposuction-miami,0,7,58.7
90d,lipo in miami,/procedures/liposuction-miami,0,7,59.9
90d,liposuccion south miami,/procedures/liposuction-miami,0,7,59.3
90d,liposuction doctors in miami,/procedures/liposuction-miami,0,7,76.6
90d,liposuction miami prices,/procedures/liposuction-miami,0,7,65.0
90d,liposuction surgery miami,/procedures/liposuction-miami,0,7,48.1
90d,mammoplasty south miami,/procedures/breast-reduction-miami,0,7,52.6
90d,miami liposuction surgery,/procedures/liposuction-miami,0,7,52.1
90d,miami tummy tuck surgery,/procedures/tummy-tuck-miami,0,7,75.4
90d,mommy makeover precio en miami,/procedures/mommy-makeover-miami,0,7,48.4
90d,ponytail facelift miami,/procedures/facelift-miami,0,7,66.7
90d,skinny bbl in miami,/procedures/brazilian-butt-lift-bbl-miami,0,7,26.7
90d,tummy tuck in miami florida,/procedures/tummy-tuck-miami,0,7,76.4
90d,tummy tuck miami beach fl,/procedures/tummy-tuck-miami,0,7,62.3
90d,tummy tuck surgery in miami florida,/procedures/tummy-tuck-miami,0,7,78.4
90d,asian eyelid surgery miami,/procedures/blepharoplasty-miami,0,6,73.2
90d,bbl miami prices,/procedures/brazilian-butt-lift-bbl-miami,0,6,12.2
90d,bbl surgery boca raton,/procedures/brazilian-butt-lift-bbl-miami,0,6,62.3
90d,best place for tummy tuck uk,/procedures/tummy-tuck-miami,0,6,3.5
90d,blepharoplasty in miami,/procedures/blepharoplasty-miami,0,6,65.3
90d,brazilian butt lift sunny isles beach,/procedures/brazilian-butt-lift-bbl-miami,0,6,20.5
90d,breast lift aventura,/procedures/breast-lift-miami,0,6,57.8
90d,breast surgery miami,/procedures/breast-lift-miami,0,6,64.2
90d,cheek lift miami,/procedures/facelift-miami,0,6,84.0
90d,face lift near me,/procedures/facelift-miami,0,6,39.8
90d,facelift hialeah,/procedures/facelift-miami,0,6,82.8
90d,facelift under local anesthesia miami,/procedures/facelift-miami,0,6,66.7
90d,how much does a bbl cost in florida,/procedures/brazilian-butt-lift-bbl-miami,0,6,23.7
90d,how much for a bbl in miami,/procedures/brazilian-butt-lift-bbl-miami,0,6,5.2
90d,how much is a bbl in miami florida,/procedures/brazilian-butt-lift-bbl-miami,0,6,5.3
90d,how much is a mommy makeover in florida,/procedures/mommy-makeover-miami,0,6,84.3
90d,lipo in florida,/procedures/liposuction-miami,0,6,89.3
90d,liposuction,/procedures/liposuction-miami,0,6,46.8
90d,liposuction center florida,/procedures/liposuction-miami,0,6,84.3
90d,liposuction plantation,/procedures/liposuction-miami,0,6,78.5
90d,liposuction sunny isles beach,/procedures/liposuction-miami,0,6,73.5
90d,miami breast lift surgery,/procedures/breast-lift-miami,0,6,59.5
90d,miami butt lift,/procedures/brazilian-butt-lift-bbl-miami,0,6,49.8
90d,miami fl mommy makeover,/procedures/mommy-makeover-miami,0,6,65.7
90d,miami lipo,/procedures/liposuction-miami,0,6,68.7
90d,miami plastic surgery tummy tuck,/procedures/tummy-tuck-miami,0,6,79.2
90d,miami tummy tuck surgeons,/procedures/tummy-tuck-miami,0,6,70.0
90d,mommy makeover hourglass surgery,/procedures/mommy-makeover-miami,0,6,52.2
90d,reduccion de senos miami,/procedures/breast-reduction-miami,0,6,79.2
90d,rhytidectomy near me,/procedures/facelift-miami,0,6,13.7
90d,smart facelift,/procedures/facelift-miami,0,6,60.8
90d,sonobello,/procedures/tummy-tuck-miami,0,6,2.2
90d,tummy tuck coral gables,/procedures/tummy-tuck-miami,0,6,76.0
90d,tummy tuck miami gardens,/procedures/tummy-tuck-miami,0,6,65.2
90d,upper bleph miami,/procedures/blepharoplasty-miami,0,6,74.5
90d,abdominoplastia south miami,/procedures/tummy-tuck-miami,0,5,76.2
90d,abdominoplasty florida,/procedures/tummy-tuck-miami,0,5,99.0
90d,average breast augmentation cost miami 2026,/procedures/breast-augmentation-miami,0,5,8.4
90d,bbl cost florida,/procedures/brazilian-butt-lift-bbl-miami,0,5,23.2
90d,bbl en miami,/procedures/brazilian-butt-lift-bbl-miami,0,5,33.4
90d,best bbl in miami fl,/procedures/brazilian-butt-lift-bbl-miami,0,5,44.6
90d,best mommy makeover surgeon in miami,/procedures/mommy-makeover-miami,0,5,54.8
90d,best tummy tuck surgeon ireland,/procedures/tummy-tuck-miami,0,5,2.2
90d,best tummy tuck surgeon miami,/procedures/tummy-tuck-miami,0,5,44.2
90d,blepharoplasty miami fl,/procedures/blepharoplasty-miami,0,5,72.0
90d,breast augmentation with lift miami,/procedures/breast-augmentation-miami,0,5,74.0
90d,breast reduction miami beach fl,/procedures/breast-reduction-miami,0,5,40.6
90d,face lift surgery,/procedures/facelift-miami,0,5,82.0
90d,fat transfer bbl miami,/procedures/brazilian-butt-lift-bbl-miami,0,5,16.2
90d,liposuction price in miami,/procedures/liposuction-miami,0,5,45.0
90d,liposuction prices miami,/procedures/liposuction-miami,0,5,56.4
90d,liposuction surgery in miami florida,/procedures/liposuction-miami,0,5,62.2
90d,miami,/procedures/brazilian-butt-lift-bbl-miami,0,5,3.0
90d,miami abdominoplasty,/procedures/tummy-tuck-miami,0,5,70.2
90d,miami breast augmentation surgery,/procedures/breast-augmentation-miami,0,5,63.6
90d,mini facelift before and after miami,/procedures/facelift-miami,0,5,47.2
90d,reduccion de senos south miami,/procedures/breast-reduction-miami,0,5,97.4
90d,silicone implants miami,/procedures/breast-augmentation-miami,0,5,58.0
90d,skinny bbl,/procedures/brazilian-butt-lift-bbl-miami,0,5,3.0
90d,smas facelift miami,/procedures/facelift-miami,0,5,47.8
90d,sono bello,/procedures/tummy-tuck-miami,0,5,2.0
90d,tummy tuck before and after,/procedures/tummy-tuck-miami,0,5,3.0
90d,tummy tuck cost in miami,/procedures/tummy-tuck-miami,0,5,87.8
90d,upper facelift miami,/procedures/facelift-miami,0,5,68.8
90d,what is a bbl surgery,/procedures/brazilian-butt-lift-bbl-miami,0,5,2.4
90d,360 lipo cost miami,/procedures/liposuction-miami,0,4,54.5
90d,abdominal liposuction miami,/procedures/liposuction-miami,0,4,66.3
90d,abdominoplasty vero beach,/procedures/tummy-tuck-miami,0,4,76.5
90d,all inclusive breast augmentation,/procedures/breast-augmentation-miami,0,4,91.5
90d,alluring plastic surgery miami reviews,/procedures/mommy-makeover-miami,0,4,12.3
90d,alluring plastic surgery reviews,/procedures/mommy-makeover-miami,0,4,55.3
90d,american lipo centers,/procedures/liposuction-miami,0,4,65.5
90d,average cost of bbl in miami,/procedures/brazilian-butt-lift-bbl-miami,0,4,23.5
90d,bbl curves,/procedures/brazilian-butt-lift-bbl-miami,0,4,1.3
90d,bbl for men miami,/procedures/brazilian-butt-lift-bbl-miami,0,4,48.0
90d,bbl miami florida,/procedures/brazilian-butt-lift-bbl-miami,0,4,39.8
90d,bbls in miami,/procedures/brazilian-butt-lift-bbl-miami,0,4,14.0
90d,best abdominoplasty miami,/procedures/tummy-tuck-miami,0,4,36.5
90d,best bbl doctor in miami,/procedures/brazilian-butt-lift-bbl-miami,0,4,51.0
90d,best bbl in florida,/procedures/brazilian-butt-lift-bbl-miami,0,4,29.8
90d,best brazilian butt lift surgeon miami,/procedures/brazilian-butt-lift-bbl-miami,0,4,26.8
90d,best liposuction doctors in miami,/procedures/liposuction-miami,0,4,50.5
90d,best mommy makeover surgeons miami 2025 or 2026,/procedures/mommy-makeover-miami,0,4,15.5
90d,best mommy makeover surgeons miami 2026,/procedures/mommy-makeover-miami,0,4,17.5
90d,blepharoplasty near me,/procedures/blepharoplasty-miami,0,4,47.8
90d,body sculpting,/procedures/tummy-tuck-miami,0,4,2.8
90d,boob job in miami,/procedures/breast-augmentation-miami,0,4,50.0
90d,boob reduction,/procedures/breast-reduction-miami,0,4,1.0
90d,brazilian butt lift miramar,/procedures/brazilian-butt-lift-bbl-miami,0,4,51.5
90d,breast augmentation cost miami 2026,/procedures/breast-augmentation-miami,0,4,8.3
90d,breast augmentation miami prices,/procedures/breast-augmentation-miami,0,4,40.3
90d,breast augmentation south miami,/procedures/breast-augmentation-miami,0,4,58.5
90d,breast reduction recovery week by week pictures,/procedures/breast-reduction-miami,0,4,1.0
90d,breast reduction surgery in miami,/procedures/breast-reduction-miami,0,4,58.8
90d,butt lift miami,/procedures/brazilian-butt-lift-bbl-miami,0,4,44.8
90d,chin liposuction cost miami,/procedures/liposuction-miami,0,4,47.0
90d,cost of brazilian buttock lift dr miami,/procedures/brazilian-butt-lift-bbl-miami,0,4,18.5
90d,cost of liposuction in miami,/procedures/liposuction-miami,0,4,58.3
90d,cuanto cuesta un mommy makeover en miami,/procedures/mommy-makeover-miami,0,4,83.5
90d,dr karlinsky miami,/procedures/mommy-makeover-miami,0,4,78.3
90d,dr miami,/procedures/blepharoplasty-miami,0,4,4.0
90d,dr miami prices for mommy makeover,/procedures/mommy-makeover-miami,0,4,86.0
90d,evaluate miami plastic surgery on mommy makeover,/procedures/mommy-makeover-miami,0,4,6.0
90d,face surgery miami,/procedures/facelift-miami,0,4,75.5
90d,fat removal miami,/procedures/liposuction-miami,0,4,49.5
90d,florida mommy makeover,/procedures/mommy-makeover-miami,0,4,92.5
90d,fox eye lift miami,/procedures/blepharoplasty-miami,0,4,47.3
90d,full tummy tuck,/procedures/tummy-tuck-miami,0,4,22.8
90d,how much does a mommy makeover cost in miami,/procedures/mommy-makeover-miami,0,4,18.8
90d,lipo 360 miami cost,/procedures/liposuction-miami,0,4,56.8
90d,liposculpture near me,/procedures/liposuction-miami,0,4,21.5
90d,liposuction fl,/procedures/liposuction-miami,0,4,81.0
90d,liposuction in miami cost,/procedures/liposuction-miami,0,4,63.3
90d,miami facelift cost,/procedures/facelift-miami,0,4,41.5
90d,miami liposuction cost,/procedures/liposuction-miami,0,4,51.8
90d,miami mommy makeover specials,/procedures/mommy-makeover-miami,0,4,47.5
90d,midface lift miami,/procedures/facelift-miami,0,4,79.3
90d,mini facelift cost miami plastic surgery clinics,/procedures/facelift-miami,0,4,44.0
90d,mini neck lift miami cost,/procedures/facelift-miami,0,4,77.3
90d,mommy makeover,/procedures/mommy-makeover-miami,0,4,20.3
90d,mommy makeover florida cost,/procedures/mommy-makeover-miami,0,4,90.0
90d,mommy makeover surgeon miami,/procedures/mommy-makeover-miami,0,4,60.3
90d,revision tummy tuck miami,/procedures/tummy-tuck-miami,0,4,76.5
90d,rhytidectomy,/procedures/facelift-miami,0,4,1.0
90d,sculpt body shaping miami,/procedures/liposuction-miami,0,4,52.3
90d,submental liposuction miami,/procedures/liposuction-miami,0,4,76.5
90d,tummy tuck cornelius,/procedures/tummy-tuck-miami,0,4,86.8
90d,tummy tuck cost uk,/procedures/tummy-tuck-miami,0,4,3.0
90d,tummy tuck miami cost,/procedures/tummy-tuck-miami,0,4,92.3
90d,tummy tucks in miami,/procedures/tummy-tuck-miami,0,4,77.5
90d,vaser lipo hd north miami beach,/procedures/liposuction-miami,0,4,70.8
90d,who are the best breast reduction surgeons in miami?,/procedures/breast-reduction-miami,0,4,57.0
90d,300cc bbl,/procedures/brazilian-butt-lift-bbl-miami,0,3,11.3
90d,abdominoplastia en miami,/procedures/tummy-tuck-miami,0,3,82.3
90d,abdominoplasty,/procedures/tummy-tuck-miami,0,3,3.0
90d,affordable breast augmentation in miami,/procedures/breast-augmentation-miami,0,3,37.0
90d,all inclusive liposuction packages,/procedures/liposuction-miami,0,3,90.7
90d,bbl doctors in miami florida,/procedures/brazilian-butt-lift-bbl-miami,0,3,69.3
90d,bbl reduction miami,/procedures/brazilian-butt-lift-bbl-miami,0,3,20.3
90d,best bbl dr in miami,/procedures/brazilian-butt-lift-bbl-miami,0,3,41.7
90d,best bbl surgeons in miami,/procedures/brazilian-butt-lift-bbl-miami,0,3,33.3
90d,best blepharoplasty surgeon miami,/procedures/blepharoplasty-miami,0,3,48.3
90d,best breast reduction surgeon miami,/procedures/breast-reduction-miami,0,3,45.7
90d,best lipo in miami,/procedures/liposuction-miami,0,3,36.3
90d,best luxury plastic surgery clinics miami florida,/procedures/mommy-makeover-miami,0,3,1.0
90d,best plastic surgeon in miami for tummy tuck,/procedures/tummy-tuck-miami,0,3,36.0
90d,best plastic surgeons in miami for bbl,/procedures/brazilian-butt-lift-bbl-miami,0,3,34.0
90d,best tummy tuck surgeon in miami florida,/procedures/tummy-tuck-miami,0,3,31.3
90d,breast augmentation in miami florida,/procedures/breast-augmentation-miami,0,3,55.0
90d,breast augmentation surgery miami,/procedures/breast-augmentation-miami,0,3,60.0
90d,breast augmentation with lift miami,/procedures/breast-lift-miami,0,3,77.7
90d,breast implants cost miami,/procedures/breast-augmentation-miami,0,3,37.3
90d,breast lift miami,/procedures/breast-reduction-miami,0,3,93.0
90d,breast lift miami fl,/procedures/breast-lift-miami,0,3,60.3
90d,breast lift miami florida,/procedures/breast-lift-miami,0,3,69.3
90d,breast lift with augmentation coral gables,/procedures/breast-lift-miami,0,3,92.7
90d,breast reduction miami fl,/procedures/breast-reduction-miami,0,3,60.3
90d,breast reduction with lift in miami florida,/procedures/breast-reduction-miami,0,3,58.0
90d,circumareolar lift,/procedures/breast-lift-miami,0,3,88.0
90d,clinica de liposuccion en miami,/procedures/liposuction-miami,0,3,77.7
90d,cost of tummy tuck miami,/procedures/tummy-tuck-miami,0,3,85.0
90d,cuanto cuesta una lipo en miami,/procedures/liposuction-miami,0,3,61.3
90d,cuanto cuesta una lipoescultura en miami,/procedures/liposuction-miami,0,3,62.7
90d,detransition breast surgery miami,/procedures/breast-reduction-miami,0,3,66.7
90d,dr miami breast augmentation cost,/procedures/breast-augmentation-miami,0,3,96.3
90d,dr miami prices,/procedures/blepharoplasty-miami,0,3,2.0
90d,eyelid surgery in miami florida,/procedures/blepharoplasty-miami,0,3,70.7
90d,eyelid surgery miami cost,/procedures/blepharoplasty-miami,0,3,44.3
90d,face lift north miami,/procedures/facelift-miami,0,3,51.7
90d,face lift surgical,/procedures/facelift-miami,0,3,85.0
90d,face plastic surgery near me,/procedures/facelift-miami,0,3,66.0
90d,facelift recovery miami,/procedures/facelift-miami,0,3,45.7
90d,female tummy tuck,/procedures/tummy-tuck-miami,0,3,80.3
90d,florida bbl,/procedures/brazilian-butt-lift-bbl-miami,0,3,67.3
90d,high definition liposuction south miami,/procedures/liposuction-miami,0,3,64.0
90d,how much do a bbl cost in miami,/procedures/brazilian-butt-lift-bbl-miami,0,3,5.7
90d,how much for bbl in miami,/procedures/brazilian-butt-lift-bbl-miami,0,3,11.0
90d,how much is a mommy makeover in miami florida,/procedures/mommy-makeover-miami,0,3,1.0
90d,how much is a skinny bbl in miami,/procedures/brazilian-butt-lift-bbl-miami,0,3,8.0
90d,how much is a tummy tuck in miami,/procedures/tummy-tuck-miami,0,3,60.7
90d,latina boob job,/procedures/breast-augmentation-miami,0,3,9.7
90d,lifting facial en miami,/procedures/facelift-miami,0,3,76.7
90d,lipo en miami,/procedures/liposuction-miami,0,3,60.3
90d,lipoplasty near me,/procedures/liposuction-miami,0,3,42.3
90d,liposculpture florida,/procedures/liposuction-miami,0,3,81.0
90d,liposculpture in miami,/procedures/liposuction-miami,0,3,68.7
90d,liposucción aventura,/procedures/liposuction-miami,0,3,85.3
90d,liposuction cost florida,/procedures/liposuction-miami,0,3,77.7
90d,liposuction in miami fl,/procedures/liposuction-miami,0,3,55.7
90d,liposuction miami beach,/procedures/liposuction-miami,0,3,59.3
90d,miami bbl girls,/procedures/brazilian-butt-lift-bbl-miami,0,3,5.3
90d,miami bbl surgeons,/procedures/brazilian-butt-lift-bbl-miami,0,3,34.3
90d,miami bbls,/procedures/brazilian-butt-lift-bbl-miami,0,3,26.0
90d,miami beach bbl,/procedures/brazilian-butt-lift-bbl-miami,0,3,37.0
90d,miami breast reduction,/procedures/breast-reduction-miami,0,3,68.7
90d,miami lipo doctors,/procedures/liposuction-miami,0,3,70.7
90d,mini facelift miami fl,/procedures/facelift-miami,0,3,76.3
90d,mini tummy tuck coral gables,/procedures/tummy-tuck-miami,0,3,70.3
90d,mommy makeover,/procedures/tummy-tuck-miami,0,3,3.0
90d,mommy makeover cost miami fl,/procedures/mommy-makeover-miami,0,3,75.7
90d,mommy makeover cost miami florida,/procedures/mommy-makeover-miami,0,3,21.3
90d,mommy makeover hollywood,/procedures/mommy-makeover-miami,0,3,81.7
90d,mommy makeover in southampton,/procedures/mommy-makeover-miami,0,3,90.7
90d,mommy makeover in weston florida,/procedures/mommy-makeover-miami,0,3,75.7
90d,mommy makeover pompano beach,/procedures/mommy-makeover-miami,0,3,99.0
90d,mommy makeover surgery,/procedures/mommy-makeover-miami,0,3,54.7
90d,natural breast augmentation miami,/procedures/breast-augmentation-miami,0,3,44.7
90d,recovery time for facelift miami,/procedures/facelift-miami,0,3,51.3
90d,safe bbl miami,/procedures/brazilian-butt-lift-bbl-miami,0,3,37.3
90d,site:www.alluringplasticsurgery.com,/procedures/brazilian-butt-lift-bbl-miami,0,3,136.7
90d,skinny bbl florida,/procedures/brazilian-butt-lift-bbl-miami,0,3,32.3
90d,sono bello reviews,/procedures/tummy-tuck-miami,0,3,3.0
90d,sonobello cost,/procedures/tummy-tuck-miami,0,3,3.0
90d,transumbilical breast augmentation cost in miami,/procedures/breast-augmentation-miami,0,3,45.0
90d,tummy tuck cost,/procedures/tummy-tuck-miami,0,3,2.3
90d,tummy tuck cost in florida,/procedures/tummy-tuck-miami,0,3,28.0
90d,tummy tuck miami price,/procedures/tummy-tuck-miami,0,3,61.0
90d,tummy tuck prices in miami,/procedures/tummy-tuck-miami,0,3,96.3
90d,tummy tuck recovery,/procedures/tummy-tuck-miami,0,3,3.3
90d,tummy tuck surgery miami,/procedures/tummy-tuck-miami,0,3,82.3
90d,vampire facelift miami gardens,/procedures/facelift-miami,0,3,72.0
90d,affordable bbl miami,/procedures/brazilian-butt-lift-bbl-miami,0,2,27.5
90d,all inclusive mommy makeover,/procedures/mommy-makeover-miami,0,2,124.5
90d,american lipo center,/procedures/liposuction-miami,0,2,62.5
90d,arm lift before and after scar,/procedures/facelift-miami,0,2,2.0
90d,awake lipo 360 near me,/procedures/liposuction-miami,0,2,99.0
90d,bbl,/procedures/brazilian-butt-lift-bbl-miami,0,2,3.5
90d,bbl before and after miami,/procedures/brazilian-butt-lift-bbl-miami,0,2,57.5
90d,bbl cost in florida,/procedures/brazilian-butt-lift-bbl-miami,0,2,30.0
90d,bbl surgery,/procedures/brazilian-butt-lift-bbl-miami,0,2,34.5
90d,best bbl doctors in miami,/procedures/brazilian-butt-lift-bbl-miami,0,2,36.0
90d,best brazilian buttlift surgeon in miami,/procedures/brazilian-butt-lift-bbl-miami,0,2,54.0
90d,best breast augmentation in miami,/procedures/breast-augmentation-miami,0,2,45.5
90d,best breast reduction surgeons in miami,/procedures/breast-reduction-miami,0,2,43.5
90d,best facelift surgeons miami,/procedures/facelift-miami,0,2,1.0
90d,best lipo doctor in miami,/procedures/liposuction-miami,0,2,45.0
90d,best mini facelift surgeon miami,/procedures/facelift-miami,0,2,45.0
90d,blepharoplasty surgery miami,/procedures/blepharoplasty-miami,0,2,37.0
90d,body sculpting liposuction miami,/procedures/liposuction-miami,0,2,66.0
90d,boob job cost miami,/procedures/breast-augmentation-miami,0,2,42.0
90d,boob job implants,/procedures/breast-augmentation-miami,0,2,63.0
90d,brachioplasty cost,/procedures/facelift-miami,0,2,3.0
90d,brazilian butt lift provo,/procedures/brazilian-butt-lift-bbl-miami,0,2,67.5
90d,breast augmentation price miami,/procedures/breast-augmentation-miami,0,2,40.5
90d,breast implants south miami,/procedures/breast-augmentation-miami,0,2,57.5
90d,breast lift,/procedures/breast-lift-miami,0,2,86.0
90d,breast lift augmentation miami,/procedures/breast-augmentation-miami,0,2,65.5
90d,breast lift miami beach fl,/procedures/breast-lift-miami,0,2,76.0
90d,breast lift scars,/procedures/breast-reduction-miami,0,2,3.0
90d,breast lift surgery miami procedure,/procedures/breast-lift-miami,0,2,47.0
90d,breast lift with silicone implants,/procedures/breast-lift-miami,0,2,76.5
90d,breast reduction and lift miami,/procedures/breast-reduction-miami,0,2,71.5
90d,breast reduction miami beach,/procedures/breast-reduction-miami,0,2,32.5
90d,breast reduction miami florida,/procedures/breast-reduction-miami,0,2,63.0
90d,breast reduction surgery,/procedures/breast-reduction-miami,0,2,3.0
90d,breasts big,/procedures/breast-reduction-miami,0,2,3.0
90d,brest lift miami,/procedures/breast-augmentation-miami,0,2,70.0
90d,butt implants in miami vs. bbl,/procedures/brazilian-butt-lift-bbl-miami,0,2,50.0
90d,combination surgeries south miami,/procedures/mommy-makeover-miami,0,2,91.0
90d,cuanto cuesta un aumento de senos en miami,/procedures/breast-augmentation-miami,0,2,78.5
90d,cuanto vale una lipo en miami,/procedures/liposuction-miami,0,2,56.0
90d,dr in miami for bbl,/procedures/brazilian-butt-lift-bbl-miami,0,2,75.0
90d,dr miami mommy makeover,/procedures/mommy-makeover-miami,0,2,52.5
90d,dr miami office,/procedures/mommy-makeover-miami,0,2,2.0
90d,dr miami prices,/procedures/mommy-makeover-miami,0,2,3.0
90d,dr victoria karlinsky miami,/procedures/mommy-makeover-miami,0,2,78.5
90d,eye lid surgery miami,/procedures/blepharoplasty-miami,0,2,66.5
90d,eyebag removal surgery,/procedures/blepharoplasty-miami,0,2,3.0
90d,eyelid lift miami beach fl,/procedures/blepharoplasty-miami,0,2,69.0
90d,eyelid surgery,/procedures/blepharoplasty-miami,0,2,44.0
90d,face lift florida,/procedures/facelift-miami,0,2,94.5
90d,face lift miami fl,/procedures/facelift-miami,0,2,72.5
90d,facelift coral springs,/procedures/facelift-miami,0,2,71.5
90d,facial liposuction south miami,/procedures/liposuction-miami,0,2,57.0
90d,facial plastic surgery miami,/procedures/facelift-miami,0,2,66.0
90d,fat transfer breast augmentation miami,/procedures/breast-augmentation-miami,0,2,67.0
90d,fdl tummy tuck,/procedures/tummy-tuck-miami,0,2,3.0
90d,female facelift miami,/procedures/facelift-miami,0,2,33.0
90d,florida abdominoplasty,/procedures/tummy-tuck-miami,0,2,93.0
90d,forehead lift miami,/procedures/facelift-miami,0,2,99.5
90d,high bmi liposuction near me,/procedures/liposuction-miami,0,2,73.0
90d,high bmi tummy tuck miami,/procedures/tummy-tuck-miami,0,2,66.0
90d,high definition liposuction coral gables,/procedures/liposuction-miami,0,2,77.0
90d,high definition tummy tuck miami,/procedures/tummy-tuck-miami,0,2,71.5
90d,high volume liposuction,/procedures/liposuction-miami,0,2,89.5
90d,how much does a mommy makeover cost in florida,/procedures/mommy-makeover-miami,0,2,81.5
90d,how much does a tummy tuck cost,/procedures/tummy-tuck-miami,0,2,3.0
90d,how much does a tummy tuck cost in miami,/procedures/tummy-tuck-miami,0,2,95.0
90d,how much is a bbl,/procedures/brazilian-butt-lift-bbl-miami,0,2,2.5
90d,how much is a bbl in california,/procedures/brazilian-butt-lift-bbl-miami,0,2,2.0
90d,how much is a brazilian butt lift,/procedures/brazilian-butt-lift-bbl-miami,0,2,1.0
90d,how much is a facelift miami,/procedures/facelift-miami,0,2,45.0
90d,how much is a tummy tuck in miami florida,/procedures/tummy-tuck-miami,0,2,78.0
90d,how much is lipo in miami,/procedures/liposuction-miami,0,2,98.0
90d,is sono bello safe,/procedures/tummy-tuck-miami,0,2,2.0
90d,lipo prices in miami,/procedures/liposuction-miami,0,2,56.5
90d,liposculpting florida,/procedures/liposuction-miami,0,2,91.0
90d,liposuccion de alta definicion miami,/procedures/liposuction-miami,0,2,76.5
90d,liposuction florida cost,/procedures/liposuction-miami,0,2,81.0
90d,liposuction irregularities correction miami,/procedures/liposuction-miami,0,2,75.5
90d,liposuction miami gardens,/procedures/liposuction-miami,0,2,47.5
90d,liposuction operation,/procedures/liposuction-miami,0,2,3.0
90d,"looking for a board-certified surgeon in miami for a mommy makeover under $20,000.",/procedures/mommy-makeover-miami,0,2,1.0
90d,miami bbl price,/procedures/brazilian-butt-lift-bbl-miami,0,2,10.5
90d,miami breast augmentation prices,/procedures/breast-augmentation-miami,0,2,55.5
90d,miami breast lift,/procedures/breast-reduction-miami,0,2,94.0
90d,miami butt surgery,/procedures/brazilian-butt-lift-bbl-miami,0,2,26.5
90d,miami skinny bbl,/procedures/brazilian-butt-lift-bbl-miami,0,2,21.5
90d,mini neck lift cost miami,/procedures/facelift-miami,0,2,78.0
90d,mini tummy tuck before and after,/procedures/tummy-tuck-miami,0,2,3.5
90d,mommy makeover cornelius,/procedures/mommy-makeover-miami,0,2,55.0
90d,mommy makeover cost in florida,/procedures/mommy-makeover-miami,0,2,86.5
90d,mommy makeover fort lauderdale,/procedures/mommy-makeover-miami,0,2,90.5
90d,mommy makeover in boca raton,/procedures/mommy-makeover-miami,0,2,92.5
90d,mommy makeover in fort lauderdale,/procedures/mommy-makeover-miami,0,2,94.5
90d,mommy makeover in miami cost,/procedures/mommy-makeover-miami,0,2,1.0
90d,mommy makeover murphy,/procedures/mommy-makeover-miami,0,2,51.0
90d,mommy makeover neptune beach fl,/procedures/mommy-makeover-miami,0,2,96.0
90d,mommy makeover plastic surgery near me,/procedures/mommy-makeover-miami,0,2,62.5
90d,mommy makeover price in miami,/procedures/mommy-makeover-miami,0,2,1.0
90d,mommy makeover surgery near me,/procedures/mommy-makeover-miami,0,2,29.5
90d,mummy makeover,/procedures/tummy-tuck-miami,0,2,3.0
90d,mummy makeover turkey,/procedures/tummy-tuck-miami,0,2,3.0
90d,plastic surgery after weight loss miami,/procedures/liposuction-miami,0,2,95.5
90d,quad blepharoplasty miami,/procedures/blepharoplasty-miami,0,2,58.5
90d,revision eyelid surgery miami,/procedures/blepharoplasty-miami,0,2,69.5
90d,skinny bbl before and after,/procedures/brazilian-butt-lift-bbl-miami,0,2,4.0
90d,sonobello reviews,/procedures/tummy-tuck-miami,0,2,3.0
90d,stomach liposuction cost miami,/procedures/liposuction-miami,0,2,56.0
90d,top bbl surgeons in miami,/procedures/brazilian-butt-lift-bbl-miami,0,2,59.5
90d,tumescent liposuction miami,/procedures/liposuction-miami,0,2,72.0
90d,tummy tuck abroad recommendations,/procedures/tummy-tuck-miami,0,2,3.5
90d,tummy tuck and bbl cost miami,/procedures/brazilian-butt-lift-bbl-miami,0,2,91.0
90d,tummy tuck before and after uk,/procedures/tummy-tuck-miami,0,2,4.0
90d,tummy tuck doctors in miami,/procedures/tummy-tuck-miami,0,2,79.0
90d,tummy tuck nz,/procedures/tummy-tuck-miami,0,2,3.0
90d,tummy tuck plantation,/procedures/tummy-tuck-miami,0,2,52.5
90d,tummy tuck price miami,/procedures/tummy-tuck-miami,0,2,90.0
90d,tummy tuck recovery time,/procedures/tummy-tuck-miami,0,2,2.5
90d,tummy tuck surgeon miami,/procedures/tummy-tuck-miami,0,2,72.0
90d,tummy tuck surgery before and after,/procedures/tummy-tuck-miami,0,2,3.0
90d,waist liposuction miami,/procedures/liposuction-miami,0,2,68.0
90d,what does sono bello cost,/procedures/tummy-tuck-miami,0,2,2.5
90d,what is sono bello,/procedures/tummy-tuck-miami,0,2,3.0
90d,which clinics are known for popular brazilian butt lift outcomes this year?,/procedures/brazilian-butt-lift-bbl-miami,0,2,1.0
90d,who are the best surgeons in miami for a skinny bbl?,/procedures/brazilian-butt-lift-bbl-miami,0,2,41.5
90d,who is the best mommy makeover surgeon near me?,/procedures/tummy-tuck-miami,0,2,12.5
90d,who is the best tummy tuck surgeon in miami?,/procedures/tummy-tuck-miami,0,2,1.0
90d,bbl with hyaluronic acid,/procedures/brazilian-butt-lift-bbl-miami,1,1,1.0
90d,"$5,000",/procedures/mommy-makeover-miami,0,1,3.0
90d,1 week post op mommy makeover,/procedures/tummy-tuck-miami,0,1,3.0
90d,2 weeks after tummy tuck pictures,/procedures/tummy-tuck-miami,0,1,3.0
90d,2000cc bbl,/procedures/brazilian-butt-lift-bbl-miami,0,1,92.0
90d,3 day facelift,/procedures/facelift-miami,0,1,43.0
90d,3 weeks post tummy tuck,/procedures/tummy-tuck-miami,0,1,3.0
90d,360 body lift cost,/procedures/tummy-tuck-miami,0,1,3.0
90d,360 mommy makeover,/procedures/mommy-makeover-miami,0,1,59.0
90d,3d facelift,/procedures/facelift-miami,0,1,64.0
90d,4 days post op,/procedures/tummy-tuck-miami,0,1,21.0
90d,4 weeks,/procedures/tummy-tuck-miami,0,1,2.0
90d,4000cc breast implants,/procedures/breast-reduction-miami,0,1,2.0
90d,a picture,/procedures/brazilian-butt-lift-bbl-miami,0,1,1.0
90d,abdomin,/procedures/tummy-tuck-miami,0,1,1.0
90d,abdominal,/procedures/tummy-tuck-miami,0,1,1.0
90d,abdominal liposuction miami,/procedures/tummy-tuck-miami,0,1,95.0
90d,abdominoplasty cost florida,/procedures/tummy-tuck-miami,0,1,70.0
90d,abdominoplasty cost ontario,/procedures/tummy-tuck-miami,0,1,2.0
90d,abdominoplasty surgery,/procedures/tummy-tuck-miami,0,1,3.0
90d,abdominoplasty surgery video,/procedures/tummy-tuck-miami,0,1,7.0
90d,affordable breast reduction in south africa,/procedures/breast-reduction-miami,0,1,1.0
90d,african butt lift,/procedures/brazilian-butt-lift-bbl-miami,0,1,3.0
90d,airsculpt bbl,/procedures/brazilian-butt-lift-bbl-miami,0,1,3.0
90d,alanna pow,/procedures/brazilian-butt-lift-bbl-miami,0,1,7.0
90d,all-inclusive mommy makeover packages,/procedures/mommy-makeover-miami,0,1,83.0
90d,alluring plastic surgery photos,/procedures/breast-augmentation-miami,0,1,79.0
90d,alluring plastic surgery photos,/procedures/mommy-makeover-miami,0,1,63.0
90d,american lipo,/procedures/liposuction-miami,0,1,63.0
90d,apron belly surgery cost uk,/procedures/tummy-tuck-miami,0,1,3.0
90d,arm lipo,/procedures/liposuction-miami,0,1,2.0
90d,arm lipo cost,/procedures/liposuction-miami,0,1,3.0
90d,arm liposuction near me,/procedures/liposuction-miami,0,1,2.0
90d,arm reduction before and after,/procedures/facelift-miami,0,1,3.0
90d,aumento de senos con levantamiento miami,/procedures/breast-lift-miami,0,1,99.0
90d,aventura liposuction,/procedures/liposuction-miami,0,1,52.0
90d,awake lipo shaping near me,/procedures/liposuction-miami,0,1,91.0
90d,bana örnek resim göster,/procedures/brazilian-butt-lift-bbl-miami,0,1,1.0
90d,bbl 1018430026 15 w 26th,/procedures/brazilian-butt-lift-bbl-miami,0,1,9.0
90d,bbl and tummy tuck miami,/procedures/brazilian-butt-lift-bbl-miami,0,1,65.0
90d,bbl chicago,/procedures/brazilian-butt-lift-bbl-miami,0,1,2.0
90d,bbl cost in mexico,/procedures/brazilian-butt-lift-bbl-miami,0,1,3.0
90d,bbl figure,/procedures/brazilian-butt-lift-bbl-miami,0,1,2.0
90d,bbl in miami fl,/procedures/brazilian-butt-lift-bbl-miami,0,1,27.0
90d,bbl jacksonville fl,/procedures/brazilian-butt-lift-bbl-miami,0,1,3.0
90d,bbl larina,/procedures/brazilian-butt-lift-bbl-miami,0,1,10.0
90d,bbl meaning,/procedures/brazilian-butt-lift-bbl-miami,0,1,2.0
90d,bbl package,/procedures/brazilian-butt-lift-bbl-miami,0,1,45.0
90d,bbl palm beach,/procedures/brazilian-butt-lift-bbl-miami,0,1,80.0
90d,bbl plastic surgery,/procedures/brazilian-butt-lift-bbl-miami,0,1,83.0
90d,bbl plastic surgery near me,/procedures/brazilian-butt-lift-bbl-miami,0,1,4.0
90d,bbl prices in miami,/procedures/brazilian-butt-lift-bbl-miami,0,1,18.0
90d,bbl prices miami,/procedures/brazilian-butt-lift-bbl-miami,0,1,17.0
90d,bbl puerto rico,/procedures/brazilian-butt-lift-bbl-miami,0,1,2.0
90d,bbl surgery florida,/procedures/brazilian-butt-lift-bbl-miami,0,1,35.0
90d,bbl ultrasonico miami,/procedures/brazilian-butt-lift-bbl-miami,0,1,91.0
90d,bdl surgery cost,/procedures/brazilian-butt-lift-bbl-miami,0,1,1.0
90d,before after tummy tuck,/procedures/tummy-tuck-miami,0,1,4.0
90d,before and after breast reduction pictures,/procedures/breast-reduction-miami,0,1,4.0
90d,before and after pictures,/procedures/breast-reduction-miami,0,1,6.0
90d,belly plastic surgery,/procedures/tummy-tuck-miami,0,1,1.0
90d,best abdominoplasty surgeon near me,/procedures/tummy-tuck-miami,0,1,2.0
90d,best bbl doctors in miami florida,/procedures/brazilian-butt-lift-bbl-miami,0,1,27.0
90d,best bbl surgeon in florida,/procedures/brazilian-butt-lift-bbl-miami,0,1,30.0
90d,best bbl surgeon miami,/procedures/brazilian-butt-lift-bbl-miami,0,1,1.0
90d,best blepharoplasty surgeon in miami,/procedures/blepharoplasty-miami,0,1,48.0
90d,best breast augmentation surgeons in florida,/procedures/breast-augmentation-miami,0,1,38.0
90d,best doctors who perform liposuction in miami,/procedures/liposuction-miami,0,1,67.0
90d,"best facelift consultation in miami, fl",/procedures/blepharoplasty-miami,0,1,20.0
90d,best facelift surgeons miami florida,/procedures/facelift-miami,0,1,70.0
90d,best lipo miami,/procedures/liposuction-miami,0,1,36.0
90d,best miami bbl surgeon,/procedures/brazilian-butt-lift-bbl-miami,0,1,1.0
90d,best miami bbl surgeons,/procedures/brazilian-butt-lift-bbl-miami,0,1,27.0
90d,"best mommy makeover consultation in miami, fl",/procedures/mommy-makeover-miami,0,1,9.0
90d,best mommy makeover surgeon in florida,/procedures/mommy-makeover-miami,0,1,96.0
90d,best place for a tummy tuck,/procedures/tummy-tuck-miami,0,1,2.0
90d,best place for tummy tuck scotland,/procedures/tummy-tuck-miami,0,1,3.0
90d,best plastic surgeons in orange county,/procedures/brazilian-butt-lift-bbl-miami,0,1,10.0
90d,best tummy tuck plastic surgeon,/procedures/tummy-tuck-miami,0,1,3.0
90d,best tummy tuck surgeon in ontario,/procedures/tummy-tuck-miami,0,1,3.0
90d,best tummy tuck uk,/procedures/tummy-tuck-miami,0,1,5.0
90d,big breast,/procedures/breast-reduction-miami,0,1,1.0
90d,big breasts,/procedures/breast-reduction-miami,0,1,6.0
90d,big-breast,/procedures/breast-reduction-miami,0,1,4.0
90d,bilateral lift,/procedures/brazilian-butt-lift-bbl-miami,0,1,12.0
90d,blefaroplastia,/procedures/blepharoplasty-miami,0,1,1.0
90d,blepharplasty,/procedures/blepharoplasty-miami,0,1,1.0
90d,boob consultation,/procedures/breast-augmentation-miami,0,1,99.0
90d,boob god,/procedures/breast-augmentation-miami,0,1,52.0
90d,boob job miami,/procedures/tummy-tuck-miami,0,1,41.0
90d,boob job sydney,/procedures/breast-augmentation-miami,0,1,1.0
90d,boob jobs,/procedures/breast-augmentation-miami,0,1,89.0
90d,boob jobs in miami,/procedures/breast-augmentation-miami,0,1,59.0
90d,boob jobs miami,/procedures/breast-augmentation-miami,0,1,88.0
90d,boobjob,/procedures/breast-augmentation-miami,0,1,61.0
90d,brachioplasty miami,/procedures/facelift-miami,0,1,4.0
90d,brachioplasty scars photos,/procedures/facelift-miami,0,1,2.0
90d,brachioplasty uk cost,/procedures/facelift-miami,0,1,2.0
90d,brazilian bum lift,/procedures/brazilian-butt-lift-bbl-miami,0,1,3.0
90d,brazilian butt lif miami,/procedures/brazilian-butt-lift-bbl-miami,0,1,17.0
90d,brazilian butt lift miami recovery,/procedures/brazilian-butt-lift-bbl-miami,0,1,84.0
90d,brazilian butt lift surgeon miami,/procedures/brazilian-butt-lift-bbl-miami,0,1,47.0
90d,brazilin butt lift miami,/procedures/brazilian-butt-lift-bbl-miami,0,1,16.0
90d,brazillian butt lift miami,/procedures/brazilian-butt-lift-bbl-miami,0,1,15.0
90d,breast augmentation consultation,/procedures/breast-augmentation-miami,0,1,95.0
90d,breast augmentation cost florida,/procedures/breast-augmentation-miami,0,1,75.0
90d,breast augmentation cuts,/procedures/breast-augmentation-miami,0,1,1.0
90d,breast augmentation in miami fl,/procedures/breast-augmentation-miami,0,1,80.0
90d,breast augmentation miami beach,/procedures/breast-augmentation-miami,0,1,48.0
90d,breast augmentation sunny isles beach,/procedures/breast-augmentation-miami,0,1,38.0
90d,breast augmentation?,/procedures/breast-augmentation-miami,0,1,13.0
90d,breast fat transfer miami,/procedures/breast-augmentation-miami,0,1,55.0
90d,breast implants in miami,/procedures/breast-augmentation-miami,0,1,70.0
90d,breast lift augmentation miami,/procedures/breast-lift-miami,0,1,91.0
90d,breast lift coral gables,/procedures/breast-lift-miami,0,1,83.0
90d,breast lift cost miami,/procedures/breast-lift-miami,0,1,86.0
90d,breast lift implants,/procedures/breast-lift-miami,0,1,77.0
90d,breast lift in miami florida,/procedures/breast-lift-miami,0,1,63.0
90d,breast lift miami cost,/procedures/breast-augmentation-miami,0,1,85.0
90d,breast lift surgery,/procedures/breast-reduction-miami,0,1,3.0
90d,breast lift weston,/procedures/breast-lift-miami,0,1,72.0
90d,breast lift with implants miami,/procedures/breast-augmentation-miami,0,1,63.0
90d,breast reductiom,/procedures/breast-reduction-miami,0,1,1.0
90d,breast reduction miami cost,/procedures/breast-reduction-miami,0,1,41.0
90d,breast reduction recovery week by week pictures reddit,/procedures/breast-reduction-miami,0,1,4.0
90d,breast reduction surgery before and after,/procedures/breast-reduction-miami,0,1,3.0
90d,breast reduction surgery ct,/procedures/breast-reduction-miami,0,1,3.0
90d,breast reduction surgery near me,/procedures/breast-reduction-miami,0,1,39.0
90d,breast surgery in miami,/procedures/breast-augmentation-miami,0,1,65.0
90d,breast surgery in miami,/procedures/breast-lift-miami,0,1,64.0
90d,breat reduction,/procedures/breast-reduction-miami,0,1,1.0
90d,buccal fat removal cost miami,/procedures/liposuction-miami,0,1,81.0
90d,buffalo hump lipo before and after,/procedures/liposuction-miami,0,1,3.0
90d,buffalo hump lipo near me,/procedures/liposuction-miami,0,1,2.0
90d,butt implants miami,/procedures/brazilian-butt-lift-bbl-miami,0,1,84.0
90d,butt injections before and after,/procedures/brazilian-butt-lift-bbl-miami,0,1,3.0
90d,butt lift florida,/procedures/brazilian-butt-lift-bbl-miami,0,1,68.0
90d,butt lift surgery cost,/procedures/brazilian-butt-lift-bbl-miami,0,1,1.0
90d,buttock injections cost near me,/procedures/brazilian-butt-lift-bbl-miami,0,1,2.0
90d,buttock reduction miami,/procedures/brazilian-butt-lift-bbl-miami,0,1,50.0
90d,c section tummy tuck,/procedures/tummy-tuck-miami,0,1,1.0
90d,c-section after tummy tuck,/procedures/tummy-tuck-miami,0,1,3.0
90d,can you fly after a tummy tuck,/procedures/tummy-tuck-miami,0,1,2.0
90d,can you get a bbl in the us,/procedures/brazilian-butt-lift-bbl-miami,0,1,60.0
90d,can you have a tummy tuck without losing weight,/procedures/tummy-tuck-miami,0,1,2.0
90d,can you recommend top-rated plastic surgeons in miami for liposuction?,/procedures/liposuction-miami,0,1,16.0
90d,ce surgery miami,/procedures/facelift-miami,0,1,2.0
90d,celulite removal,/procedures/brazilian-butt-lift-bbl-miami,0,1,17.0
90d,cheap breast augmentation in miami,/procedures/breast-augmentation-miami,0,1,40.0
90d,cheap liposuction packages miami,/procedures/liposuction-miami,0,1,30.0
90d,cheap liposuction packages near me,/procedures/liposuction-miami,0,1,85.0
90d,cheapest place to get a bbl,/procedures/brazilian-butt-lift-bbl-miami,0,1,3.0
90d,circumferential tummy tuck before and after,/procedures/tummy-tuck-miami,0,1,6.0
90d,clinica de lipo,/procedures/liposuction-miami,0,1,78.0
90d,combination procedures miami,/procedures/mommy-makeover-miami,0,1,14.0
90d,combine,/procedures/mommy-makeover-miami,0,1,9.0
90d,common problems after breast reduction surgery,/procedures/breast-reduction-miami,0,1,2.0
90d,con grasa,/procedures/breast-augmentation-miami,0,1,2.0
90d,cosmetic facelift,/procedures/facelift-miami,0,1,87.0
90d,cosmetic tummy tuck,/procedures/tummy-tuck-miami,0,1,97.0
90d,cost of a bbl,/procedures/brazilian-butt-lift-bbl-miami,0,1,2.0
90d,cost of a tummy tuck after weight loss,/procedures/tummy-tuck-miami,0,1,1.0
90d,cost of a tummy tuck in south africa,/procedures/tummy-tuck-miami,0,1,2.0
90d,cost of brazilian butt lift,/procedures/brazilian-butt-lift-bbl-miami,0,1,1.0
90d,cost of facelift in south korea,/procedures/brazilian-butt-lift-bbl-miami,0,1,2.0
90d,cost of tummy tuck in florida,/procedures/tummy-tuck-miami,0,1,95.0
90d,cost of tummy tuck in south africa,/procedures/tummy-tuck-miami,0,1,2.0
90d,cost of tummy tuck in turkey,/procedures/tummy-tuck-miami,0,1,3.0
90d,costa rica plastic surgery packages,/procedures/brazilian-butt-lift-bbl-miami,0,1,5.0
90d,curvy tuck,/procedures/tummy-tuck-miami,0,1,69.0
90d,cutejuliavictoria breast reduction,/procedures/breast-reduction-miami,0,1,10.0
90d,dark circle surgery miami,/procedures/blepharoplasty-miami,0,1,58.0
90d,dental implants miami fl,/procedures/breast-augmentation-miami,0,1,2.0
90d,do tummy tuck scars fade,/procedures/tummy-tuck-miami,0,1,2.0
90d,doctor miami net worth,/procedures/brazilian-butt-lift-bbl-miami,0,1,2.0
90d,does a tummy tuck hurt,/procedures/tummy-tuck-miami,0,1,2.0
90d,does a tummy tuck remove visceral fat,/procedures/tummy-tuck-miami,0,1,2.0
90d,does insurance pay for mommy makeover,/procedures/mommy-makeover-miami,0,1,95.0
90d,does sono bello do arm lifts,/procedures/facelift-miami,0,1,2.0
90d,double bbl surgery,/procedures/brazilian-butt-lift-bbl-miami,0,1,3.0
90d,dr alfred sofer miami reviews,/procedures/brazilian-butt-lift-bbl-miami,0,1,3.0
90d,dr ary krau prices,/procedures/breast-augmentation-miami,0,1,71.0
90d,dr boulos miami,/procedures/brazilian-butt-lift-bbl-miami,0,1,5.0
90d,dr cannon miami,/procedures/brazilian-butt-lift-bbl-miami,0,1,5.0
90d,dr finical charlotte plastic surgery,/procedures/mommy-makeover-miami,0,1,5.0
90d,dr liakos,/procedures/tummy-tuck-miami,0,1,5.0
90d,dr miami,/procedures/brazilian-butt-lift-bbl-miami,0,1,4.0
90d,dr miami mommy makeover price,/procedures/mommy-makeover-miami,0,1,80.0
90d,dr miami plastic surgery,/procedures/mommy-makeover-miami,0,1,4.0
90d,dr miami plastic surgery prices,/procedures/mommy-makeover-miami,0,1,3.0
90d,dr miami pricing,/procedures/blepharoplasty-miami,0,1,4.0
90d,dr miami reviews,/procedures/blepharoplasty-miami,0,1,4.0
90d,dr michael stefan miami reviews,/procedures/mommy-makeover-miami,0,1,3.0
90d,dr oliver simmons miami reviews,/procedures/brazilian-butt-lift-bbl-miami,0,1,3.0
90d,dr victoria karlinsky reviews,/procedures/mommy-makeover-miami,0,1,76.0
90d,dr. meegan gruber,/procedures/brazilian-butt-lift-bbl-miami,0,1,3.0
90d,dr. miami,/procedures/blepharoplasty-miami,0,1,4.0
90d,drainless tummy tuck miami,/procedures/tummy-tuck-miami,0,1,66.0
90d,evaluate miami plastic surgery on blepharoplasty,/procedures/blepharoplasty-miami,0,1,6.0
90d,evaluate miami plastic surgery on rhinoplasty,/procedures/brazilian-butt-lift-bbl-miami,0,1,8.0
90d,evelift reviews,/procedures/brazilian-butt-lift-bbl-miami,0,1,2.0
90d,everything,/procedures/mommy-makeover-miami,0,1,3.0
90d,expected recovery time,/procedures/mommy-makeover-miami,0,1,5.0
90d,express liposuction,/procedures/liposuction-miami,0,1,69.0
90d,extended tummy tuck coral gables,/procedures/tummy-tuck-miami,0,1,54.0
90d,eye bag operation cost,/procedures/blepharoplasty-miami,0,1,3.0
90d,eyelid lift,/procedures/blepharoplasty-miami,0,1,1.0
90d,eyelid lift melbourne florida,/procedures/blepharoplasty-miami,0,1,1.0
90d,eyelid surgery miami gardens,/procedures/blepharoplasty-miami,0,1,67.0
90d,eyelid surgery specialists in miami,/procedures/blepharoplasty-miami,0,1,76.0
90d,face lift signs,/procedures/facelift-miami,0,1,1.0
90d,face plastic surgery,/procedures/facelift-miami,0,1,38.0
90d,face plastic surgery miami,/procedures/facelift-miami,0,1,83.0
90d,face tightening surgery,/procedures/facelift-miami,0,1,88.0
90d,facelift before after,/procedures/facelift-miami,0,1,2.0
90d,facelift before and after,/procedures/facelift-miami,0,1,2.0
90d,facelift consultation,/procedures/facelift-miami,0,1,100.0
90d,facelift cost near me,/procedures/facelift-miami,0,1,28.0
90d,facelift florida,/procedures/facelift-miami,0,1,91.0
90d,facelift surgery consultation booking optimization,/procedures/facelift-miami,0,1,99.0
90d,facelift surgery cost miami 2025 or 2026,/procedures/facelift-miami,0,1,16.0
90d,facelift surgery cost miami 2026,/procedures/facelift-miami,0,1,17.0
90d,facial fat transfer nassau county ny,/procedures/facelift-miami,0,1,5.0
90d,failed tummy tuck,/procedures/tummy-tuck-miami,0,1,3.0
90d,fat butt nude,/procedures/brazilian-butt-lift-bbl-miami,0,1,56.0
90d,fat transfer,/procedures/mommy-makeover-miami,0,1,39.0
90d,fdl tummy tuck scar,/procedures/tummy-tuck-miami,0,1,3.0
90d,fleur de lis abdominoplasty,/procedures/tummy-tuck-miami,0,1,3.0
90d,fleur de lis surgery,/procedures/tummy-tuck-miami,0,1,3.0
90d,fleur de lis tummy tuck cost,/procedures/tummy-tuck-miami,0,1,3.0
90d,fleur de lis tummy tuck near me,/procedures/tummy-tuck-miami,0,1,2.0
90d,fleur-de-lis abdominoplasty,/procedures/tummy-tuck-miami,0,1,3.0
90d,florida breast lift,/procedures/breast-augmentation-miami,0,1,2.0
90d,florida facelift,/procedures/facelift-miami,0,1,90.0
90d,flow plastic surgery miami,/procedures/facelift-miami,0,1,68.0
90d,full body loose skin removal cost,/procedures/tummy-tuck-miami,0,1,3.0
90d,full body skin removal surgery cost mexico,/procedures/tummy-tuck-miami,0,1,3.0
90d,generous breasts,/procedures/breast-reduction-miami,0,1,1.0
90d,get a bbl,/procedures/brazilian-butt-lift-bbl-miami,0,1,77.0
90d,girl with bbl,/procedures/brazilian-butt-lift-bbl-miami,0,1,1.0
90d,half face lift,/procedures/facelift-miami,0,1,18.0
90d,hd liposuction miami,/procedures/liposuction-miami,0,1,72.0
90d,hot mommy makeover,/procedures/mommy-makeover-miami,0,1,73.0
90d,hourglass tummy tuck in miami,/procedures/mommy-makeover-miami,0,1,20.0
90d,how a tummy tuck is done,/procedures/tummy-tuck-miami,0,1,2.0
90d,how dangerous is a tummy tuck,/procedures/tummy-tuck-miami,0,1,2.0
90d,how do people pay for plastic surgery,/procedures/brazilian-butt-lift-bbl-miami,0,1,3.0
90d,how does a brazilian butt lift enhance lower body curves?,/procedures/brazilian-butt-lift-bbl-miami,0,1,15.0
90d,how does sono bello work,/procedures/tummy-tuck-miami,0,1,3.0
90d,how is muscle repair done in tummy tuck,/procedures/tummy-tuck-miami,0,1,2.0
90d,how long after tummy tuck can i sleep on my side,/procedures/tummy-tuck-miami,0,1,3.0
90d,how long do you wear compression bra after breast reduction,/procedures/breast-reduction-miami,0,1,3.0
90d,how long does a brachioplasty take,/procedures/facelift-miami,0,1,2.0
90d,how long does a tummy tuck last,/procedures/tummy-tuck-miami,0,1,2.0
90d,how long does a tummy tuck surgery last,/procedures/tummy-tuck-miami,0,1,2.0
90d,how long does muscle repair take to heal after tummy tuck,/procedures/tummy-tuck-miami,0,1,3.0
90d,how long is a bbl procedure,/procedures/brazilian-butt-lift-bbl-miami,0,1,4.0
90d,how long is surgery,/procedures/mommy-makeover-miami,0,1,1.0
90d,how long is the tummy tuck surgery,/procedures/tummy-tuck-miami,0,1,2.0
90d,how much are bbls,/procedures/brazilian-butt-lift-bbl-miami,0,1,1.0
90d,how much are butt injections,/procedures/brazilian-butt-lift-bbl-miami,0,1,2.0
90d,how much are mini tummy tucks,/procedures/tummy-tuck-miami,0,1,3.0
90d,how much are new boobs,/procedures/breast-augmentation-miami,0,1,31.0
90d,how much are tummy tucks in florida,/procedures/tummy-tuck-miami,0,1,99.0
90d,how much can i lift,/procedures/tummy-tuck-miami,0,1,1.0
90d,how much do a bbl cost,/procedures/brazilian-butt-lift-bbl-miami,0,1,2.0
90d,how much does a bbl cost,/procedures/brazilian-butt-lift-bbl-miami,0,1,1.0
90d,how much does a boob job cost in miami,/procedures/breast-augmentation-miami,0,1,29.0
90d,how much does a brazilian but lift cost,/procedures/brazilian-butt-lift-bbl-miami,0,1,33.0
90d,how much does a sonobello treatment cost,/procedures/tummy-tuck-miami,0,1,2.0
90d,how much does a tummy tuck cost in florida,/procedures/tummy-tuck-miami,0,1,77.0
90d,how much does a tummy tuck cost in south africa,/procedures/tummy-tuck-miami,0,1,3.0
90d,how much does an apronectomy cost,/procedures/tummy-tuck-miami,0,1,3.0
90d,how much does dr miami charge for bbl,/procedures/brazilian-butt-lift-bbl-miami,0,1,43.0
90d,how much does it cost to get a bbl,/procedures/brazilian-butt-lift-bbl-miami,0,1,1.0
90d,how much does liposuction cost,/procedures/liposuction-miami,0,1,1.0
90d,how much does liposuction cost on the stomach,/procedures/liposuction-miami,0,1,2.0
90d,how much does sono bello tummy tuck cost,/procedures/tummy-tuck-miami,0,1,3.0
90d,how much is a abdominoplasty,/procedures/tummy-tuck-miami,0,1,2.0
90d,how much is a bbl dr miami,/procedures/brazilian-butt-lift-bbl-miami,0,1,85.0
90d,how much is a boob lift and tummy tuck,/procedures/tummy-tuck-miami,0,1,2.0
90d,how much is a breast reduction in miami,/procedures/breast-reduction-miami,0,1,66.0
90d,how much is a fat transfer to buttocks,/procedures/brazilian-butt-lift-bbl-miami,0,1,1.0
90d,how much is a good bbl,/procedures/brazilian-butt-lift-bbl-miami,0,1,12.0
90d,how much is a liposuction in miami,/procedures/liposuction-miami,0,1,58.0
90d,how much is a tummy tuck in northern ireland,/procedures/tummy-tuck-miami,0,1,3.0
90d,how much is a tummy tuck in south africa,/procedures/tummy-tuck-miami,0,1,2.0
90d,how much is bbl,/procedures/brazilian-butt-lift-bbl-miami,0,1,1.0
90d,how much is fat transfer,/procedures/brazilian-butt-lift-bbl-miami,0,1,2.0
90d,how much is liposuction miami,/procedures/liposuction-miami,0,1,54.0
90d,how much is stomach liposuction uk,/procedures/tummy-tuck-miami,0,1,3.0
90d,how much is tummy tuck in nigeria,/procedures/tummy-tuck-miami,0,1,2.0
90d,how much liposuction cost,/procedures/liposuction-miami,0,1,2.0
90d,how much us a tummy tuck,/procedures/tummy-tuck-miami,0,1,2.0
90d,how much will it cost,/procedures/brazilian-butt-lift-bbl-miami,0,1,5.0
90d,huge boob,/procedures/breast-reduction-miami,0,1,3.0
90d,hyaluronic acid butt lift miami,/procedures/brazilian-butt-lift-bbl-miami,0,1,56.0
90d,i had two kids and want mommy makeover in miami best surgeons with pricing packages,/procedures/mommy-makeover-miami,0,1,1.0
90d,im thinking about getting mommy makeover at the method miami and they say natural results not overdone what do real patient reviews say compared to other luxury practices,/procedures/mommy-makeover-miami,0,1,7.0
90d,implants miami,/procedures/breast-augmentation-miami,0,1,2.0
90d,in florida,/procedures/brazilian-butt-lift-bbl-miami,0,1,4.0
90d,in miami,/procedures/mommy-makeover-miami,0,1,4.0
90d,inplants,/procedures/breast-augmentation-miami,0,1,7.0
90d,instant bbl miami,/procedures/brazilian-butt-lift-bbl-miami,0,1,76.0
90d,is a tummy tuck major surgery,/procedures/tummy-tuck-miami,0,1,2.0
90d,is a tummy tuck painful,/procedures/tummy-tuck-miami,0,1,2.0
90d,is a tummy tuck painful recovery,/procedures/tummy-tuck-miami,0,1,2.0
90d,is a tummy tuck worth it,/procedures/tummy-tuck-miami,0,1,2.0
90d,is dr stephanie luster board certified,/procedures/brazilian-butt-lift-bbl-miami,0,1,2.0
90d,is loose skin removal covered by medicare,/procedures/tummy-tuck-miami,0,1,2.0
90d,is tummy tuck safe,/procedures/tummy-tuck-miami,0,1,2.0
90d,is tummy tuck safe after c section,/procedures/tummy-tuck-miami,0,1,2.0
90d,is tummy tuck worth it,/procedures/tummy-tuck-miami,0,1,2.0
90d,jak to vypada,/procedures/breast-augmentation-miami,0,1,10.0
90d,large bbl,/procedures/brazilian-butt-lift-bbl-miami,0,1,51.0
90d,latina boob drop,/procedures/breast-augmentation-miami,0,1,87.0
90d,lift and augmentation,/procedures/breast-augmentation-miami,0,1,3.0
90d,lipo doctors in miami,/procedures/liposuction-miami,0,1,72.0
90d,lipo in miami cost,/procedures/liposuction-miami,0,1,70.0
90d,lipo suction miami,/procedures/liposuction-miami,0,1,67.0
90d,lipo360 miami,/procedures/liposuction-miami,0,1,90.0
90d,liposculpture miami cost,/procedures/liposuction-miami,0,1,53.0
90d,liposuccion de alta definicion south miami,/procedures/liposuction-miami,0,1,75.0
90d,liposuction & bbl florida,/procedures/brazilian-butt-lift-bbl-miami,0,1,29.0
90d,liposuction buffalo hump,/procedures/liposuction-miami,0,1,3.0
90d,liposuction hialeah,/procedures/liposuction-miami,0,1,66.0
90d,liposuction surgeons miami,/procedures/liposuction-miami,0,1,86.0
90d,liposuction surgery near me,/procedures/liposuction-miami,0,1,20.0
90d,liquid brazilian butt lift miami,/procedures/brazilian-butt-lift-bbl-miami,0,1,54.0
90d,lower bleph miami,/procedures/blepharoplasty-miami,0,1,77.0
90d,lower blepharoplasty brisbane,/procedures/blepharoplasty-miami,0,1,2.0
90d,lower blepharoplasty melbourne cost,/procedures/blepharoplasty-miami,0,1,3.0
90d,lutz breast augmentation,/procedures/breast-lift-miami,0,1,101.0
90d,mammoplasty miami,/procedures/breast-lift-miami,0,1,80.0
90d,mastopexy surgery south florida,/procedures/breast-lift-miami,0,1,65.0
90d,mia aesthetic miami,/procedures/mommy-makeover-miami,0,1,2.0
90d,miami bbl plastic surgeons,/procedures/brazilian-butt-lift-bbl-miami,0,1,28.0
90d,miami bbl specials,/procedures/brazilian-butt-lift-bbl-miami,0,1,89.0
90d,miami bitch bbl,/procedures/brazilian-butt-lift-bbl-miami,0,1,1.0
90d,miami brazilian buttock augmentation,/procedures/brazilian-butt-lift-bbl-miami,0,1,98.0
90d,miami breast augmentation price,/procedures/breast-augmentation-miami,0,1,49.0
90d,miami breast implant cost,/procedures/breast-augmentation-miami,0,1,30.0
90d,miami florida breast augmentation,/procedures/breast-augmentation-miami,0,1,2.0
90d,miami liposuction prices,/procedures/liposuction-miami,0,1,86.0
90d,miami mommy makeover average cost 2026,/procedures/mommy-makeover-miami,0,1,1.0
90d,miami natural breast augmentation,/procedures/breast-augmentation-miami,0,1,42.0
90d,miami plastic surgery,/procedures/facelift-miami,0,1,1.0
90d,miami price,/procedures/brazilian-butt-lift-bbl-miami,0,1,3.0
90d,miami tummy tuck cost,/procedures/tummy-tuck-miami,0,1,99.0
90d,mini face lift miami cost,/procedures/mommy-makeover-miami,0,1,1.0
90d,mini face lift north miami,/procedures/facelift-miami,0,1,65.0
90d,mini facelift cost miami florida 2025 or 2026,/procedures/facelift-miami,0,1,14.0
90d,mini facelift cost miami florida 2026,/procedures/facelift-miami,0,1,17.0
90d,mini lifting facial precio en miami,/procedures/facelift-miami,0,1,79.0
90d,mini tummy tuck,/procedures/tummy-tuck-miami,0,1,3.0
90d,mini tummy tuck photos,/procedures/tummy-tuck-miami,0,1,2.0
90d,mini tummy tuck recovery,/procedures/tummy-tuck-miami,0,1,3.0
90d,mini vs full tummy tuck,/procedures/tummy-tuck-miami,0,1,3.0
90d,mommy make over,/procedures/tummy-tuck-miami,0,1,1.0
90d,mommy makeover before and after,/procedures/tummy-tuck-miami,0,1,3.0
90d,mommy makeover before and after miami,/procedures/mommy-makeover-miami,0,1,56.0
90d,mommy makeover bellingham,/procedures/mommy-makeover-miami,0,1,87.0
90d,mommy makeover boynton beach,/procedures/mommy-makeover-miami,0,1,76.0
90d,mommy makeover consultation with personalized surgical planning,/procedures/mommy-makeover-miami,0,1,13.0
90d,mommy makeover cost,/procedures/tummy-tuck-miami,0,1,3.0
90d,mommy makeover cost 2026,/procedures/mommy-makeover-miami,0,1,14.0
90d,mommy makeover death rate,/procedures/tummy-tuck-miami,0,1,3.0
90d,mommy makeover florida price,/procedures/mommy-makeover-miami,0,1,96.0
90d,mommy makeover great neck,/procedures/mommy-makeover-miami,0,1,99.0
90d,mommy makeover in mexico,/procedures/mommy-makeover-miami,0,1,1.0
90d,mommy makeover jacksonville beach fl,/procedures/mommy-makeover-miami,0,1,76.0
90d,mommy makeover jacksonville fl,/procedures/mommy-makeover-miami,0,1,81.0
90d,mommy makeover lithuania,/procedures/tummy-tuck-miami,0,1,4.0
90d,mommy makeover mexico,/procedures/tummy-tuck-miami,0,1,3.0
90d,mommy makeover plastic surgery,/procedures/mommy-makeover-miami,0,1,33.0
90d,mommy makeover providers in aventura with concierge support.,/procedures/mommy-makeover-miami,0,1,1.0
90d,mommy makeover saskatoon,/procedures/tummy-tuck-miami,0,1,3.0
90d,mommy makeover st johns fl,/procedures/mommy-makeover-miami,0,1,88.0
90d,mommy makeover tallahassee,/procedures/mommy-makeover-miami,0,1,52.0
90d,mommy makeover usa,/procedures/mommy-makeover-miami,0,1,76.0
90d,mommy makeover winnipeg,/procedures/tummy-tuck-miami,0,1,3.0
90d,mommy makeover with female surgeon,/procedures/mommy-makeover-miami,0,1,89.0
90d,more photos,/procedures/breast-augmentation-miami,0,1,6.0
90d,mummy make over surgery,/procedures/tummy-tuck-miami,0,1,4.0
90d,mummy makeover canberra,/procedures/mommy-makeover-miami,0,1,1.0
90d,natural bbl cost,/procedures/brazilian-butt-lift-bbl-miami,0,1,13.0
90d,natural bbl results florida,/procedures/brazilian-butt-lift-bbl-miami,0,1,10.0
90d,nhs tummy tuck criteria,/procedures/tummy-tuck-miami,0,1,2.0
90d,non surgical bbl near me,/procedures/brazilian-butt-lift-bbl-miami,0,1,4.0
90d,pics,/procedures/tummy-tuck-miami,0,1,1.0
90d,pictures of tummy tucks,/procedures/tummy-tuck-miami,0,1,8.0
90d,plastic surgery breast,/procedures/breast-augmentation-miami,0,1,90.0
90d,plastic surgery breast augmentation,/procedures/breast-augmentation-miami,0,1,98.0
90d,plastic surgery for tummy,/procedures/tummy-tuck-miami,0,1,82.0
90d,plastic surgery in canada cost,/procedures/brazilian-butt-lift-bbl-miami,0,1,2.0
90d,plastic surgery in miami fl prices,/procedures/mommy-makeover-miami,0,1,3.0
90d,plastic surgery mommy makeover,/procedures/mommy-makeover-miami,0,1,6.0
90d,plus size bbl,/procedures/brazilian-butt-lift-bbl-miami,0,1,67.0
90d,plus size tummy tuck miami,/procedures/mommy-makeover-miami,0,1,69.0
90d,popular surgery procedures in miami,/procedures/mommy-makeover-miami,0,1,55.0
90d,power assisted liposuction miami,/procedures/liposuction-miami,0,1,25.0
90d,preserve breast augmentation before and after,/procedures/breast-reduction-miami,0,1,2.0
90d,preserve surgery,/procedures/breast-reduction-miami,0,1,3.0
90d,price breast augmentation,/procedures/breast-augmentation-miami,0,1,1.0
90d,pricing,/procedures/brazilian-butt-lift-bbl-miami,0,1,8.0
90d,pure plastic surgery reviews,/procedures/brazilian-butt-lift-bbl-miami,0,1,3.0
90d,recovery after brachioplasty,/procedures/facelift-miami,0,1,2.0
90d,recovery from a tummy tuck,/procedures/tummy-tuck-miami,0,1,2.0
90d,recovery time awake facelift vs general anesthesia,/procedures/facelift-miami,0,1,15.0
90d,reverse tummy tuck miami,/procedures/tummy-tuck-miami,0,1,56.0
90d,revision breast augmentation miami,/procedures/breast-augmentation-miami,0,1,93.0
90d,revision liposuction miami,/procedures/liposuction-miami,0,1,82.0
90d,revisión de bbl en miami,/procedures/brazilian-butt-lift-bbl-miami,0,1,50.0
90d,risks of tummy tuck,/procedures/tummy-tuck-miami,0,1,3.0
90d,saline vs silicone implants before and after,/procedures/breast-augmentation-miami,0,1,3.0
90d,scarring after breast lift,/procedures/breast-reduction-miami,0,1,2.0
90d,schedule liposuction,/procedures/liposuction-miami,0,1,91.0
90d,show me pictures,/procedures/breast-augmentation-miami,0,1,1.0
90d,side effects of abdominoplasty,/procedures/tummy-tuck-miami,0,1,2.0
90d,site:alluringplasticsurgery.com,/procedures/blepharoplasty-miami,0,1,64.0
90d,site:alluringplasticsurgery.com,/procedures/brazilian-butt-lift-bbl-miami,0,1,120.0
90d,site:alluringplasticsurgery.com,/procedures/breast-augmentation-miami,0,1,81.0
90d,site:alluringplasticsurgery.com,/procedures/breast-lift-miami,0,1,78.0
90d,site:alluringplasticsurgery.com,/procedures/breast-reduction-miami,0,1,72.0
90d,site:alluringplasticsurgery.com,/procedures/facelift-miami,0,1,56.0
90d,site:alluringplasticsurgery.com,/procedures/liposuction-miami,0,1,60.0
90d,site:alluringplasticsurgery.com,/procedures/mommy-makeover-miami,0,1,71.0
90d,site:alluringplasticsurgery.com,/procedures/tummy-tuck-miami,0,1,80.0
90d,skin tightening after liposuction miami,/procedures/liposuction-miami,0,1,98.0
90d,smart plastic surgery,/procedures/tummy-tuck-miami,0,1,6.0
90d,smartlipo before after,/procedures/liposuction-miami,0,1,2.0
90d,sonabello,/procedures/tummy-tuck-miami,0,1,2.0
90d,sono bello ab ex,/procedures/tummy-tuck-miami,0,1,3.0
90d,sono bello buffalo,/procedures/tummy-tuck-miami,0,1,2.0
90d,sono bello near me,/procedures/tummy-tuck-miami,0,1,2.0
90d,sono bello nightmare,/procedures/tummy-tuck-miami,0,1,3.0
90d,sono bello nightmare before and after,/procedures/tummy-tuck-miami,0,1,3.0
90d,sono bello reviews negative,/procedures/tummy-tuck-miami,0,1,3.0
90d,sono bello surgeons,/procedures/tummy-tuck-miami,0,1,2.0
90d,sono bello treatment,/procedures/tummy-tuck-miami,0,1,3.0
90d,start task,/procedures/brazilian-butt-lift-bbl-miami,0,1,10.0
90d,subtle hourglass,/procedures/brazilian-butt-lift-bbl-miami,0,1,1.0
90d,symptoms of diastasis recti,/procedures/tummy-tuck-miami,0,1,2.0
90d,tommy tuck cost in miami,/procedures/tummy-tuck-miami,0,1,46.0
90d,top 10 bbl surgeons in miami,/procedures/brazilian-butt-lift-bbl-miami,0,1,3.0
90d,top cosmetic surgeon reviews,/procedures/brazilian-butt-lift-bbl-miami,0,1,7.0
90d,top tummy tuck surgeons in florida,/procedures/tummy-tuck-miami,0,1,93.0
90d,top-rated mommy makeover surgeon in miami,/procedures/mommy-makeover-miami,0,1,8.0
90d,torsoplasty before and after,/procedures/tummy-tuck-miami,0,1,1.0
90d,tummy liposuction cost melbourne,/procedures/liposuction-miami,0,1,3.0
90d,tummy tuck 360,/procedures/tummy-tuck-miami,0,1,3.0
90d,tummy tuck 360 before and after,/procedures/tummy-tuck-miami,0,1,3.0
90d,tummy tuck and bbl in miami,/procedures/brazilian-butt-lift-bbl-miami,0,1,81.0
90d,tummy tuck and bbl miami,/procedures/brazilian-butt-lift-bbl-miami,0,1,72.0
90d,tummy tuck and thigh lift,/procedures/tummy-tuck-miami,0,1,3.0
90d,tummy tuck befor and after,/procedures/tummy-tuck-miami,0,1,1.0
90d,tummy tuck before and after photos,/procedures/tummy-tuck-miami,0,1,3.0
90d,tummy tuck before and after pictures,/procedures/tummy-tuck-miami,0,1,3.0
90d,tummy tuck bloomfield hills mi,/procedures/tummy-tuck-miami,0,1,7.0
90d,tummy tuck boca raton,/procedures/tummy-tuck-miami,0,1,2.0
90d,tummy tuck canberra,/procedures/tummy-tuck-miami,0,1,2.0
90d,tummy tuck complications,/procedures/tummy-tuck-miami,0,1,2.0
90d,tummy tuck cons,/procedures/tummy-tuck-miami,0,1,3.0
90d,tummy tuck cost bc,/procedures/tummy-tuck-miami,0,1,2.0
90d,tummy tuck cost brisbane,/procedures/tummy-tuck-miami,0,1,3.0
90d,tummy tuck cost in kenya,/procedures/tummy-tuck-miami,0,1,3.0
90d,tummy tuck cost in miami fl,/procedures/tummy-tuck-miami,0,1,94.0
90d,tummy tuck cost overseas,/procedures/tummy-tuck-miami,0,1,3.0
90d,tummy tuck costa rica,/procedures/tummy-tuck-miami,0,1,1.0
90d,tummy tuck during c section,/procedures/tummy-tuck-miami,0,1,2.0
90d,tummy tuck fl,/procedures/tummy-tuck-miami,0,1,89.0
90d,tummy tuck for diastasis recti cost,/procedures/tummy-tuck-miami,0,1,3.0
90d,tummy tuck for women in tampa,/procedures/tummy-tuck-miami,0,1,1.0
90d,tummy tuck fort lauderdale,/procedures/tummy-tuck-miami,0,1,2.0
90d,tummy tuck gone wrong,/procedures/tummy-tuck-miami,0,1,3.0
90d,tummy tuck images,/procedures/tummy-tuck-miami,0,1,3.0
90d,tummy tuck in the uk,/procedures/tummy-tuck-miami,0,1,3.0
90d,tummy tuck ireland,/procedures/tummy-tuck-miami,0,1,2.0
90d,tummy tuck mexico,/procedures/tummy-tuck-miami,0,1,2.0
90d,tummy tuck miami florida cost,/procedures/tummy-tuck-miami,0,1,92.0
90d,tummy tuck mortality rate,/procedures/tummy-tuck-miami,0,1,2.0
90d,tummy tuck muscle repair cost,/procedures/tummy-tuck-miami,0,1,3.0
90d,tummy tuck plastic surgeons near me,/procedures/tummy-tuck-miami,0,1,71.0
90d,tummy tuck price turkey,/procedures/tummy-tuck-miami,0,1,3.0
90d,tummy tuck prices,/procedures/tummy-tuck-miami,0,1,3.0
90d,tummy tuck prices uk,/procedures/tummy-tuck-miami,0,1,3.0
90d,tummy tuck recovery essentials,/procedures/tummy-tuck-miami,0,1,2.0
90d,tummy tuck recovery miami,/procedures/tummy-tuck-miami,0,1,56.0
90d,tummy tuck recovery time photos,/procedures/tummy-tuck-miami,0,1,7.0
90d,tummy tuck recovery tips,/procedures/tummy-tuck-miami,0,1,3.0
90d,tummy tuck regrets reddit,/procedures/brazilian-butt-lift-bbl-miami,0,1,11.0
90d,tummy tuck reviews,/procedures/tummy-tuck-miami,0,1,3.0
90d,tummy tuck risks,/procedures/tummy-tuck-miami,0,1,3.0
90d,tummy tuck risks of death,/procedures/tummy-tuck-miami,0,1,3.0
90d,tummy tuck scar,/procedures/tummy-tuck-miami,0,1,3.0
90d,tummy tuck side effects,/procedures/tummy-tuck-miami,0,1,3.0
90d,tummy tuck surgery cost in turkey,/procedures/tummy-tuck-miami,0,1,3.0
90d,tummy tuck surgery side effects,/procedures/tummy-tuck-miami,0,1,3.0
90d,tummy tuck sydney,/procedures/tummy-tuck-miami,0,1,2.0
90d,tummy tuck turkey,/procedures/tummy-tuck-miami,0,1,3.0
90d,tummy tuck uk,/procedures/tummy-tuck-miami,0,1,4.0
90d,tummy tuck vs c section recovery,/procedures/tummy-tuck-miami,0,1,2.0
90d,tummy tuck with lipo before and after,/procedures/tummy-tuck-miami,0,1,4.0
90d,tummy tuck without lipo,/procedures/tummy-tuck-miami,0,1,3.0
90d,tummy tuck wound healing problems,/procedures/tummy-tuck-miami,0,1,3.0
90d,uk tummy tuck cost,/procedures/tummy-tuck-miami,0,1,3.0
90d,umbilical hernia repair and tummy tuck,/procedures/tummy-tuck-miami,0,1,2.0
90d,under breasts,/procedures/breast-reduction-miami,0,1,2.0
90d,upper arm plastic surgery,/procedures/facelift-miami,0,1,3.0
90d,upper arm tuck cost,/procedures/facelift-miami,0,1,3.0
90d,upper eyelid surgery cost,/procedures/blepharoplasty-miami,0,1,3.0
90d,upper facelift coral gables,/procedures/facelift-miami,0,1,72.0
90d,vertical restore facelift miami,/procedures/facelift-miami,0,1,66.0
90d,what about in miami,/procedures/brazilian-butt-lift-bbl-miami,0,1,2.0
90d,what are drains for after tummy tuck,/procedures/tummy-tuck-miami,0,1,2.0
90d,what are the best clinics for laser liposuction procedures?,/procedures/liposuction-miami,0,1,9.0
90d,what are the best mommy makeover options for restoring pre-pregnancy shape?,/procedures/mommy-makeover-miami,0,1,3.0
90d,what do they do for a tummy tuck,/procedures/tummy-tuck-miami,0,1,2.0
90d,what does a tummy tuck involve,/procedures/tummy-tuck-miami,0,1,2.0
90d,what does mommy makeover include,/procedures/tummy-tuck-miami,0,1,3.0
90d,what is a 360 tummy tuck,/procedures/tummy-tuck-miami,0,1,2.0
90d,what is a body lift surgery,/procedures/facelift-miami,0,1,2.0
90d,what is a circumferential body lift,/procedures/tummy-tuck-miami,0,1,1.0
90d,what is a good age to get a facelift,/procedures/facelift-miami,0,1,1.0
90d,what is a micro facelift,/procedures/mommy-makeover-miami,0,1,2.0
90d,what is an arm lift,/procedures/facelift-miami,0,1,2.0
90d,what is an extended brachioplasty,/procedures/facelift-miami,0,1,2.0
90d,what is bbl,/procedures/brazilian-butt-lift-bbl-miami,0,1,2.0
90d,what is blepharoplasty,/procedures/blepharoplasty-miami,0,1,22.0
90d,what is fdl tummy tuck,/procedures/tummy-tuck-miami,0,1,2.0
90d,what is included in a mommy makeover,/procedures/mommy-makeover-miami,0,1,2.0
90d,what is the average cost of a brachioplasty,/procedures/facelift-miami,0,1,3.0
90d,whats a bbl,/procedures/brazilian-butt-lift-bbl-miami,0,1,2.0
90d,whats a mummy make over,/procedures/tummy-tuck-miami,0,1,2.0
90d,which leading clinics offer mommy makeovers with personalized recovery plans?,/procedures/mommy-makeover-miami,0,1,5.0
90d,who are the best mommy makeover surgeons for natural results in beverly hills,/procedures/mommy-makeover-miami,0,1,8.0
90d,who is the best brazilian butt lift surgeon for natural results?,/procedures/brazilian-butt-lift-bbl-miami,0,1,9.0
90d,worst day after tummy tuck,/procedures/tummy-tuck-miami,0,1,3.0
90d,y en miami,/procedures/brazilian-butt-lift-bbl-miami,0,1,3.0
90d,yes,/procedures/blepharoplasty-miami,0,1,13.0
180d,blepharoplasty miami,/procedures/blepharoplasty-miami,0,2459,60.5
180d,liposuction miami,/procedures/liposuction-miami,0,2409,67.3
180d,mommy makeover miami,/procedures/mommy-makeover-miami,0,2380,59.8
180d,eyelid surgery miami,/procedures/blepharoplasty-miami,0,2248,57.9
180d,breast augmentation miami,/procedures/breast-augmentation-miami,0,2077,61.7
180d,tummy tuck miami,/procedures/tummy-tuck-miami,1,2058,75.1
180d,brazilian butt lift miami,/procedures/brazilian-butt-lift-bbl-miami,0,1941,36.5
180d,facelift miami,/procedures/facelift-miami,0,1892,70.0
180d,breast reduction miami,/procedures/breast-reduction-miami,0,1581,62.1
180d,breast lift miami,/procedures/breast-lift-miami,0,1530,63.4
180d,bbl miami,/procedures/brazilian-butt-lift-bbl-miami,1,1313,43.3
180d,abdominoplasty miami,/procedures/tummy-tuck-miami,0,892,66.3
180d,mini facelift miami,/procedures/facelift-miami,0,863,62.1
180d,breast implants miami,/procedures/breast-augmentation-miami,0,759,62.9
180d,deep plane facelift miami,/procedures/facelift-miami,0,615,87.0
180d,best facelift miami,/procedures/facelift-miami,0,535,42.4
180d,mastopexy miami,/procedures/breast-lift-miami,0,524,58.6
180d,upper blepharoplasty miami,/procedures/blepharoplasty-miami,0,492,60.0
180d,miami facelift,/procedures/facelift-miami,0,435,70.5
180d,revision facelift miami,/procedures/facelift-miami,0,424,84.0
180d,mommy makeover boca raton,/procedures/mommy-makeover-miami,0,421,85.8
180d,facelift surgeon miami,/procedures/facelift-miami,0,414,66.0
180d,bbl in miami,/procedures/brazilian-butt-lift-bbl-miami,1,405,33.6
180d,miami mommy makeover,/procedures/mommy-makeover-miami,0,349,58.9
180d,bbl cost in miami,/procedures/brazilian-butt-lift-bbl-miami,0,342,16.4
180d,lutz mommy makeover,/procedures/mommy-makeover-miami,0,323,68.1
180d,bbl cost miami,/procedures/brazilian-butt-lift-bbl-miami,0,314,12.8
180d,brazilian butt lift in miami,/procedures/brazilian-butt-lift-bbl-miami,0,307,40.0
180d,miami breast augmentation,/procedures/breast-augmentation-miami,0,293,69.1
180d,how much is a bbl in miami,/procedures/brazilian-butt-lift-bbl-miami,2,279,12.4
180d,facelift cost miami,/procedures/facelift-miami,0,268,43.2
180d,miami bbl,/procedures/brazilian-butt-lift-bbl-miami,0,253,34.1
180d,best facelift surgeon miami,/procedures/facelift-miami,0,251,41.4
180d,alluring plastic surgery,/procedures/mommy-makeover-miami,0,247,5.0
180d,mommy makeover in miami,/procedures/mommy-makeover-miami,0,240,58.6
180d,bbl surgery miami,/procedures/brazilian-butt-lift-bbl-miami,0,234,31.6
180d,lipo miami,/procedures/liposuction-miami,0,233,67.4
180d,mommy makeover cost miami,/procedures/mommy-makeover-miami,1,227,23.0
180d,lutz tummy tuck,/procedures/tummy-tuck-miami,0,227,69.7
180d,facelift surgery miami,/procedures/facelift-miami,0,224,67.8
180d,upper eyelid lift miami,/procedures/blepharoplasty-miami,0,224,63.5
180d,lutz facelift,/procedures/facelift-miami,0,215,75.0
180d,tummy tuck miami beach,/procedures/tummy-tuck-miami,0,214,59.5
180d,natural looking facelift miami,/procedures/facelift-miami,0,212,42.2
180d,facelift south miami,/procedures/facelift-miami,0,207,54.3
180d,breast reduction surgery miami,/procedures/breast-reduction-miami,0,201,61.0
180d,bbl surgery in miami,/procedures/brazilian-butt-lift-bbl-miami,0,198,33.4
180d,how much does a bbl cost in miami,/procedures/brazilian-butt-lift-bbl-miami,1,197,13.3
180d,hourglass tummy tuck miami,/procedures/tummy-tuck-miami,0,196,36.4
180d,liposuction in miami,/procedures/liposuction-miami,0,191,70.1
180d,mini tummy tuck miami,/procedures/tummy-tuck-miami,0,191,61.1
180d,best facelift in miami,/procedures/facelift-miami,0,188,44.3
180d,miami liposuction,/procedures/liposuction-miami,0,188,70.5
180d,mommy makeover coral gables,/procedures/mommy-makeover-miami,0,187,79.1
180d,facelift miami beach,/procedures/facelift-miami,0,185,73.2
180d,brazilian butt lift miami fl,/procedures/brazilian-butt-lift-bbl-miami,0,184,42.1
180d,blepharoplasty miami beach,/procedures/blepharoplasty-miami,0,182,62.8
180d,tummy tuck in miami,/procedures/tummy-tuck-miami,0,182,75.0
180d,upper blepharoplasty miami beach,/procedures/blepharoplasty-miami,0,182,59.8
180d,face lift miami,/procedures/facelift-miami,0,181,74.4
180d,facelift in miami,/procedures/facelift-miami,0,179,68.8
180d,alluring plastic surgery,/procedures/tummy-tuck-miami,0,177,7.3
180d,mommy makeover fleming island fl,/procedures/mommy-makeover-miami,0,170,64.0
180d,miami brazilian butt lift,/procedures/brazilian-butt-lift-bbl-miami,0,168,34.9
180d,best facelift surgeon in miami,/procedures/facelift-miami,0,163,50.3
180d,lower blepharoplasty miami,/procedures/blepharoplasty-miami,0,163,62.8
180d,lutz breast lift,/procedures/breast-lift-miami,0,162,89.6
180d,facelift surgery in miami,/procedures/facelift-miami,0,161,67.3
180d,eyelid surgery miami beach,/procedures/blepharoplasty-miami,0,160,59.6
180d,facial liposuction miami,/procedures/liposuction-miami,0,159,68.3
180d,liquid facelift miami,/procedures/facelift-miami,0,158,72.1
180d,liposuction south miami,/procedures/liposuction-miami,0,157,67.5
180d,miami bbl cost,/procedures/brazilian-butt-lift-bbl-miami,0,155,11.3
180d,facelift near me,/procedures/facelift-miami,0,149,35.8
180d,lutz liposuction,/procedures/liposuction-miami,0,149,80.2
180d,mommy makeover palm beach,/procedures/mommy-makeover-miami,0,149,84.4
180d,lower facelift miami,/procedures/facelift-miami,0,148,63.7
180d,best facelift doctor in miami,/procedures/facelift-miami,0,147,44.8
180d,miami mini facelift,/procedures/facelift-miami,0,146,56.7
180d,miami plastic surgery bbl,/procedures/brazilian-butt-lift-bbl-miami,0,143,17.9
180d,best facelift miami beach,/procedures/facelift-miami,0,142,62.6
180d,best facelift surgeon in miami fl,/procedures/facelift-miami,0,142,49.3
180d,liposucción miami,/procedures/liposuction-miami,0,141,73.5
180d,mini facelift cost miami,/procedures/facelift-miami,0,137,47.6
180d,wrinkle reduction miami,/procedures/facelift-miami,0,136,56.1
180d,bbl price miami,/procedures/brazilian-butt-lift-bbl-miami,0,135,11.5
180d,facelift miami cost,/procedures/facelift-miami,0,135,49.0
180d,liposuction miami fl,/procedures/liposuction-miami,0,134,72.0
180d,miami blepharoplasty,/procedures/blepharoplasty-miami,0,134,32.2
180d,lower face lift miami beach,/procedures/facelift-miami,0,132,73.1
180d,how much is a facelift in miami,/procedures/facelift-miami,0,130,54.8
180d,mini face lift miami,/procedures/facelift-miami,0,130,69.9
180d,rhytidectomy miami,/procedures/facelift-miami,0,130,18.3
180d,miami tummy tuck,/procedures/tummy-tuck-miami,0,129,73.0
180d,tummy tuck miami florida,/procedures/tummy-tuck-miami,0,127,73.9
180d,mini facelift miami beach,/procedures/facelift-miami,0,126,71.4
180d,deep plane facelift cost miami,/procedures/facelift-miami,0,122,68.8
180d,ponytail lift miami,/procedures/facelift-miami,0,122,69.8
180d,miami breast lift,/procedures/breast-lift-miami,0,121,65.8
180d,butt lift miami,/procedures/brazilian-butt-lift-bbl-miami,0,118,72.3
180d,how much does a facelift cost in miami,/procedures/facelift-miami,0,118,65.1
180d,ultrasound assisted liposuction miami,/procedures/liposuction-miami,0,118,61.1
180d,cost of facelift in miami,/procedures/facelift-miami,0,117,60.0
180d,upper eyelid surgery miami,/procedures/blepharoplasty-miami,0,117,57.4
180d,breast augmentation cost miami,/procedures/breast-augmentation-miami,0,116,40.5
180d,facelift coral gables,/procedures/facelift-miami,0,115,79.7
180d,mammoplasty miami,/procedures/breast-reduction-miami,0,114,46.4
180d,facial plastic surgery in miami,/procedures/facelift-miami,0,111,84.9
180d,brazilian butt lift miami beach,/procedures/brazilian-butt-lift-bbl-miami,0,110,21.8
180d,liposuction miami cost,/procedures/liposuction-miami,0,110,45.4
180d,best liposuction in miami,/procedures/liposuction-miami,0,109,38.1
180d,liposculpture miami,/procedures/liposuction-miami,0,109,71.1
180d,high definition liposuction miami,/procedures/liposuction-miami,0,108,70.9
180d,mommy makeover surgery miami,/procedures/mommy-makeover-miami,0,108,69.4
180d,mini facelift coral gables,/procedures/facelift-miami,0,106,75.8
180d,best mommy makeover surgeon miami,/procedures/mommy-makeover-miami,0,105,55.4
180d,alluring plastic surgery miami,/procedures/mommy-makeover-miami,0,104,10.2
180d,breast augmentation in miami,/procedures/breast-augmentation-miami,0,99,62.7
180d,mommy makeover miami florida,/procedures/mommy-makeover-miami,0,99,62.8
180d,mid facelift miami,/procedures/facelift-miami,0,94,65.9
180d,facelift revision miami,/procedures/facelift-miami,0,93,70.8
180d,"best tummy tuck surgeon in miami, florida",/procedures/tummy-tuck-miami,0,92,52.0
180d,brest lift miami,/procedures/breast-lift-miami,0,92,67.8
180d,skin lifting treatment miami,/procedures/facelift-miami,0,86,73.6
180d,breast reduction insurance miami,/procedures/breast-reduction-miami,0,85,64.1
180d,bbl miami fl,/procedures/brazilian-butt-lift-bbl-miami,0,84,29.8
180d,mommy makeover miami price,/procedures/mommy-makeover-miami,0,84,58.6
180d,fox eye lift miami,/procedures/facelift-miami,0,83,68.2
180d,lipo cost miami,/procedures/liposuction-miami,0,83,45.6
180d,liposuction near me,/procedures/liposuction-miami,0,83,27.2
180d,revision facelift miami beach,/procedures/facelift-miami,0,83,81.4
180d,mommy makeover cost in miami,/procedures/mommy-makeover-miami,1,82,34.6
180d,lower facelift coral gables,/procedures/facelift-miami,0,82,76.0
180d,mini face lift cost miami,/procedures/facelift-miami,0,82,44.4
180d,alluring plastic surgery,/procedures/facelift-miami,0,80,7.5
180d,blepharoplasty surgeon miami,/procedures/blepharoplasty-miami,0,80,66.8
180d,facelift pricing south florida,/procedures/facelift-miami,0,80,49.6
180d,miami eyelid surgery,/procedures/blepharoplasty-miami,0,80,43.5
180d,miami bbl surgery,/procedures/brazilian-butt-lift-bbl-miami,0,79,24.8
180d,mommy makeover south florida,/procedures/mommy-makeover-miami,0,79,64.9
180d,liposuction cost miami,/procedures/liposuction-miami,0,78,46.1
180d,fat transfer breast augmentation miami,/procedures/breast-augmentation-miami,0,77,43.9
180d,deep plane facelift miami beach,/procedures/facelift-miami,0,76,84.7
180d,brazilian butt lift cost miami,/procedures/brazilian-butt-lift-bbl-miami,0,75,22.7
180d,mommy makeover miami cost,/procedures/mommy-makeover-miami,0,75,31.2
180d,mini lifting facial miami,/procedures/facelift-miami,0,74,69.8
180d,bbl miami cost,/procedures/brazilian-butt-lift-bbl-miami,0,73,11.9
180d,best breast reduction miami,/procedures/breast-reduction-miami,0,72,40.6
180d,breast augmentation miami fl,/procedures/breast-augmentation-miami,0,72,67.0
180d,tummy tuck south miami,/procedures/tummy-tuck-miami,0,71,56.4
180d,tummy tuck cost miami,/procedures/tummy-tuck-miami,0,69,82.7
180d,bbl florida,/procedures/brazilian-butt-lift-bbl-miami,0,66,65.2
180d,mid facelift miami beach,/procedures/facelift-miami,0,66,62.0
180d,bbl in miami cost,/procedures/brazilian-butt-lift-bbl-miami,1,65,11.5
180d,boob job miami,/procedures/breast-augmentation-miami,0,65,51.9
180d,brazilian butt lift in miami florida,/procedures/brazilian-butt-lift-bbl-miami,0,65,30.4
180d,mommy makeover en miami,/procedures/mommy-makeover-miami,0,63,42.5
180d,lutz breast implants,/procedures/breast-augmentation-miami,0,62,78.2
180d,lutz breast reduction,/procedures/breast-reduction-miami,0,62,87.2
180d,liposuction surgery in miami,/procedures/liposuction-miami,0,61,61.2
180d,skinny bbl cost miami,/procedures/brazilian-butt-lift-bbl-miami,0,61,9.0
180d,ultrasound guided mommy makeover miami,/procedures/mommy-makeover-miami,0,61,41.6
180d,best bbl in miami,/procedures/brazilian-butt-lift-bbl-miami,0,60,29.8
180d,brazilian butt lift cost in miami,/procedures/brazilian-butt-lift-bbl-miami,0,60,26.8
180d,cost of mommy makeover miami,/procedures/mommy-makeover-miami,0,60,67.5
180d,face liposuction miami,/procedures/liposuction-miami,0,60,74.9
180d,mommy makeover hollywood fl,/procedures/mommy-makeover-miami,0,60,82.8
180d,under eye bag surgery miami,/procedures/blepharoplasty-miami,0,60,53.2
180d,how much are bbls in miami,/procedures/brazilian-butt-lift-bbl-miami,0,59,10.9
180d,tummy tuck,/procedures/tummy-tuck-miami,0,59,57.1
180d,how much for a bbl in miami,/procedures/brazilian-butt-lift-bbl-miami,0,58,11.1
180d,mommy makeover miami fl,/procedures/mommy-makeover-miami,0,58,67.8
180d,breast enhancement miami,/procedures/breast-augmentation-miami,0,57,55.8
180d,how much is bbl in miami,/procedures/brazilian-butt-lift-bbl-miami,0,57,14.8
180d,bbl procedure process miami,/procedures/brazilian-butt-lift-bbl-miami,0,56,21.8
180d,best breast augmentation surgery miami,/procedures/breast-augmentation-miami,0,56,68.4
180d,eyelid surgery south miami,/procedures/blepharoplasty-miami,0,56,64.1
180d,lifting facial miami,/procedures/facelift-miami,0,56,72.2
180d,miami facelift surgery cost,/procedures/facelift-miami,0,56,44.9
180d,mommy makeover atlantic beach fl,/procedures/mommy-makeover-miami,0,56,83.8
180d,abdominoplasty south miami,/procedures/tummy-tuck-miami,0,54,57.4
180d,how much is a skinny bbl in miami,/procedures/brazilian-butt-lift-bbl-miami,0,54,10.2
180d,breast augmentation,/procedures/breast-augmentation-miami,0,53,77.4
180d,jowl surgery miami,/procedures/facelift-miami,0,53,54.5
180d,mommy makeover aventura,/procedures/mommy-makeover-miami,0,53,54.7
180d,safe mommy makeover miami,/procedures/mommy-makeover-miami,0,52,42.0
180d,bleph miami,/procedures/blepharoplasty-miami,0,51,61.6
180d,eyelid lift miami,/procedures/blepharoplasty-miami,0,51,68.4
180d,secondary facelift miami,/procedures/facelift-miami,0,51,73.5
180d,skinny bbl miami,/procedures/brazilian-butt-lift-bbl-miami,0,51,30.1
180d,facelift by age miami,/procedures/facelift-miami,0,50,72.0
180d,liposculpting coral gables,/procedures/liposuction-miami,0,50,75.1
180d,liposuccion miami,/procedures/liposuction-miami,0,50,67.4
180d,lower blepharoplasty miami beach,/procedures/blepharoplasty-miami,0,50,70.1
180d,safe brazilian butt lift miami,/procedures/brazilian-butt-lift-bbl-miami,0,50,30.5
180d,brazilian butt lift south miami,/procedures/brazilian-butt-lift-bbl-miami,0,49,28.0
180d,brazilian lift miami,/procedures/brazilian-butt-lift-bbl-miami,0,49,29.0
180d,breast augmentation miami cost,/procedures/breast-augmentation-miami,0,49,31.0
180d,cost of bbl in miami,/procedures/brazilian-butt-lift-bbl-miami,0,49,16.9
180d,facelift miramar,/procedures/facelift-miami,0,49,43.5
180d,deep plane facelift coral gables,/procedures/facelift-miami,0,48,88.0
180d,eye lift miami,/procedures/blepharoplasty-miami,0,48,67.3
180d,mommy makeover south miami,/procedures/mommy-makeover-miami,0,48,43.5
180d,under eye surgery miami,/procedures/blepharoplasty-miami,0,48,55.7
180d,abdominoplasty miami fl,/procedures/tummy-tuck-miami,0,47,77.7
180d,how much is a mommy makeover in miami,/procedures/mommy-makeover-miami,0,47,9.6
180d,silicone breast implants miami,/procedures/breast-augmentation-miami,0,47,51.7
180d,abdominoplastia miami,/procedures/tummy-tuck-miami,0,46,75.9
180d,temple lift miami,/procedures/facelift-miami,0,46,72.9
180d,blepharoplasty south miami,/procedures/blepharoplasty-miami,0,45,54.9
180d,chin liposuction cost miami,/procedures/liposuction-miami,0,45,42.9
180d,female facelift miami,/procedures/facelift-miami,0,45,39.4
180d,liposuction miami beach,/procedures/liposuction-miami,0,45,53.0
180d,precio mommy makeover miami,/procedures/mommy-makeover-miami,0,45,26.3
180d,alluring plastic surgery miami,/procedures/blepharoplasty-miami,0,44,11.1
180d,lower eyelid lift miami,/procedures/blepharoplasty-miami,0,44,67.1
180d,nonsurgical facelift miami,/procedures/facelift-miami,0,44,83.6
180d,brazilian butt lift miami beach fl,/procedures/brazilian-butt-lift-bbl-miami,0,43,17.4
180d,butt augmentation miami,/procedures/brazilian-butt-lift-bbl-miami,0,43,71.5
180d,extended tummy tuck miami,/procedures/tummy-tuck-miami,0,43,49.9
180d,bbl south miami,/procedures/brazilian-butt-lift-bbl-miami,0,42,39.4
180d,best breast reduction miami beach,/procedures/breast-reduction-miami,0,42,58.5
180d,best mommy makeover surgeons miami 2026,/procedures/mommy-makeover-miami,0,42,12.2
180d,blefaroplastia miami,/procedures/blepharoplasty-miami,0,42,70.6
180d,breast implant miami,/procedures/breast-augmentation-miami,0,42,62.0
180d,facelift surgery cost miami,/procedures/facelift-miami,0,42,41.4
180d,brazilian butt lift florida,/procedures/brazilian-butt-lift-bbl-miami,0,41,75.0
180d,breast implants surgery miami,/procedures/breast-augmentation-miami,0,41,66.8
180d,mini facelift south miami,/procedures/facelift-miami,0,41,51.4
180d,mini lift south miami,/procedures/facelift-miami,0,41,54.9
180d,safe breast augmentation miami,/procedures/breast-augmentation-miami,0,41,40.1
180d,tummy tuck surgery,/procedures/tummy-tuck-miami,0,41,64.8
180d,all inclusive mommy makeover packages,/procedures/mommy-makeover-miami,0,40,84.3
180d,bbl sagging miami,/procedures/brazilian-butt-lift-bbl-miami,0,40,57.5
180d,boob job in miami,/procedures/breast-augmentation-miami,0,40,57.6
180d,cost of breast augmentation miami,/procedures/breast-augmentation-miami,0,40,50.0
180d,droopy eyelids surgery miami,/procedures/blepharoplasty-miami,0,40,57.5
180d,how much a bbl cost in miami,/procedures/brazilian-butt-lift-bbl-miami,0,40,11.2
180d,ultrasound guided lipo miami,/procedures/liposuction-miami,0,40,68.0
180d,breast augmentation cost in miami,/procedures/breast-augmentation-miami,0,39,38.0
180d,"liposuction miami,florida",/procedures/liposuction-miami,0,39,70.5
180d,bbl surgery cost miami,/procedures/brazilian-butt-lift-bbl-miami,0,38,13.1
180d,best breast lift miami,/procedures/breast-lift-miami,0,38,38.2
180d,fox eye lift miami,/procedures/blepharoplasty-miami,0,38,61.0
180d,how much is lipo 360 in miami,/procedures/liposuction-miami,0,38,57.8
180d,liposuction miami florida,/procedures/liposuction-miami,0,38,67.4
180d,mommy makeover florida,/procedures/mommy-makeover-miami,0,38,91.7
180d,alluring plastic surgery reviews,/procedures/mommy-makeover-miami,0,37,20.3
180d,facelift surgery near me,/procedures/facelift-miami,0,37,34.8
180d,lipo florida,/procedures/liposuction-miami,0,37,91.8
180d,mommy makeover miami procedure,/procedures/mommy-makeover-miami,0,37,37.6
180d,all inclusive mommy makeover miami,/procedures/mommy-makeover-miami,0,36,75.0
180d,brazilian buttock lift miami,/procedures/brazilian-butt-lift-bbl-miami,0,36,21.8
180d,lutz breast implants,/procedures/breast-lift-miami,0,36,84.4
180d,alluring plastic surgery,/procedures/breast-augmentation-miami,0,35,2.2
180d,miami makeover,/procedures/mommy-makeover-miami,0,35,58.1
180d,"mommy makeover miami,florida",/procedures/mommy-makeover-miami,0,35,62.3
180d,silicone and saline breast implants miami,/procedures/breast-augmentation-miami,0,35,35.5
180d,bbl revision cost in miami,/procedures/brazilian-butt-lift-bbl-miami,0,34,31.6
180d,how much is a boob job in miami,/procedures/breast-augmentation-miami,0,34,45.6
180d,lipo 360 cost miami,/procedures/liposuction-miami,0,34,54.0
180d,miami mommy makeover cost,/procedures/mommy-makeover-miami,0,34,16.0
180d,mommy makeover precio en miami,/procedures/mommy-makeover-miami,0,34,45.9
180d,south beach butt lift,/procedures/brazilian-butt-lift-bbl-miami,0,34,24.6
180d,upper blepharoplasty coral gables,/procedures/blepharoplasty-miami,0,34,66.8
180d,bbl price in miami,/procedures/brazilian-butt-lift-bbl-miami,0,33,10.7
180d,bbl surgeons in miami,/procedures/brazilian-butt-lift-bbl-miami,0,33,46.9
180d,brazilian buttocks lift miami,/procedures/brazilian-butt-lift-bbl-miami,0,33,17.4
180d,breast reduction south miami,/procedures/breast-reduction-miami,0,33,47.3
180d,liposuction coral gables,/procedures/liposuction-miami,0,33,82.5
180d,liposuction cost near me,/procedures/liposuction-miami,0,33,20.5
180d,lutz breast augmentation,/procedures/breast-augmentation-miami,0,33,91.1
180d,mastopexy south miami,/procedures/breast-lift-miami,0,33,58.2
180d,breast reduction south florida,/procedures/breast-reduction-miami,0,32,72.4
180d,deep plane facelift south miami,/procedures/facelift-miami,0,32,81.2
180d,how much is a bbl in florida,/procedures/brazilian-butt-lift-bbl-miami,0,32,29.3
180d,large volume liposuction miami,/procedures/liposuction-miami,0,32,35.7
180d,laser liposuction miami,/procedures/liposuction-miami,0,32,84.2
180d,lower eyelid surgery miami,/procedures/blepharoplasty-miami,0,32,55.9
180d,mini lift miami,/procedures/facelift-miami,0,32,69.3
180d,natural bbl miami,/procedures/brazilian-butt-lift-bbl-miami,0,32,11.3
180d,liposuction florida,/procedures/liposuction-miami,0,31,95.0
180d,top-rated brazilian butt lift surgeons in miami,/procedures/brazilian-butt-lift-bbl-miami,0,31,44.7
180d,tummy tuck miami fl,/procedures/tummy-tuck-miami,0,31,77.1
180d,double eyelid surgery miami,/procedures/blepharoplasty-miami,0,30,60.0
180d,florida tummy tuck,/procedures/tummy-tuck-miami,0,30,90.3
180d,miami breast augmentation cost,/procedures/breast-augmentation-miami,0,30,42.0
180d,mommy makeover miramar,/procedures/mommy-makeover-miami,0,30,81.7
180d,best bbl surgeon in miami,/procedures/brazilian-butt-lift-bbl-miami,1,29,35.0
180d,best liposuction miami,/procedures/liposuction-miami,0,29,40.8
180d,breast augmentation aventura,/procedures/breast-augmentation-miami,0,29,58.6
180d,breast implant cost miami,/procedures/breast-augmentation-miami,0,29,34.3
180d,breast reduction aventura,/procedures/breast-reduction-miami,0,29,63.3
180d,liposuction cost in miami,/procedures/liposuction-miami,0,29,52.0
180d,mini-facelift coral gables,/procedures/facelift-miami,0,29,78.8
180d,mommy makeover weston fl,/procedures/mommy-makeover-miami,0,29,71.3
180d,tummy tuck in florida,/procedures/tummy-tuck-miami,0,29,95.1
180d,best breast lift miami beach,/procedures/breast-lift-miami,0,28,57.0
180d,best eyelid surgeon miami,/procedures/blepharoplasty-miami,0,28,44.4
180d,best mommy makeover miami,/procedures/mommy-makeover-miami,0,28,42.0
180d,breast lift miami,/procedures/breast-augmentation-miami,0,28,82.0
180d,eye lift miami beach,/procedures/blepharoplasty-miami,0,28,69.1
180d,flow plastic surgery miami,/procedures/facelift-miami,0,28,11.8
180d,lipo 360 cost in miami,/procedures/liposuction-miami,0,28,50.4
180d,mammoplasty south miami,/procedures/breast-reduction-miami,0,28,59.0
180d,miami boob job,/procedures/breast-augmentation-miami,0,28,59.1
180d,mommy makeover vero beach,/procedures/mommy-makeover-miami,0,28,59.8
180d,ultrasound guided brazilian butt lift miami,/procedures/brazilian-butt-lift-bbl-miami,0,28,75.7
180d,face lift cost miami,/procedures/facelift-miami,0,27,46.3
180d,liposuction miami price,/procedures/liposuction-miami,0,27,50.9
180d,natural breast augmentation miami,/procedures/breast-augmentation-miami,0,27,37.2
180d,what is the cost of a bbl in miami?,/procedures/brazilian-butt-lift-bbl-miami,0,27,13.6
180d,bbl cost in florida,/procedures/brazilian-butt-lift-bbl-miami,0,26,14.2
180d,lipo 360 miami,/procedures/liposuction-miami,0,26,84.0
180d,rhytidectomy near me,/procedures/facelift-miami,0,26,27.5
180d,affordable liposuction,/procedures/liposuction-miami,0,25,15.4
180d,average cost breast augmentation miami,/procedures/breast-augmentation-miami,0,25,44.0
180d,bbl in miami florida,/procedures/brazilian-butt-lift-bbl-miami,0,25,33.4
180d,brazilian butt lift coral gables,/procedures/brazilian-butt-lift-bbl-miami,0,25,61.0
180d,plastic surgery face lift,/procedures/facelift-miami,0,25,79.8
180d,tummy tuck florida,/procedures/tummy-tuck-miami,0,25,89.4
180d,best tummy tuck surgeon in miami,/procedures/tummy-tuck-miami,0,24,52.4
180d,cheap liposuction miami,/procedures/liposuction-miami,0,24,38.8
180d,facelift surgery,/procedures/facelift-miami,0,24,82.6
180d,hd lipo miami,/procedures/liposuction-miami,0,24,79.7
180d,how much does a bbl cost in florida,/procedures/brazilian-butt-lift-bbl-miami,0,24,13.6
180d,mommy makeover cost florida,/procedures/mommy-makeover-miami,0,24,69.8
180d,the method miami mommy makeover reviews,/procedures/mommy-makeover-miami,0,24,17.5
180d,bbl surgery miami florida,/procedures/brazilian-butt-lift-bbl-miami,0,23,21.0
180d,blefaroplastia south miami,/procedures/blepharoplasty-miami,0,23,69.0
180d,breast aug miami,/procedures/breast-augmentation-miami,0,23,62.7
180d,breast augmentation mommy makeover,/procedures/mommy-makeover-miami,0,23,80.4
180d,cost of a bbl in miami,/procedures/brazilian-butt-lift-bbl-miami,0,23,16.7
180d,facelift before and after miami,/procedures/facelift-miami,0,23,42.6
180d,facial rejuvenation miami beach,/procedures/facelift-miami,0,23,67.1
180d,forehead reduction surgery miami,/procedures/facelift-miami,0,23,75.2
180d,mommy makeover,/procedures/mommy-makeover-miami,0,23,7.5
180d,smas facelift miami,/procedures/facelift-miami,0,23,35.3
180d,best breast implants 2026,/procedures/breast-augmentation-miami,0,22,19.5
180d,breast revision miami,/procedures/breast-augmentation-miami,0,22,86.8
180d,cost of mommy makeover in miami,/procedures/mommy-makeover-miami,0,22,41.5
180d,liposuction,/procedures/liposuction-miami,0,22,36.3
180d,miami breast implants,/procedures/breast-augmentation-miami,0,22,64.5
180d,miami face lift,/procedures/facelift-miami,0,22,76.3
180d,mini face lift miami cost,/procedures/facelift-miami,0,22,64.3
180d,non surgical facelift miami,/procedures/facelift-miami,0,22,78.8
180d,average cost breast augmentation miami 2026,/procedures/breast-augmentation-miami,0,21,8.7
180d,best facial plastic surgery miami,/procedures/facelift-miami,0,21,63.4
180d,best plastic surgeon in miami for mommy makeover,/procedures/mommy-makeover-miami,0,21,57.9
180d,brazilian breast lift,/procedures/breast-lift-miami,0,21,72.3
180d,breast reduction in miami,/procedures/breast-reduction-miami,0,21,62.2
180d,combination procedures miami,/procedures/mommy-makeover-miami,0,21,17.6
180d,facial plastic surgery miami,/procedures/facelift-miami,0,21,70.1
180d,forehead rejuvenation miami,/procedures/facelift-miami,0,21,66.1
180d,liposucción en miami,/procedures/liposuction-miami,0,21,73.9
180d,who are the best blepharoplasty (eyelid surgery) surgeons in miami?,/procedures/blepharoplasty-miami,0,21,64.0
180d,average cost of bbl in miami,/procedures/brazilian-butt-lift-bbl-miami,0,20,16.1
180d,brazilian butt lift revision miami,/procedures/brazilian-butt-lift-bbl-miami,0,20,43.8
180d,breast augmentation cost miami 2026,/procedures/breast-augmentation-miami,0,20,9.6
180d,face lift in miami,/procedures/facelift-miami,0,20,72.2
180d,florida lipo,/procedures/liposuction-miami,0,20,84.2
180d,latina boob job,/procedures/breast-augmentation-miami,0,20,9.9
180d,liposuction deals miami,/procedures/liposuction-miami,0,20,41.1
180d,site:www.alluringplasticsurgery.com,/procedures/breast-lift-miami,0,20,74.4
180d,site:www.alluringplasticsurgery.com,/procedures/breast-reduction-miami,0,20,67.5
180d,top plastic surgeons in miami specializing in comprehensive mommy makeover packages,/procedures/mommy-makeover-miami,0,20,23.6
180d,transaxillary breast augmentation miami,/procedures/breast-augmentation-miami,0,20,48.0
180d,bbl en miami,/procedures/brazilian-butt-lift-bbl-miami,0,19,20.7
180d,bbl miami beach fl,/procedures/brazilian-butt-lift-bbl-miami,0,19,18.6
180d,best brazilian butt lift miami,/procedures/brazilian-butt-lift-bbl-miami,0,19,32.1
180d,best tummy tuck miami,/procedures/tummy-tuck-miami,0,19,44.7
180d,brazilian but lift miami,/procedures/brazilian-butt-lift-bbl-miami,0,19,29.6
180d,breast lift florida,/procedures/breast-lift-miami,0,19,73.7
180d,how much does a mommy makeover cost in miami,/procedures/mommy-makeover-miami,0,19,12.1
180d,liposculpture miami fl,/procedures/liposuction-miami,0,19,66.1
180d,liposuction in miami florida,/procedures/liposuction-miami,0,19,72.2
180d,miami bbl surgeons,/procedures/brazilian-butt-lift-bbl-miami,0,19,22.7
180d,miami butt lift,/procedures/brazilian-butt-lift-bbl-miami,0,19,62.6
180d,mommy makeover surgeon miami,/procedures/mommy-makeover-miami,0,19,50.6
180d,site:www.alluringplasticsurgery.com,/procedures/breast-augmentation-miami,0,19,79.6
180d,site:www.alluringplasticsurgery.com,/procedures/facelift-miami,0,19,50.7
180d,site:www.alluringplasticsurgery.com,/procedures/mommy-makeover-miami,0,19,66.3
180d,average breast augmentation cost miami 2026,/procedures/breast-augmentation-miami,0,18,7.2
180d,bbl in florida,/procedures/brazilian-butt-lift-bbl-miami,0,18,48.2
180d,bbl miami price,/procedures/brazilian-butt-lift-bbl-miami,0,18,11.1
180d,bbl surgery,/procedures/brazilian-butt-lift-bbl-miami,0,18,22.5
180d,best liposuction surgeon miami,/procedures/liposuction-miami,0,18,40.2
180d,breast lift with implants miami,/procedures/breast-lift-miami,0,18,61.6
180d,eyelid surgery in miami,/procedures/blepharoplasty-miami,0,18,71.8
180d,how much is 360 lipo in miami,/procedures/liposuction-miami,0,18,61.4
180d,is it safe to get a bbl in miami?,/procedures/brazilian-butt-lift-bbl-miami,0,18,71.1
180d,lipo miami fl,/procedures/liposuction-miami,0,18,65.6
180d,lipo packages,/procedures/liposuction-miami,0,18,78.3
180d,midface lift miami,/procedures/facelift-miami,0,18,77.6
180d,mommy makeover in miami florida,/procedures/mommy-makeover-miami,0,18,64.5
180d,safe bbl miami,/procedures/brazilian-butt-lift-bbl-miami,0,18,32.9
180d,site:www.alluringplasticsurgery.com,/procedures/blepharoplasty-miami,0,18,62.7
180d,site:www.alluringplasticsurgery.com,/procedures/liposuction-miami,0,18,56.1
180d,site:www.alluringplasticsurgery.com,/procedures/tummy-tuck-miami,0,18,77.4
180d,best blepharoplasty miami,/procedures/blepharoplasty-miami,0,17,44.6
180d,best board-certified surgeons in miami for combined mommy makeover procedures in one surgery?,/procedures/mommy-makeover-miami,0,17,32.8
180d,best tummy tuck doctor in miami,/procedures/tummy-tuck-miami,0,17,49.0
180d,blepharoplasty in miami,/procedures/blepharoplasty-miami,0,17,70.4
180d,cost of liposuction miami,/procedures/liposuction-miami,0,17,48.8
180d,florida liposuction,/procedures/liposuction-miami,0,17,94.4
180d,hourglass tummy tuck in miami,/procedures/tummy-tuck-miami,0,17,40.4
180d,how much is liposuction in miami,/procedures/liposuction-miami,0,17,60.5
180d,miami abdominoplasty,/procedures/tummy-tuck-miami,0,17,64.7
180d,miami florida breast augmentation,/procedures/breast-augmentation-miami,0,17,58.1
180d,mommy makeover cost miami fl,/procedures/mommy-makeover-miami,0,17,57.7
180d,mommy makeover near me,/procedures/mommy-makeover-miami,0,17,34.4
180d,ponytail facelift miami,/procedures/facelift-miami,0,17,74.4
180d,rhytidectomy coral gables,/procedures/facelift-miami,0,17,72.1
180d,which miami clinics offer all-inclusive mommy makeover packages for out-of-town patients?,/procedures/mommy-makeover-miami,0,17,87.3
180d,which miami surgeons specialize in revision facelift surgery?,/procedures/facelift-miami,0,17,66.7
180d,alluring plastic surgery miami,/procedures/facelift-miami,0,16,11.1
180d,bbl surgeons miami,/procedures/brazilian-butt-lift-bbl-miami,0,16,46.1
180d,best bbl doctor in miami,/procedures/brazilian-butt-lift-bbl-miami,0,16,44.4
180d,best bbl miami,/procedures/brazilian-butt-lift-bbl-miami,0,16,28.4
180d,blepharoplasty miami fl,/procedures/blepharoplasty-miami,0,16,74.1
180d,breast reduction surgery near me,/procedures/breast-reduction-miami,0,16,44.0
180d,cuanto cuesta un mommy makeover en miami,/procedures/mommy-makeover-miami,0,16,31.6
180d,face lift,/procedures/facelift-miami,0,16,82.6
180d,liposuccion facial south miami,/procedures/liposuction-miami,0,16,80.6
180d,mommy makeover jupiter fl,/procedures/mommy-makeover-miami,0,16,61.8
180d,skinny bbl in miami,/procedures/brazilian-butt-lift-bbl-miami,0,16,27.0
180d,"where can i find miami bbl surgeon who specializes in athletic, proportional curves instead of exaggerated results?",/procedures/brazilian-butt-lift-bbl-miami,0,16,35.4
180d,affordable breast augmentation in miami,/procedures/breast-augmentation-miami,0,15,37.4
180d,alluring plastic surgery photos,/procedures/facelift-miami,0,15,2.7
180d,bbl miami prices,/procedures/brazilian-butt-lift-bbl-miami,0,15,11.3
180d,bbl prices miami,/procedures/brazilian-butt-lift-bbl-miami,0,15,11.5
180d,breast augmentation miami prices,/procedures/breast-augmentation-miami,0,15,31.6
180d,breast lift in miami,/procedures/breast-lift-miami,0,15,63.5
180d,liposuction aventura,/procedures/liposuction-miami,0,15,58.6
180d,liposuction packages,/procedures/liposuction-miami,0,15,80.2
180d,miami fl mommy makeover,/procedures/mommy-makeover-miami,0,15,58.3
180d,mini and full facelift miami,/procedures/facelift-miami,0,15,46.9
180d,reduction mammoplasty miami,/procedures/breast-reduction-miami,0,15,38.3
180d,rhytidectomy market,/procedures/facelift-miami,0,15,64.0
180d,ultrasound guided bbl miami,/procedures/brazilian-butt-lift-bbl-miami,0,15,65.2
180d,bbl cost florida,/procedures/brazilian-butt-lift-bbl-miami,0,14,19.9
180d,bbl miami florida,/procedures/brazilian-butt-lift-bbl-miami,0,14,20.7
180d,best mommy makeover surgeon in miami,/procedures/mommy-makeover-miami,0,14,49.6
180d,blepharoplasty,/procedures/blepharoplasty-miami,0,14,1.0
180d,breast augmentation southampton,/procedures/breast-augmentation-miami,0,14,88.4
180d,breast augmentation with lift miami,/procedures/breast-augmentation-miami,0,14,70.1
180d,excess skin removal miami,/procedures/tummy-tuck-miami,0,14,54.7
180d,facelift,/procedures/facelift-miami,0,14,61.1
180d,facelift aventura,/procedures/facelift-miami,0,14,72.6
180d,i had two kids and want mommy makeover in miami best surgeons with pricing packages,/procedures/mommy-makeover-miami,0,14,7.9
180d,lipo in miami,/procedures/liposuction-miami,0,14,70.9
180d,miami liposuction deal,/procedures/liposuction-miami,0,14,59.8
180d,miami tummy tuck surgery,/procedures/tummy-tuck-miami,0,14,71.1
180d,mid facelift coral gables,/procedures/facelift-miami,0,14,81.4
180d,mommy makeover long beach,/procedures/mommy-makeover-miami,0,14,88.9
180d,mommy makeover packages,/procedures/mommy-makeover-miami,0,14,59.3
180d,abdominoplasty in miami,/procedures/tummy-tuck-miami,0,13,68.8
180d,bbl reduction miami,/procedures/brazilian-butt-lift-bbl-miami,0,13,30.5
180d,best lipo surgeon in miami,/procedures/liposuction-miami,0,13,55.5
180d,best tummy tuck in miami,/procedures/tummy-tuck-miami,0,13,51.6
180d,breast augmentation miami beach,/procedures/breast-augmentation-miami,0,13,58.2
180d,breast lift with augmentation miami,/procedures/breast-lift-miami,0,13,73.0
180d,combination surgeries miami,/procedures/mommy-makeover-miami,0,13,33.8
180d,facelift in miami florida,/procedures/facelift-miami,0,13,68.7
180d,how much for bbl in miami,/procedures/brazilian-butt-lift-bbl-miami,0,13,9.8
180d,liposuction surgery florida,/procedures/liposuction-miami,0,13,92.6
180d,liposuction surgery miami,/procedures/liposuction-miami,0,13,59.7
180d,miami breast reduction,/procedures/breast-reduction-miami,0,13,52.5
180d,miami but lift,/procedures/brazilian-butt-lift-bbl-miami,0,13,37.5
180d,mommy makeover amelia island,/procedures/mommy-makeover-miami,0,13,54.2
180d,mommy makeover miami beach fl,/procedures/mommy-makeover-miami,0,13,65.2
180d,tummy tuck in miami florida,/procedures/tummy-tuck-miami,0,13,79.5
180d,alluring plastic surgery miami reviews,/procedures/mommy-makeover-miami,0,12,17.9
180d,bbl prices in miami,/procedures/brazilian-butt-lift-bbl-miami,0,12,13.5
180d,best liposuction doctors in miami,/procedures/liposuction-miami,0,12,53.3
180d,breast augmentation specials miami,/procedures/breast-augmentation-miami,0,12,49.5
180d,dr miami mommy makeover price,/procedures/mommy-makeover-miami,0,12,61.3
180d,eyelid surgery miami cost,/procedures/blepharoplasty-miami,0,12,47.3
180d,florida bbl,/procedures/brazilian-butt-lift-bbl-miami,0,12,60.4
180d,levantamiento de senos miami,/procedures/breast-lift-miami,0,12,90.5
180d,liposuction in florida,/procedures/liposuction-miami,0,12,88.0
180d,miami lipo,/procedures/liposuction-miami,0,12,70.5
180d,miami liposculpture,/procedures/liposuction-miami,0,12,57.2
180d,mommy makeover florida cost,/procedures/mommy-makeover-miami,0,12,72.9
180d,post pregnancy body sculpting miami,/procedures/mommy-makeover-miami,0,12,55.7
180d,surgical vs non-surgical facelift miami,/procedures/facelift-miami,0,12,82.9
180d,tummy tuck en miami,/procedures/tummy-tuck-miami,0,12,74.3
180d,alluring plastic surgery miami,/procedures/tummy-tuck-miami,0,11,11.2
180d,bbl surgery miami fl,/procedures/brazilian-butt-lift-bbl-miami,0,11,24.5
180d,bbls in miami,/procedures/brazilian-butt-lift-bbl-miami,0,11,15.6
180d,best bbl surgeons in miami,/procedures/brazilian-butt-lift-bbl-miami,0,11,36.9
180d,best eyelid surgery miami,/procedures/blepharoplasty-miami,0,11,64.8
180d,best facial plastic surgeons in miami for men who want subtle improvements without obvious work done,/procedures/facelift-miami,0,11,87.7
180d,brazilian butt lift centennial,/procedures/brazilian-butt-lift-bbl-miami,0,11,58.3
180d,brazilian buttock lift miami fl,/procedures/brazilian-butt-lift-bbl-miami,0,11,53.4
180d,breast augmentation cornelius,/procedures/breast-augmentation-miami,0,11,53.8
180d,breast augmentation in miami florida,/procedures/breast-augmentation-miami,0,11,64.0
180d,breast implants miami price,/procedures/breast-augmentation-miami,0,11,52.5
180d,breast reduction,/procedures/breast-reduction-miami,0,11,1.0
180d,butt lift south miami,/procedures/brazilian-butt-lift-bbl-miami,0,11,62.8
180d,circumferential body lift miami,/procedures/tummy-tuck-miami,0,11,35.9
180d,cuanto cuesta una liposucción en miami,/procedures/liposuction-miami,0,11,67.5
180d,face lifts,/procedures/facelift-miami,0,11,91.0
180d,forehead reduction miami,/procedures/facelift-miami,0,11,75.2
180d,liposuccion facial miami,/procedures/liposuction-miami,0,11,70.0
180d,liposuction miami prices,/procedures/liposuction-miami,0,11,62.1
180d,liposuction surgeon miami,/procedures/liposuction-miami,0,11,73.1
180d,miami skinny bbl,/procedures/brazilian-butt-lift-bbl-miami,0,11,21.8
180d,mommy makeover fort lauderdale,/procedures/mommy-makeover-miami,0,11,90.0
180d,mommy makeover hourglass surgery,/procedures/mommy-makeover-miami,0,11,47.6
180d,sonobello,/procedures/tummy-tuck-miami,0,11,2.4
180d,tummy tuck cost in miami,/procedures/tummy-tuck-miami,0,11,72.5
180d,tummy tuck surgery in miami florida,/procedures/tummy-tuck-miami,0,11,78.0
180d,upper bleph miami,/procedures/blepharoplasty-miami,0,11,71.4
180d,vampire facelift miami,/procedures/facelift-miami,0,11,78.5
180d,abdominoplastia south miami,/procedures/tummy-tuck-miami,0,10,74.0
180d,awake lipo miami,/procedures/liposuction-miami,0,10,74.1
180d,bbl for men miami,/procedures/brazilian-butt-lift-bbl-miami,0,10,43.8
180d,best bbl in miami fl,/procedures/brazilian-butt-lift-bbl-miami,0,10,46.2
180d,breast reduction coral gables,/procedures/breast-reduction-miami,0,10,78.1
180d,cuanto cuesta una lipoescultura en miami,/procedures/liposuction-miami,0,10,61.5
180d,excess skin removal miami,/procedures/liposuction-miami,0,10,85.7
180d,high bmi lipo south florida,/procedures/liposuction-miami,0,10,74.2
180d,how much is a mommy makeover in florida,/procedures/mommy-makeover-miami,0,10,85.8
180d,im thinking about getting mommy makeover at the method miami and they say natural results not overdone what do real patient reviews say compared to other luxury practices,/procedures/mommy-makeover-miami,0,10,7.9
180d,lipo 360 miami cost,/procedures/liposuction-miami,0,10,57.0
180d,liposuction doctors in miami,/procedures/liposuction-miami,0,10,77.2
180d,liposuction miami beach fl,/procedures/liposuction-miami,0,10,55.4
180d,liposuction surgery in miami florida,/procedures/liposuction-miami,0,10,72.9
180d,miami breast augmentation surgery,/procedures/breast-augmentation-miami,0,10,65.9
180d,miami breast lift surgery,/procedures/breast-lift-miami,0,10,60.9
180d,miami plastic surgery tummy tuck,/procedures/tummy-tuck-miami,0,10,79.3
180d,miami tummy tuck surgeons,/procedures/tummy-tuck-miami,0,10,63.3
180d,mini facelift cost miami 2025 or 2026,/procedures/facelift-miami,0,10,16.3
180d,precio liposucción miami,/procedures/liposuction-miami,0,10,70.2
180d,revision facelift coral gables,/procedures/facelift-miami,0,10,82.9
180d,tummy tuck hialeah,/procedures/tummy-tuck-miami,0,10,78.4
180d,tummy tuck miami beach fl,/procedures/tummy-tuck-miami,0,10,65.3
180d,how much is a mommy makeover in miami florida,/procedures/mommy-makeover-miami,1,9,1.0
180d,abdominoplasty florida,/procedures/tummy-tuck-miami,0,9,93.3
180d,bbl and tummy tuck miami,/procedures/brazilian-butt-lift-bbl-miami,0,9,42.2
180d,best bbl doctors in miami,/procedures/brazilian-butt-lift-bbl-miami,0,9,38.3
180d,best bbl doctors in miami florida,/procedures/brazilian-butt-lift-bbl-miami,0,9,36.0
180d,best brazilian butt lift surgeon miami,/procedures/brazilian-butt-lift-bbl-miami,0,9,34.2
180d,best mommy makeover surgeons in miami,/procedures/mommy-makeover-miami,0,9,1.0
180d,best plastic surgeon for facelift,/procedures/facelift-miami,0,9,80.3
180d,breast fat transfer miami,/procedures/breast-augmentation-miami,0,9,66.3
180d,breast lift south miami,/procedures/breast-lift-miami,0,9,53.2
180d,breast reduction miami fl,/procedures/breast-reduction-miami,0,9,53.4
180d,chin lipo miami,/procedures/liposuction-miami,0,9,69.0
180d,dr miami mommy makeover,/procedures/mommy-makeover-miami,0,9,40.2
180d,dr miami prices for mommy makeover,/procedures/mommy-makeover-miami,0,9,82.8
180d,facelift miami beach fl,/procedures/facelift-miami,0,9,62.9
180d,facelift recovery miami,/procedures/facelift-miami,0,9,46.4
180d,facelift under local anesthesia miami,/procedures/facelift-miami,0,9,66.3
180d,fat transfer bbl miami,/procedures/brazilian-butt-lift-bbl-miami,0,9,16.7
180d,inverted nipple correction south miami,/procedures/breast-reduction-miami,0,9,68.2
180d,liposuction in miami fl,/procedures/liposuction-miami,0,9,64.8
180d,liposuction south florida,/procedures/liposuction-miami,0,9,74.8
180d,miami liposuction surgery,/procedures/liposuction-miami,0,9,57.8
180d,mini facelift before and after miami,/procedures/facelift-miami,0,9,43.2
180d,mommy makeover plastic surgery near me,/procedures/mommy-makeover-miami,0,9,66.6
180d,reduccion de senos south miami,/procedures/breast-reduction-miami,0,9,61.2
180d,tummy tuck cornelius,/procedures/tummy-tuck-miami,0,9,81.9
180d,upper facelift miami,/procedures/facelift-miami,0,9,70.2
180d,vertical restore facelift miami,/procedures/facelift-miami,0,9,58.8
180d,all inclusive breast augmentation,/procedures/breast-augmentation-miami,0,8,88.0
180d,alluring plastic surgery miami,/procedures/breast-augmentation-miami,0,8,2.0
180d,bbl capital of the world,/procedures/brazilian-butt-lift-bbl-miami,0,8,10.0
180d,bbl cost miami 2026,/procedures/brazilian-butt-lift-bbl-miami,0,8,5.1
180d,bbl packages,/procedures/brazilian-butt-lift-bbl-miami,0,8,33.0
180d,bbl.in miami,/procedures/brazilian-butt-lift-bbl-miami,0,8,21.6
180d,best board-certified surgeons for precision liposuction with minimal downtime in miami,/procedures/liposuction-miami,0,8,71.9
180d,best breast augmentation miami,/procedures/breast-augmentation-miami,0,8,49.9
180d,best breast implants miami,/procedures/breast-augmentation-miami,0,8,37.9
180d,best plastic surgeon in miami for tummy tuck,/procedures/tummy-tuck-miami,0,8,43.5
180d,best tummy tuck surgeon miami,/procedures/tummy-tuck-miami,0,8,45.8
180d,breast implant exchange miami,/procedures/breast-augmentation-miami,0,8,74.0
180d,breast implants south miami,/procedures/breast-augmentation-miami,0,8,58.9
180d,breast reduction sunny isles beach,/procedures/breast-reduction-miami,0,8,50.4
180d,breast reduction surgery in miami,/procedures/breast-reduction-miami,0,8,62.3
180d,fat removal near me,/procedures/liposuction-miami,0,8,22.3
180d,how much is a bbl in miami florida,/procedures/brazilian-butt-lift-bbl-miami,0,8,5.0
180d,how much is liposuction miami,/procedures/liposuction-miami,0,8,52.9
180d,lipo in florida,/procedures/liposuction-miami,0,8,89.8
180d,liposculpture near me,/procedures/liposuction-miami,0,8,25.8
180d,liposuction center florida,/procedures/liposuction-miami,0,8,83.3
180d,looking for a mommy makeover surgeon with financing options in south florida,/procedures/mommy-makeover-miami,0,8,8.6
180d,miami liposuction cost,/procedures/liposuction-miami,0,8,50.3
180d,mommy makeover cost 2026,/procedures/mommy-makeover-miami,0,8,13.1
180d,mommy makeover surgery,/procedures/mommy-makeover-miami,0,8,27.4
180d,naturally enhanced bbl,/procedures/brazilian-butt-lift-bbl-miami,0,8,38.3
180d,panniculectomy miami,/procedures/tummy-tuck-miami,0,8,86.6
180d,plastic surgery tummy tuck,/procedures/tummy-tuck-miami,0,8,51.1
180d,revision tummy tuck miami,/procedures/tummy-tuck-miami,0,8,83.4
180d,safe bbl surgery florida,/procedures/brazilian-butt-lift-bbl-miami,0,8,46.4
180d,silicone implants miami,/procedures/breast-augmentation-miami,0,8,53.9
180d,tummy tuck and bbl in miami,/procedures/brazilian-butt-lift-bbl-miami,0,8,41.5
180d,tummy tuck miami cost,/procedures/tummy-tuck-miami,0,8,87.4
180d,tummy tuck surgery miami fl,/procedures/tummy-tuck-miami,0,8,87.0
180d,what is a bbl,/procedures/brazilian-butt-lift-bbl-miami,0,8,2.1
180d,mommy makeover cost miami florida,/procedures/mommy-makeover-miami,1,7,32.7
180d,abdominoplasty before and after,/procedures/tummy-tuck-miami,0,7,3.7
180d,alluring plastic surgery reviews,/procedures/facelift-miami,0,7,12.4
180d,best breast augmentation surgeons in miami for athletic women wanting proportionate results,/procedures/breast-augmentation-miami,0,7,58.4
180d,best tummy tuck surgeon in miami florida,/procedures/tummy-tuck-miami,0,7,42.3
180d,brazilian butt lift cost miami 2026,/procedures/brazilian-butt-lift-bbl-miami,0,7,9.4
180d,breast augmentation with lift miami,/procedures/breast-lift-miami,0,7,87.7
180d,butt implant cost in miami,/procedures/brazilian-butt-lift-bbl-miami,0,7,27.9
180d,butt implants miami,/procedures/brazilian-butt-lift-bbl-miami,0,7,72.0
180d,cheek lift miami,/procedures/facelift-miami,0,7,83.7
180d,fat removal miami,/procedures/liposuction-miami,0,7,59.0
180d,florida mommy makeover,/procedures/mommy-makeover-miami,0,7,87.7
180d,high definition tummy tuck miami,/procedures/tummy-tuck-miami,0,7,78.1
180d,how much does a boob job cost in miami,/procedures/breast-augmentation-miami,0,7,55.1
180d,liposuccion south miami,/procedures/liposuction-miami,0,7,59.3
180d,liposuction in miami cost,/procedures/liposuction-miami,0,7,61.1
180d,liposuction price in miami,/procedures/liposuction-miami,0,7,42.7
180d,miami bbls,/procedures/brazilian-butt-lift-bbl-miami,0,7,37.4
180d,miami mommy makeover specials,/procedures/mommy-makeover-miami,0,7,53.4
180d,miami tummy tuck cost,/procedures/tummy-tuck-miami,0,7,80.1
180d,mommy makeover neptune beach fl,/procedures/mommy-makeover-miami,0,7,92.1
180d,mommy makeover plastic surgery,/procedures/mommy-makeover-miami,0,7,18.7
180d,mommy tuck,/procedures/mommy-makeover-miami,0,7,86.6
180d,premium tummy tuck clinics miami high end services,/procedures/tummy-tuck-miami,0,7,9.6
180d,reduccion de senos miami,/procedures/breast-reduction-miami,0,7,80.9
180d,smart facelift,/procedures/facelift-miami,0,7,62.4
180d,tummy tuck mommy makeover,/procedures/mommy-makeover-miami,0,7,94.7
180d,tummy tucks in miami,/procedures/tummy-tuck-miami,0,7,74.7
180d,300cc bbl,/procedures/brazilian-butt-lift-bbl-miami,1,6,16.5
180d,360 lipo cost miami,/procedures/liposuction-miami,0,6,54.0
180d,areola reduction miami,/procedures/breast-reduction-miami,0,6,59.3
180d,asian eyelid surgery miami,/procedures/blepharoplasty-miami,0,6,73.2
180d,bbl curves,/procedures/brazilian-butt-lift-bbl-miami,0,6,1.3
180d,bbl doctors in miami florida,/procedures/brazilian-butt-lift-bbl-miami,0,6,69.2
180d,bbl in miami fl,/procedures/brazilian-butt-lift-bbl-miami,0,6,22.8
180d,bbl plastic surgery,/procedures/brazilian-butt-lift-bbl-miami,0,6,43.8
180d,bbl surgery boca raton,/procedures/brazilian-butt-lift-bbl-miami,0,6,62.3
180d,best bbl dr in miami,/procedures/brazilian-butt-lift-bbl-miami,0,6,39.5
180d,best blepharoplasty surgeon miami,/procedures/blepharoplasty-miami,0,6,46.7
180d,best lipo in miami,/procedures/liposuction-miami,0,6,38.7
180d,best mommy makeover surgeons miami,/procedures/mommy-makeover-miami,0,6,6.8
180d,best place for tummy tuck uk,/procedures/tummy-tuck-miami,0,6,3.5
180d,brazilian butt lift sunny isles beach,/procedures/brazilian-butt-lift-bbl-miami,0,6,20.5
180d,breast augmentation south miami,/procedures/breast-augmentation-miami,0,6,55.0
180d,breast augmentation surgeon miami,/procedures/breast-augmentation-miami,0,6,71.5
180d,breast lift aventura,/procedures/breast-lift-miami,0,6,57.8
180d,breast lift with augmentation miami,/procedures/breast-augmentation-miami,0,6,57.5
180d,breast surgery miami,/procedures/breast-lift-miami,0,6,64.2
180d,butt implants in miami vs. bbl,/procedures/brazilian-butt-lift-bbl-miami,0,6,49.5
180d,cheap breast augmentation in miami,/procedures/breast-augmentation-miami,0,6,40.0
180d,cost of brazilian buttock lift dr miami,/procedures/brazilian-butt-lift-bbl-miami,0,6,25.2
180d,dr in miami for bbl,/procedures/brazilian-butt-lift-bbl-miami,0,6,69.5
180d,face lift near me,/procedures/facelift-miami,0,6,39.8
180d,face lift surgery,/procedures/facelift-miami,0,6,82.5
180d,facelift hialeah,/procedures/facelift-miami,0,6,82.8
180d,how much does a tummy tuck cost in miami,/procedures/tummy-tuck-miami,0,6,78.2
180d,liposuction florida cost,/procedures/liposuction-miami,0,6,79.7
180d,liposuction plantation,/procedures/liposuction-miami,0,6,78.5
180d,liposuction prices miami,/procedures/liposuction-miami,0,6,55.3
180d,liposuction sunny isles beach,/procedures/liposuction-miami,0,6,73.5
180d,miami breast lift,/procedures/breast-augmentation-miami,0,6,91.5
180d,miami butt surgery,/procedures/brazilian-butt-lift-bbl-miami,0,6,50.7
180d,miami natural breast augmentation,/procedures/breast-augmentation-miami,0,6,44.7
180d,skinny bbl florida,/procedures/brazilian-butt-lift-bbl-miami,0,6,31.3
180d,submental liposuction miami,/procedures/liposuction-miami,0,6,76.8
180d,tummy tuck aventura,/procedures/tummy-tuck-miami,0,6,75.3
180d,tummy tuck before and after,/procedures/tummy-tuck-miami,0,6,5.3
180d,tummy tuck coral gables,/procedures/tummy-tuck-miami,0,6,76.0
180d,tummy tuck miami gardens,/procedures/tummy-tuck-miami,0,6,65.2
180d,tummy tuck prices in miami,/procedures/tummy-tuck-miami,0,6,55.3
180d,affordable breast augmentation miami,/procedures/breast-augmentation-miami,0,5,36.6
180d,american lipo centers,/procedures/liposuction-miami,0,5,64.6
180d,areola reduction south miami,/procedures/breast-reduction-miami,0,5,44.4
180d,arm lipo cost miami,/procedures/liposuction-miami,0,5,69.4
180d,bbl for latin women miami,/procedures/brazilian-butt-lift-bbl-miami,0,5,8.0
180d,best breast reduction surgeon miami,/procedures/breast-reduction-miami,0,5,45.4
180d,best plastic surgeons in miami for bbl,/procedures/brazilian-butt-lift-bbl-miami,0,5,36.2
180d,best tummy tuck surgeon in florida,/procedures/tummy-tuck-miami,0,5,71.8
180d,best tummy tuck surgeon ireland,/procedures/tummy-tuck-miami,0,5,2.2
180d,body sculpting miami,/procedures/liposuction-miami,0,5,76.0
180d,brazilian butt lift surgeon miami,/procedures/brazilian-butt-lift-bbl-miami,0,5,48.6
180d,breast augmentation revision miami,/procedures/breast-augmentation-miami,0,5,87.8
180d,breast lift augmentation miami,/procedures/breast-augmentation-miami,0,5,62.8
180d,breast lift coral gables,/procedures/breast-lift-miami,0,5,88.2
180d,breast lift miami fl,/procedures/breast-lift-miami,0,5,71.0
180d,breast lift without breast implants miami,/procedures/breast-lift-miami,0,5,31.8
180d,breast reduction miami beach fl,/procedures/breast-reduction-miami,0,5,40.6
180d,chin lipo miami cost,/procedures/liposuction-miami,0,5,52.2
180d,dr miami breast augmentation cost,/procedures/breast-augmentation-miami,0,5,91.2
180d,extended abdominoplasty miami,/procedures/tummy-tuck-miami,0,5,15.0
180d,face lift miami fl,/procedures/facelift-miami,0,5,78.2
180d,face plastic surgery near me,/procedures/facelift-miami,0,5,67.8
180d,facelift surgery cost miami 2026,/procedures/facelift-miami,0,5,14.0
180d,full tummy tuck,/procedures/tummy-tuck-miami,0,5,31.8
180d,gluteal implants miami,/procedures/brazilian-butt-lift-bbl-miami,0,5,71.6
180d,high definition liposuction coral gables,/procedures/liposuction-miami,0,5,81.2
180d,high definition liposuction south miami,/procedures/liposuction-miami,0,5,70.6
180d,hourglass mommy makeover cost,/procedures/mommy-makeover-miami,0,5,54.8
180d,how much is a tummy tuck in miami,/procedures/tummy-tuck-miami,0,5,65.8
180d,liposuction fl,/procedures/liposuction-miami,0,5,82.8
180d,miami,/procedures/brazilian-butt-lift-bbl-miami,0,5,3.0
180d,miami beach bbl,/procedures/brazilian-butt-lift-bbl-miami,0,5,35.6
180d,miami breast augmentation prices,/procedures/breast-augmentation-miami,0,5,49.8
180d,miami mini tummy tuck,/procedures/tummy-tuck-miami,0,5,27.4
180d,mini abdominoplasty miami,/procedures/tummy-tuck-miami,0,5,16.8
180d,mini facelift miami fl,/procedures/facelift-miami,0,5,78.2
180d,mommy makeover florida price,/procedures/mommy-makeover-miami,0,5,91.0
180d,mommy makeover in miami cost,/procedures/mommy-makeover-miami,0,5,1.0
180d,mommy makeover in weston florida,/procedures/mommy-makeover-miami,0,5,80.2
180d,mommy makeover salt lake city,/procedures/mommy-makeover-miami,0,5,85.0
180d,mommy makeover surgeons,/procedures/mommy-makeover-miami,0,5,16.6
180d,reverse tummy tuck miami,/procedures/tummy-tuck-miami,0,5,45.2
180d,skinny bbl,/procedures/brazilian-butt-lift-bbl-miami,0,5,3.0
180d,skinny bbl coral gables,/procedures/brazilian-butt-lift-bbl-miami,0,5,88.0
180d,sono bello,/procedures/tummy-tuck-miami,0,5,2.0
180d,sono bello reviews,/procedures/tummy-tuck-miami,0,5,3.0
180d,surgical tummy tuck,/procedures/tummy-tuck-miami,0,5,77.8
180d,top mommy makeover surgeon florida,/procedures/mommy-makeover-miami,0,5,85.2
180d,tummy tuck florida cost,/procedures/tummy-tuck-miami,0,5,79.2
180d,tummy tuck miami price,/procedures/tummy-tuck-miami,0,5,71.6
180d,tummy tuck price miami,/procedures/tummy-tuck-miami,0,5,68.6
180d,ultrasound guided breast augmentation miami,/procedures/breast-augmentation-miami,0,5,51.6
180d,vertical facelift miami,/procedures/facelift-miami,0,5,45.4
180d,what is a bbl surgery,/procedures/brazilian-butt-lift-bbl-miami,0,5,2.4
180d,abdominal liposuction miami,/procedures/liposuction-miami,0,4,66.3
180d,abdominoplasty,/procedures/tummy-tuck-miami,0,4,2.5
180d,abdominoplasty vero beach,/procedures/tummy-tuck-miami,0,4,76.5
180d,all inclusive liposuction packages,/procedures/liposuction-miami,0,4,89.5
180d,alluring plastic surgery,/procedures/liposuction-miami,0,4,6.3
180d,alluring plastic surgery photos,/procedures/mommy-makeover-miami,0,4,35.0
180d,bbl boca grande,/procedures/brazilian-butt-lift-bbl-miami,0,4,44.3
180d,bbl recovery time miami,/procedures/brazilian-butt-lift-bbl-miami,0,4,55.8
180d,best abdominoplasty miami,/procedures/tummy-tuck-miami,0,4,36.5
180d,best bbl in florida,/procedures/brazilian-butt-lift-bbl-miami,0,4,29.8
180d,best breast augmentation in miami,/procedures/breast-augmentation-miami,0,4,50.8
180d,best mommy makeover surgeon in florida,/procedures/mommy-makeover-miami,0,4,71.5
180d,best mommy makeover surgeon in south florida,/procedures/mommy-makeover-miami,0,4,1.5
180d,best mommy makeover surgeons miami 2025 or 2026,/procedures/mommy-makeover-miami,0,4,15.5
180d,blefaroplastia superior miami,/procedures/blepharoplasty-miami,0,4,61.8
180d,blepharoplasty near me,/procedures/blepharoplasty-miami,0,4,47.8
180d,body sculpting,/procedures/tummy-tuck-miami,0,4,2.8
180d,boob god,/procedures/breast-augmentation-miami,0,4,41.0
180d,boob job cost miami,/procedures/breast-augmentation-miami,0,4,49.0
180d,boob reduction,/procedures/breast-reduction-miami,0,4,1.0
180d,brazilian butt lift fort lauderdale,/procedures/brazilian-butt-lift-bbl-miami,0,4,89.3
180d,brazilian butt lift miramar,/procedures/brazilian-butt-lift-bbl-miami,0,4,51.5
180d,breast augmentation surgery miami,/procedures/breast-augmentation-miami,0,4,61.0
180d,breast enlargement miami,/procedures/breast-augmentation-miami,0,4,86.8
180d,breast implants miami prices,/procedures/breast-augmentation-miami,0,4,23.0
180d,breast lift in miami,/procedures/breast-reduction-miami,0,4,93.8
180d,breast lift surgery miami procedure,/procedures/breast-lift-miami,0,4,46.5
180d,breast reduction and lift miami,/procedures/breast-reduction-miami,0,4,61.3
180d,breast reduction miami florida,/procedures/breast-reduction-miami,0,4,68.0
180d,breast reduction recovery week by week pictures,/procedures/breast-reduction-miami,0,4,1.0
180d,breast reduction surgery miami fl,/procedures/breast-reduction-miami,0,4,48.8
180d,breast reduction with lift in miami florida,/procedures/breast-reduction-miami,0,4,54.8
180d,breast surgeries miami,/procedures/breast-augmentation-miami,0,4,72.8
180d,combination surgeries south miami,/procedures/mommy-makeover-miami,0,4,71.0
180d,cost of liposuction in miami,/procedures/liposuction-miami,0,4,58.3
180d,cost of tummy tuck miami,/procedures/tummy-tuck-miami,0,4,81.5
180d,cuanto cuesta una lipo en miami,/procedures/liposuction-miami,0,4,63.8
180d,cuanto vale una lipo en miami,/procedures/liposuction-miami,0,4,59.8
180d,dr karlinsky miami,/procedures/mommy-makeover-miami,0,4,78.3
180d,dr miami,/procedures/blepharoplasty-miami,0,4,4.0
180d,evaluate miami plastic surgery on mommy makeover,/procedures/mommy-makeover-miami,0,4,6.0
180d,eye lid surgery miami,/procedures/blepharoplasty-miami,0,4,66.8
180d,eyelid surgery in miami florida,/procedures/blepharoplasty-miami,0,4,73.0
180d,face plastic surgery miami,/procedures/facelift-miami,0,4,75.3
180d,face surgery miami,/procedures/facelift-miami,0,4,75.5
180d,facelift before and after,/procedures/facelift-miami,0,4,2.0
180d,hourglass tummy tuck miami,/procedures/mommy-makeover-miami,0,4,35.5
180d,how much is a facelift miami,/procedures/facelift-miami,0,4,43.3
180d,how much is breast augmentation in miami,/procedures/breast-augmentation-miami,0,4,43.5
180d,lipo en miami,/procedures/liposuction-miami,0,4,68.0
180d,lipoplasty near me,/procedures/liposuction-miami,0,4,45.0
180d,liposculpture miami cost,/procedures/liposuction-miami,0,4,58.0
180d,liposuction irregularities correction miami,/procedures/liposuction-miami,0,4,72.8
180d,liposuction mommy makeover,/procedures/mommy-makeover-miami,0,4,78.3
180d,miami bbl girls,/procedures/brazilian-butt-lift-bbl-miami,0,4,4.3
180d,miami facelift cost,/procedures/facelift-miami,0,4,41.5
180d,miami fl breast augmentation,/procedures/breast-augmentation-miami,0,4,63.8
180d,miami lipo 360 cost,/procedures/liposuction-miami,0,4,63.8
180d,miami mini abdominoplasty,/procedures/tummy-tuck-miami,0,4,17.0
180d,miami plastic surgery packages,/procedures/mommy-makeover-miami,0,4,46.0
180d,mini facelift cost miami plastic surgery clinics,/procedures/facelift-miami,0,4,44.0
180d,mini neck lift cost miami,/procedures/facelift-miami,0,4,71.5
180d,mini neck lift miami cost,/procedures/facelift-miami,0,4,77.3
180d,mommy make over miami,/procedures/mommy-makeover-miami,0,4,7.3
180d,mommy makeover cornelius,/procedures/mommy-makeover-miami,0,4,72.3
180d,mommy makeover cost in florida,/procedures/mommy-makeover-miami,0,4,85.3
180d,mommy makeover in boca raton,/procedures/mommy-makeover-miami,0,4,94.0
180d,mommy makeover package,/procedures/mommy-makeover-miami,0,4,65.3
180d,mommy makeover price in miami,/procedures/mommy-makeover-miami,0,4,1.0
180d,premium tummy tuck clinics miami high end services,/procedures/mommy-makeover-miami,0,4,1.0
180d,revision eyelid surgery miami,/procedures/blepharoplasty-miami,0,4,70.0
180d,rhytidectomy,/procedures/facelift-miami,0,4,1.0
180d,rhytidectomy cost,/procedures/facelift-miami,0,4,54.5
180d,safe bbl florida,/procedures/brazilian-butt-lift-bbl-miami,0,4,38.0
180d,sculpt body shaping miami,/procedures/liposuction-miami,0,4,52.3
180d,sonobello cost,/procedures/tummy-tuck-miami,0,4,3.0
180d,top bbl surgeons in miami,/procedures/brazilian-butt-lift-bbl-miami,0,4,62.0
180d,tummy tuck cost uk,/procedures/tummy-tuck-miami,0,4,3.0
180d,tummy tuck doctors in miami,/procedures/tummy-tuck-miami,0,4,78.0
180d,tummy tuck surgery miami,/procedures/tummy-tuck-miami,0,4,80.3
180d,vaser lipo hd north miami beach,/procedures/liposuction-miami,0,4,70.8
180d,who are the best breast reduction surgeons in miami?,/procedures/breast-reduction-miami,0,4,57.0
180d,mipps facelift,/procedures/facelift-miami,1,3,12.3
180d,360 mommy makeover,/procedures/mommy-makeover-miami,0,3,55.3
180d,abdominoplastia en miami,/procedures/tummy-tuck-miami,0,3,82.3
180d,all inclusive mommy makeover,/procedures/mommy-makeover-miami,0,3,113.7
180d,average cost brazilian butt lift 2026,/procedures/brazilian-butt-lift-bbl-miami,0,3,8.0
180d,bbl before and after miami,/procedures/brazilian-butt-lift-bbl-miami,0,3,66.0
180d,bbl revision surgery miami,/procedures/brazilian-butt-lift-bbl-miami,0,3,55.3
180d,bbl surgeon miami,/procedures/brazilian-butt-lift-bbl-miami,0,3,45.3
180d,best blepharoplasty surgeon in miami,/procedures/blepharoplasty-miami,0,3,55.7
180d,best brazilian buttlift surgeon in miami,/procedures/brazilian-butt-lift-bbl-miami,0,3,56.7
180d,best breast reduction surgeons in miami,/procedures/breast-reduction-miami,0,3,48.3
180d,best luxury plastic surgery clinics miami florida,/procedures/mommy-makeover-miami,0,3,1.0
180d,body sculpting liposuction miami,/procedures/liposuction-miami,0,3,66.3
180d,brazilian butt lift cost 2026,/procedures/brazilian-butt-lift-bbl-miami,0,3,9.0
180d,brazilian butt lift near me,/procedures/brazilian-butt-lift-bbl-miami,0,3,2.3
180d,brazilian butt lift vero beach,/procedures/brazilian-butt-lift-bbl-miami,0,3,72.3
180d,breast augmentation price miami,/procedures/breast-augmentation-miami,0,3,43.7
180d,breast implant surgeon miami,/procedures/breast-augmentation-miami,0,3,59.0
180d,breast implants cost miami,/procedures/breast-augmentation-miami,0,3,37.3
180d,breast implants in miami,/procedures/breast-augmentation-miami,0,3,68.3
180d,breast lift miami,/procedures/breast-reduction-miami,0,3,93.0
180d,breast lift miami fl,/procedures/breast-reduction-miami,0,3,93.7
180d,breast lift miami florida,/procedures/breast-lift-miami,0,3,69.3
180d,breast lift with augmentation coral gables,/procedures/breast-lift-miami,0,3,92.7
180d,breast reduction miami beach,/procedures/breast-reduction-miami,0,3,33.7
180d,breast reduction surgery,/procedures/breast-reduction-miami,0,3,2.3
180d,breast surgeries miami,/procedures/breast-reduction-miami,0,3,74.0
180d,breast surgery in miami,/procedures/breast-augmentation-miami,0,3,74.7
180d,circular tummy tuck,/procedures/tummy-tuck-miami,0,3,74.0
180d,circumareolar lift,/procedures/breast-lift-miami,0,3,88.0
180d,clinica de liposuccion en miami,/procedures/liposuction-miami,0,3,77.7
180d,cuanto cuesta un aumento de senos en miami,/procedures/breast-augmentation-miami,0,3,57.3
180d,curvy tuck,/procedures/tummy-tuck-miami,0,3,55.7
180d,detransition breast surgery miami,/procedures/breast-reduction-miami,0,3,66.7
180d,dr miami prices,/procedures/blepharoplasty-miami,0,3,2.0
180d,face lift north miami,/procedures/facelift-miami,0,3,51.7
180d,face lift surgical,/procedures/facelift-miami,0,3,85.0
180d,facial liposuction south miami,/procedures/liposuction-miami,0,3,60.7
180d,facial rejuvenation miami,/procedures/facelift-miami,0,3,91.7
180d,female tummy tuck,/procedures/tummy-tuck-miami,0,3,80.3
180d,florida abdominoplasty,/procedures/tummy-tuck-miami,0,3,90.0
180d,full mommy makeover,/procedures/mommy-makeover-miami,0,3,87.0
180d,high bmi tummy tuck miami,/procedures/tummy-tuck-miami,0,3,67.7
180d,hot mommy makeover,/procedures/mommy-makeover-miami,0,3,61.3
180d,how much do a bbl cost in miami,/procedures/brazilian-butt-lift-bbl-miami,0,3,5.7
180d,how much does a tummy tuck cost,/procedures/tummy-tuck-miami,0,3,10.3
180d,how much is lipo in miami,/procedures/liposuction-miami,0,3,86.3
180d,is sono bello safe,/procedures/tummy-tuck-miami,0,3,2.3
180d,lifting facial en miami,/procedures/facelift-miami,0,3,76.7
180d,liposculpture florida,/procedures/liposuction-miami,0,3,81.0
180d,liposculpture in miami,/procedures/liposuction-miami,0,3,68.7
180d,liposucción aventura,/procedures/liposuction-miami,0,3,85.3
180d,liposuction cost florida,/procedures/liposuction-miami,0,3,77.7
180d,liquid brazilian butt lift miami,/procedures/brazilian-butt-lift-bbl-miami,0,3,49.3
180d,miami extended tummy tuck,/procedures/tummy-tuck-miami,0,3,12.3
180d,miami facelift revision,/procedures/facelift-miami,0,3,87.7
180d,miami lipo doctors,/procedures/liposuction-miami,0,3,70.7
180d,miami mastopexy,/procedures/breast-lift-miami,0,3,88.7
180d,miami plastic surgery mommy makeover,/procedures/mommy-makeover-miami,0,3,8.3
180d,miami reverse tummy tuck,/procedures/tummy-tuck-miami,0,3,37.3
180d,mini face lift north miami,/procedures/facelift-miami,0,3,50.7
180d,mini face lift north miami garden,/procedures/facelift-miami,0,3,44.0
180d,mini tummy tuck coral gables,/procedures/tummy-tuck-miami,0,3,70.3
180d,mommy makeover,/procedures/tummy-tuck-miami,0,3,3.0
180d,mommy makeover breast augmentation,/procedures/mommy-makeover-miami,0,3,81.3
180d,mommy makeover hollywood,/procedures/mommy-makeover-miami,0,3,81.7
180d,mommy makeover in fort lauderdale,/procedures/mommy-makeover-miami,0,3,92.3
180d,mommy makeover in southampton,/procedures/mommy-makeover-miami,0,3,90.7
180d,mommy makeover jacksonville,/procedures/mommy-makeover-miami,0,3,82.0
180d,mommy makeover liposuction,/procedures/mommy-makeover-miami,0,3,53.7
180d,mommy makeover pompano beach,/procedures/mommy-makeover-miami,0,3,99.0
180d,plastic surgery abdominoplasty,/procedures/tummy-tuck-miami,0,3,69.7
180d,plus size tummy tuck miami,/procedures/tummy-tuck-miami,0,3,53.3
180d,recovery time for facelift miami,/procedures/facelift-miami,0,3,51.3
180d,reducción de senos miami,/procedures/breast-reduction-miami,0,3,85.7
180d,select by bbl,/procedures/brazilian-butt-lift-bbl-miami,0,3,71.3
180d,site:www.alluringplasticsurgery.com,/procedures/brazilian-butt-lift-bbl-miami,0,3,136.7
180d,sonobello reviews,/procedures/tummy-tuck-miami,0,3,3.0
180d,top rated mommy makeover surgeons 2026,/procedures/mommy-makeover-miami,0,3,5.3
180d,transumbilical breast augmentation cost in miami,/procedures/breast-augmentation-miami,0,3,45.0
180d,tummy lift surgery,/procedures/tummy-tuck-miami,0,3,70.3
180d,tummy tuck and bbl cost miami,/procedures/brazilian-butt-lift-bbl-miami,0,3,71.3
180d,tummy tuck cost,/procedures/tummy-tuck-miami,0,3,2.3
180d,tummy tuck cost in florida,/procedures/tummy-tuck-miami,0,3,28.0
180d,tummy tuck prices miami,/procedures/tummy-tuck-miami,0,3,88.7
180d,tummy tuck recovery,/procedures/tummy-tuck-miami,0,3,3.3
180d,tummy tuck south florida,/procedures/tummy-tuck-miami,0,3,61.0
180d,tummy tuck surgeon miami,/procedures/tummy-tuck-miami,0,3,72.3
180d,vampire facelift miami gardens,/procedures/facelift-miami,0,3,72.0
180d,waist liposuction miami,/procedures/liposuction-miami,0,3,69.3
180d,what is sono bello,/procedures/tummy-tuck-miami,0,3,3.0
180d,360 liposuction miami,/procedures/liposuction-miami,0,2,42.0
180d,abdomen lift,/procedures/tummy-tuck-miami,0,2,80.0
180d,abdominal plastic surgery,/procedures/tummy-tuck-miami,0,2,68.5
180d,abdominoplasty weston fl,/procedures/tummy-tuck-miami,0,2,89.0
180d,affordable bbl miami,/procedures/brazilian-butt-lift-bbl-miami,0,2,27.5
180d,alluring plastic surgery photos,/procedures/breast-augmentation-miami,0,2,77.5
180d,american lipo center,/procedures/liposuction-miami,0,2,62.5
180d,arm lift before and after scar,/procedures/facelift-miami,0,2,2.0
180d,augmentation mammoplasty miami,/procedures/breast-augmentation-miami,0,2,86.5
180d,average cost of brazilian butt lift bbl in us 2025 2026,/procedures/brazilian-butt-lift-bbl-miami,0,2,12.0
180d,average cost of mommy makeover,/procedures/mommy-makeover-miami,0,2,1.0
180d,awake lipo 360 near me,/procedures/liposuction-miami,0,2,99.0
180d,awake mommy makeover,/procedures/mommy-makeover-miami,0,2,36.0
180d,bbl,/procedures/brazilian-butt-lift-bbl-miami,0,2,3.5
180d,bbl surgery cost 2026,/procedures/brazilian-butt-lift-bbl-miami,0,2,6.5
180d,bbl surgery florida,/procedures/brazilian-butt-lift-bbl-miami,0,2,27.0
180d,belly plastic surgery,/procedures/tummy-tuck-miami,0,2,36.5
180d,best bbl surgeon,/procedures/brazilian-butt-lift-bbl-miami,0,2,2.5
180d,best bbl surgeon florida,/procedures/brazilian-butt-lift-bbl-miami,0,2,40.5
180d,best bbl surgeons miami 2026,/procedures/brazilian-butt-lift-bbl-miami,0,2,7.5
180d,best facelift surgeon in florida,/procedures/facelift-miami,0,2,71.0
180d,best facelift surgeons miami,/procedures/facelift-miami,0,2,1.0
180d,best lipo doctor in miami,/procedures/liposuction-miami,0,2,45.0
180d,best lipo miami,/procedures/liposuction-miami,0,2,36.0
180d,best mini facelift surgeon miami,/procedures/facelift-miami,0,2,45.0
180d,best tummy tuck plastic surgeon,/procedures/tummy-tuck-miami,0,2,46.0
180d,blepharoplasty surgery miami,/procedures/blepharoplasty-miami,0,2,37.0
180d,boob job implants,/procedures/breast-augmentation-miami,0,2,63.0
180d,brachioplasty cost,/procedures/facelift-miami,0,2,3.0
180d,brazilian butt lif miami,/procedures/brazilian-butt-lift-bbl-miami,0,2,18.0
180d,brazilian butt lift average cost 2026,/procedures/brazilian-butt-lift-bbl-miami,0,2,8.0
180d,brazilian butt lift provo,/procedures/brazilian-butt-lift-bbl-miami,0,2,67.5
180d,brazilian butt lift results miami plastic surgeons,/procedures/brazilian-butt-lift-bbl-miami,0,2,8.5
180d,brazilian butt lift salt lake city,/procedures/brazilian-butt-lift-bbl-miami,0,2,78.0
180d,brazilian butt lift surgery,/procedures/brazilian-butt-lift-bbl-miami,0,2,29.5
180d,brazilian buttock augmentation in miami,/procedures/brazilian-butt-lift-bbl-miami,0,2,62.0
180d,breast augmentation miami florida,/procedures/breast-augmentation-miami,0,2,59.0
180d,breast augmentation with lift miami beach fl,/procedures/breast-augmentation-miami,0,2,36.0
180d,breast implant replacement south miami,/procedures/breast-augmentation-miami,0,2,38.5
180d,breast implants miami florida,/procedures/breast-augmentation-miami,0,2,30.5
180d,breast lift,/procedures/breast-lift-miami,0,2,86.0
180d,breast lift in miami,/procedures/breast-augmentation-miami,0,2,83.0
180d,breast lift miami beach fl,/procedures/breast-lift-miami,0,2,76.0
180d,breast lift miami cost,/procedures/breast-augmentation-miami,0,2,72.5
180d,breast lift scars,/procedures/breast-reduction-miami,0,2,3.0
180d,breast lift with implants miami,/procedures/breast-augmentation-miami,0,2,34.5
180d,breast lift with silicone implants,/procedures/breast-lift-miami,0,2,76.5
180d,breast reduction free consultation,/procedures/breast-reduction-miami,0,2,10.5
180d,breast revision surgery miami,/procedures/breast-augmentation-miami,0,2,74.5
180d,breast surgery in miami,/procedures/breast-reduction-miami,0,2,90.5
180d,breast surgery miami,/procedures/breast-reduction-miami,0,2,82.0
180d,breasts big,/procedures/breast-reduction-miami,0,2,3.0
180d,brest lift miami,/procedures/breast-augmentation-miami,0,2,70.0
180d,buttock injections miami,/procedures/brazilian-butt-lift-bbl-miami,0,2,7.5
180d,butty miami 2026,/procedures/brazilian-butt-lift-bbl-miami,0,2,1.0
180d,cheapest bbl in miami,/procedures/brazilian-butt-lift-bbl-miami,0,2,75.0
180d,cost of breast augmentation in miami,/procedures/breast-augmentation-miami,0,2,56.0
180d,cost of tummy tuck in florida,/procedures/tummy-tuck-miami,0,2,92.0
180d,does insurance pay for mommy makeover,/procedures/mommy-makeover-miami,0,2,84.0
180d,dr cannon miami,/procedures/brazilian-butt-lift-bbl-miami,0,2,5.5
180d,dr miami bbl cost 2026,/procedures/brazilian-butt-lift-bbl-miami,0,2,10.5
180d,dr miami mommy makeover cost,/procedures/mommy-makeover-miami,0,2,66.0
180d,dr miami office,/procedures/mommy-makeover-miami,0,2,2.0
180d,dr miami prices,/procedures/mommy-makeover-miami,0,2,3.0
180d,dr victoria karlinsky miami,/procedures/mommy-makeover-miami,0,2,78.5
180d,eyebag removal surgery,/procedures/blepharoplasty-miami,0,2,3.0
180d,eyelid lift miami beach fl,/procedures/blepharoplasty-miami,0,2,69.0
180d,eyelid lift surgeon miami,/procedures/blepharoplasty-miami,0,2,74.0
180d,eyelid surgery,/procedures/blepharoplasty-miami,0,2,44.0
180d,eyelid surgery cost miami,/procedures/blepharoplasty-miami,0,2,17.5
180d,face lift florida,/procedures/facelift-miami,0,2,94.5
180d,face plastic surgery,/procedures/facelift-miami,0,2,42.5
180d,facelift coral springs,/procedures/facelift-miami,0,2,71.5
180d,facelift florida,/procedures/facelift-miami,0,2,90.0
180d,fdl tummy tuck,/procedures/tummy-tuck-miami,0,2,3.0
180d,forehead lift miami,/procedures/facelift-miami,0,2,99.5
180d,fotos,/procedures/tummy-tuck-miami,0,2,14.5
180d,gummy bear breast implants miami,/procedures/breast-augmentation-miami,0,2,39.5
180d,hd liposuction miami,/procedures/liposuction-miami,0,2,74.5
180d,high bmi liposuction near me,/procedures/liposuction-miami,0,2,73.0
180d,high volume liposuction,/procedures/liposuction-miami,0,2,89.5
180d,how does sono bello work,/procedures/tummy-tuck-miami,0,2,2.5
180d,how much does a mommy make over cost,/procedures/mommy-makeover-miami,0,2,3.0
180d,how much does a mommy makeover cost in florida,/procedures/mommy-makeover-miami,0,2,81.5
180d,how much does sonobello cost for stomach,/procedures/tummy-tuck-miami,0,2,2.5
180d,how much is a bbl,/procedures/brazilian-butt-lift-bbl-miami,0,2,2.5
180d,how much is a bbl dr miami,/procedures/brazilian-butt-lift-bbl-miami,0,2,85.0
180d,how much is a bbl in california,/procedures/brazilian-butt-lift-bbl-miami,0,2,2.0
180d,how much is a brazilian butt lift,/procedures/brazilian-butt-lift-bbl-miami,0,2,1.0
180d,how much is a mommy makeover,/procedures/mommy-makeover-miami,0,2,1.0
180d,how much is a tummy tuck in miami florida,/procedures/tummy-tuck-miami,0,2,78.0
180d,in miami,/procedures/mommy-makeover-miami,0,2,6.5
180d,large bbl,/procedures/brazilian-butt-lift-bbl-miami,0,2,74.0
180d,large tummy tuck,/procedures/tummy-tuck-miami,0,2,80.0
180d,latina boobjob,/procedures/breast-augmentation-miami,0,2,37.0
180d,lipo 360 near me,/procedures/liposuction-miami,0,2,25.5
180d,lipo prices in miami,/procedures/liposuction-miami,0,2,56.5
180d,lipoplasty miami,/procedures/liposuction-miami,0,2,86.0
180d,liposculpting florida,/procedures/liposuction-miami,0,2,91.0
180d,liposuccion de alta definicion miami,/procedures/liposuction-miami,0,2,76.5
180d,liposuction miami gardens,/procedures/liposuction-miami,0,2,47.5
180d,liposuction operation,/procedures/liposuction-miami,0,2,3.0
180d,"looking for a board-certified surgeon in miami for a mommy makeover under $20,000.",/procedures/mommy-makeover-miami,0,2,1.0
180d,mammoplasty miami,/procedures/breast-lift-miami,0,2,88.0
180d,miami bbl price,/procedures/brazilian-butt-lift-bbl-miami,0,2,10.5
180d,miami bbl specials,/procedures/brazilian-butt-lift-bbl-miami,0,2,80.5
180d,miami brazilian buttock augmentation,/procedures/brazilian-butt-lift-bbl-miami,0,2,71.5
180d,miami breast augmentation price,/procedures/breast-augmentation-miami,0,2,50.0
180d,miami breast enlargement,/procedures/breast-augmentation-miami,0,2,82.5
180d,miami breast lift,/procedures/breast-reduction-miami,0,2,94.0
180d,miami breast lift with implants,/procedures/breast-lift-miami,0,2,49.5
180d,miami cheek lift,/procedures/facelift-miami,0,2,74.5
180d,miami extended abdominoplasty,/procedures/tummy-tuck-miami,0,2,11.5
180d,miami liposuction prices,/procedures/liposuction-miami,0,2,86.5
180d,miami plastic surgery,/procedures/facelift-miami,0,2,2.0
180d,mini lifting facial precio en miami,/procedures/facelift-miami,0,2,78.0
180d,mini tummy tuck,/procedures/tummy-tuck-miami,0,2,3.0
180d,mini tummy tuck before and after,/procedures/tummy-tuck-miami,0,2,3.5
180d,mommy lift,/procedures/mommy-makeover-miami,0,2,87.5
180d,mommy makeover coral gables fl,/procedures/mommy-makeover-miami,0,2,71.5
180d,mommy makeover cost,/procedures/mommy-makeover-miami,0,2,1.0
180d,mommy makeover cost dr miami,/procedures/mommy-makeover-miami,0,2,57.5
180d,mommy makeover cost florida 2026,/procedures/mommy-makeover-miami,0,2,16.5
180d,mommy makeover murphy,/procedures/mommy-makeover-miami,0,2,51.0
180d,mommy makeover plastic surgery cost,/procedures/mommy-makeover-miami,0,2,1.0
180d,mommy makeover price,/procedures/mommy-makeover-miami,0,2,1.0
180d,mommy makeover surgeon miami fl,/procedures/mommy-makeover-miami,0,2,33.5
180d,mommy makeover surgeons near me,/procedures/mommy-makeover-miami,0,2,84.0
180d,mommy makeover surgery cost,/procedures/mommy-makeover-miami,0,2,1.0
180d,mommy makeover surgery near me,/procedures/mommy-makeover-miami,0,2,29.5
180d,mommy makeover with female surgeon,/procedures/mommy-makeover-miami,0,2,89.5
180d,mommy makeovers in miami,/procedures/mommy-makeover-miami,0,2,21.5
180d,mummy makeover,/procedures/tummy-tuck-miami,0,2,3.0
180d,mummy makeover turkey,/procedures/tummy-tuck-miami,0,2,3.0
180d,natural bbl,/procedures/brazilian-butt-lift-bbl-miami,0,2,46.5
180d,one hour smart facelift,/procedures/facelift-miami,0,2,53.5
180d,opiniones de alluring plastic surgery,/procedures/mommy-makeover-miami,0,2,10.0
180d,orthognathic surgery before and after,/procedures/facelift-miami,0,2,1.0
180d,plastic surgery after weight loss miami,/procedures/liposuction-miami,0,2,95.5
180d,plastic surgery bbl,/procedures/brazilian-butt-lift-bbl-miami,0,2,86.0
180d,plastic surgery mommy makeover,/procedures/mommy-makeover-miami,0,2,42.0
180d,power assisted liposuction miami,/procedures/liposuction-miami,0,2,27.5
180d,quad blepharoplasty miami,/procedures/blepharoplasty-miami,0,2,58.5
180d,scarless breast reduction miami,/procedures/breast-reduction-miami,0,2,41.5
180d,silicone chin implant,/procedures/breast-augmentation-miami,0,2,1.0
180d,site:alluringplasticsurgery.com,/procedures/blepharoplasty-miami,0,2,65.5
180d,site:alluringplasticsurgery.com,/procedures/brazilian-butt-lift-bbl-miami,0,2,122.5
180d,site:alluringplasticsurgery.com,/procedures/breast-augmentation-miami,0,2,83.0
180d,site:alluringplasticsurgery.com,/procedures/breast-lift-miami,0,2,79.5
180d,site:alluringplasticsurgery.com,/procedures/breast-reduction-miami,0,2,73.5
180d,site:alluringplasticsurgery.com,/procedures/facelift-miami,0,2,58.0
180d,site:alluringplasticsurgery.com,/procedures/liposuction-miami,0,2,61.5
180d,site:alluringplasticsurgery.com,/procedures/mommy-makeover-miami,0,2,72.5
180d,site:alluringplasticsurgery.com,/procedures/tummy-tuck-miami,0,2,82.0
180d,skinny bbl before and after,/procedures/brazilian-butt-lift-bbl-miami,0,2,4.0
180d,south beach bbl,/procedures/brazilian-butt-lift-bbl-miami,0,2,5.5
180d,stomach liposuction cost miami,/procedures/liposuction-miami,0,2,56.0
180d,top 5 plastic surgeons for facelift in miami florida area,/procedures/facelift-miami,0,2,1.0
180d,top breast augmentation miami,/procedures/breast-augmentation-miami,0,2,32.5
180d,tumescent liposuction miami,/procedures/liposuction-miami,0,2,72.0
180d,tummy fat surgery,/procedures/tummy-tuck-miami,0,2,73.0
180d,tummy lift,/procedures/tummy-tuck-miami,0,2,69.5
180d,tummy tuck abroad recommendations,/procedures/tummy-tuck-miami,0,2,3.5
180d,tummy tuck before and after photos,/procedures/tummy-tuck-miami,0,2,7.5
180d,tummy tuck before and after uk,/procedures/tummy-tuck-miami,0,2,4.0
180d,tummy tuck fl,/procedures/tummy-tuck-miami,0,2,91.0
180d,tummy tuck in miami cost,/procedures/tummy-tuck-miami,0,2,94.0
180d,tummy tuck nz,/procedures/tummy-tuck-miami,0,2,3.0
180d,tummy tuck plantation,/procedures/tummy-tuck-miami,0,2,52.5
180d,tummy tuck recovery miami,/procedures/tummy-tuck-miami,0,2,60.5
180d,tummy tuck recovery time,/procedures/tummy-tuck-miami,0,2,2.5
180d,tummy tuck specials miami,/procedures/tummy-tuck-miami,0,2,9.0
180d,tummy tuck surgery before and after,/procedures/tummy-tuck-miami,0,2,3.0
180d,upper facelift coral gables,/procedures/facelift-miami,0,2,83.0
180d,what does sono bello cost,/procedures/tummy-tuck-miami,0,2,2.5
180d,what is a 360 tummy tuck,/procedures/tummy-tuck-miami,0,2,7.0
180d,where can i get a complete mommy makeover from a top-rated provider?,/procedures/mommy-makeover-miami,0,2,1.0
180d,which clinics are known for popular brazilian butt lift outcomes this year?,/procedures/brazilian-butt-lift-bbl-miami,0,2,1.0
180d,who are the best surgeons in miami for a skinny bbl?,/procedures/brazilian-butt-lift-bbl-miami,0,2,41.5
180d,who is the best mommy makeover surgeon near me?,/procedures/tummy-tuck-miami,0,2,12.5
180d,who is the best tummy tuck surgeon in miami?,/procedures/tummy-tuck-miami,0,2,1.0
180d,bbl with hyaluronic acid,/procedures/brazilian-butt-lift-bbl-miami,1,1,1.0
180d,"$5,000",/procedures/mommy-makeover-miami,0,1,3.0
180d,1 week post op mommy makeover,/procedures/tummy-tuck-miami,0,1,3.0
180d,2 weeks after tummy tuck pictures,/procedures/tummy-tuck-miami,0,1,3.0
180d,2000cc bbl,/procedures/brazilian-butt-lift-bbl-miami,0,1,92.0
180d,3 day facelift,/procedures/facelift-miami,0,1,43.0
180d,3 weeks post tummy tuck,/procedures/tummy-tuck-miami,0,1,3.0
180d,360 body lift cost,/procedures/tummy-tuck-miami,0,1,3.0
180d,360 lipo,/procedures/liposuction-miami,0,1,1.0
180d,3d facelift,/procedures/facelift-miami,0,1,64.0
180d,4 days post op,/procedures/tummy-tuck-miami,0,1,21.0
180d,4 weeks,/procedures/tummy-tuck-miami,0,1,2.0
180d,4000cc breast implants,/procedures/breast-reduction-miami,0,1,2.0
180d,[breast augmentation],/procedures/breast-augmentation-miami,0,1,86.0
180d,a picture,/procedures/brazilian-butt-lift-bbl-miami,0,1,1.0
180d,abdomin,/procedures/tummy-tuck-miami,0,1,1.0
180d,abdominal,/procedures/tummy-tuck-miami,0,1,1.0
180d,abdominal liposuction miami,/procedures/tummy-tuck-miami,0,1,95.0
180d,abdominoplastia south florida,/procedures/tummy-tuck-miami,0,1,18.0
180d,abdominoplasty cost florida,/procedures/tummy-tuck-miami,0,1,70.0
180d,abdominoplasty cost ontario,/procedures/tummy-tuck-miami,0,1,2.0
180d,abdominoplasty surgery,/procedures/tummy-tuck-miami,0,1,3.0
180d,abdominoplasty surgery video,/procedures/tummy-tuck-miami,0,1,7.0
180d,abex procedure cost,/procedures/tummy-tuck-miami,0,1,3.0
180d,affordable breast reduction in south africa,/procedures/breast-reduction-miami,0,1,1.0
180d,affordable tummy tuck,/procedures/tummy-tuck-miami,0,1,3.0
180d,african butt lift,/procedures/brazilian-butt-lift-bbl-miami,0,1,3.0
180d,airsculpt bbl,/procedures/brazilian-butt-lift-bbl-miami,0,1,3.0
180d,alanna pow,/procedures/brazilian-butt-lift-bbl-miami,0,1,7.0
180d,all,/procedures/liposuction-miami,0,1,2.0
180d,all-inclusive mommy makeover packages,/procedures/mommy-makeover-miami,0,1,83.0
180d,allure plastic surgery miami,/procedures/mommy-makeover-miami,0,1,2.0
180d,allure upper bleph men,/procedures/blepharoplasty-miami,0,1,10.0
180d,alluring plastic,/procedures/mommy-makeover-miami,0,1,1.0
180d,alluring plastic surgery photos,/procedures/breast-reduction-miami,0,1,5.0
180d,alluring plastic surgery reviews,/procedures/breast-augmentation-miami,0,1,58.0
180d,alluring plastic surgery reviews,/procedures/breast-reduction-miami,0,1,10.0
180d,american lipo,/procedures/liposuction-miami,0,1,63.0
180d,apron belly surgery cost uk,/procedures/tummy-tuck-miami,0,1,3.0
180d,arm lipo,/procedures/liposuction-miami,0,1,2.0
180d,arm lipo cost,/procedures/liposuction-miami,0,1,3.0
180d,arm liposuction near me,/procedures/liposuction-miami,0,1,2.0
180d,arm reduction before and after,/procedures/facelift-miami,0,1,3.0
180d,aumento de cenos,/procedures/breast-augmentation-miami,0,1,5.0
180d,aumento de senos con levantamiento miami,/procedures/breast-lift-miami,0,1,99.0
180d,aumento de senos miami,/procedures/breast-augmentation-miami,0,1,74.0
180d,aventura liposuction,/procedures/liposuction-miami,0,1,52.0
180d,average cost of bbl surgery in us 2026,/procedures/brazilian-butt-lift-bbl-miami,0,1,8.0
180d,average cost of brazilian butt lift bbl in us 2026,/procedures/brazilian-butt-lift-bbl-miami,0,1,4.0
180d,average cost of mommy makeover 2026,/procedures/mommy-makeover-miami,0,1,8.0
180d,average cost of tummy tuck abdominoplasty 2025 2026,/procedures/tummy-tuck-miami,0,1,19.0
180d,average cost of under eye bag surgery,/procedures/blepharoplasty-miami,0,1,3.0
180d,awake lipo shaping near me,/procedures/liposuction-miami,0,1,91.0
180d,awake tummy tuck miami,/procedures/tummy-tuck-miami,0,1,66.0
180d,back lift south miami,/procedures/breast-reduction-miami,0,1,44.0
180d,bana örnek resim göster,/procedures/brazilian-butt-lift-bbl-miami,0,1,1.0
180d,bbl 1018430026 15 w 26th,/procedures/brazilian-butt-lift-bbl-miami,0,1,9.0
180d,bbl and lipo 360,/procedures/brazilian-butt-lift-bbl-miami,0,1,3.0
180d,bbl boca raton,/procedures/brazilian-butt-lift-bbl-miami,0,1,74.0
180d,bbl brazilian butt lift in fleming island,/procedures/brazilian-butt-lift-bbl-miami,0,1,89.0
180d,bbl chicago,/procedures/brazilian-butt-lift-bbl-miami,0,1,2.0
180d,bbl cost in mexico,/procedures/brazilian-butt-lift-bbl-miami,0,1,3.0
180d,bbl diet plan pdf,/procedures/brazilian-butt-lift-bbl-miami,0,1,85.0
180d,bbl figure,/procedures/brazilian-butt-lift-bbl-miami,0,1,2.0
180d,bbl fort lauderdale,/procedures/brazilian-butt-lift-bbl-miami,0,1,94.0
180d,bbl jacksonville fl,/procedures/brazilian-butt-lift-bbl-miami,0,1,3.0
180d,bbl larina,/procedures/brazilian-butt-lift-bbl-miami,0,1,10.0
180d,bbl mami,/procedures/brazilian-butt-lift-bbl-miami,0,1,7.0
180d,bbl marco island,/procedures/brazilian-butt-lift-bbl-miami,0,1,28.0
180d,bbl meaning,/procedures/brazilian-butt-lift-bbl-miami,0,1,2.0
180d,bbl package,/procedures/brazilian-butt-lift-bbl-miami,0,1,45.0
180d,bbl palm beach,/procedures/brazilian-butt-lift-bbl-miami,0,1,80.0
180d,bbl plastic surgery near me,/procedures/brazilian-butt-lift-bbl-miami,0,1,4.0
180d,bbl puerto rico,/procedures/brazilian-butt-lift-bbl-miami,0,1,2.0
180d,bbl revision in miami,/procedures/brazilian-butt-lift-bbl-miami,0,1,49.0
180d,bbl revision miami,/procedures/brazilian-butt-lift-bbl-miami,0,1,70.0
180d,bbl surgeons,/procedures/brazilian-butt-lift-bbl-miami,0,1,19.0
180d,bbl surgeru,/procedures/brazilian-butt-lift-bbl-miami,0,1,1.0
180d,bbl ultrasonico miami,/procedures/brazilian-butt-lift-bbl-miami,0,1,91.0
180d,bbl west palm beach,/procedures/brazilian-butt-lift-bbl-miami,0,1,91.0
180d,bbls miami,/procedures/brazilian-butt-lift-bbl-miami,0,1,12.0
180d,bdl surgery cost,/procedures/brazilian-butt-lift-bbl-miami,0,1,1.0
180d,before after tummy tuck,/procedures/tummy-tuck-miami,0,1,4.0
180d,before and after breast reduction pictures,/procedures/breast-reduction-miami,0,1,4.0
180d,before and after pics,/procedures/tummy-tuck-miami,0,1,21.0
180d,before and after pictures,/procedures/breast-reduction-miami,0,1,6.0
180d,belly fat removal surgery cost,/procedures/tummy-tuck-miami,0,1,3.0
180d,belly lift surgery,/procedures/tummy-tuck-miami,0,1,79.0
180d,belly tuck palm beach,/procedures/tummy-tuck-miami,0,1,70.0
180d,best abdominoplasty surgeon near me,/procedures/tummy-tuck-miami,0,1,2.0
180d,"best bbl doctors in miami, florida",/procedures/brazilian-butt-lift-bbl-miami,0,1,32.0
180d,best bbl surgeon in beverly hills,/procedures/brazilian-butt-lift-bbl-miami,0,1,2.0
180d,best bbl surgeon in florida,/procedures/brazilian-butt-lift-bbl-miami,0,1,30.0
180d,best bbl surgeon miami,/procedures/brazilian-butt-lift-bbl-miami,0,1,1.0
180d,best breast augmentation miami beach,/procedures/breast-augmentation-miami,0,1,69.0
180d,best breast augmentation surgeon miami,/procedures/breast-augmentation-miami,0,1,1.0
180d,best breast augmentation surgeons in florida,/procedures/breast-augmentation-miami,0,1,38.0
180d,best doctors who perform liposuction in miami,/procedures/liposuction-miami,0,1,67.0
180d,"best facelift consultation in miami, fl",/procedures/blepharoplasty-miami,0,1,20.0
180d,best facelift surgeon in adelaide,/procedures/facelift-miami,0,1,2.0
180d,best facelift surgeon in south florida,/procedures/facelift-miami,0,1,48.0
180d,best facelift surgeons in miami,/procedures/facelift-miami,0,1,1.0
180d,best facelift surgeons miami florida,/procedures/facelift-miami,0,1,70.0
180d,best lipedema surgeons,/procedures/liposuction-miami,0,1,1.0
180d,best lipo doctors in miami,/procedures/liposuction-miami,0,1,61.0
180d,best liposuction doctor in miami,/procedures/liposuction-miami,0,1,69.0
180d,best miami bbl surgeon,/procedures/brazilian-butt-lift-bbl-miami,0,1,1.0
180d,best miami bbl surgeons,/procedures/brazilian-butt-lift-bbl-miami,0,1,27.0
180d,"best mommy makeover consultation in miami, fl",/procedures/mommy-makeover-miami,0,1,9.0
180d,best mommy makeover surgeons 2026,/procedures/mommy-makeover-miami,0,1,8.0
180d,best place for a tummy tuck,/procedures/tummy-tuck-miami,0,1,2.0
180d,best place for tummy tuck scotland,/procedures/tummy-tuck-miami,0,1,3.0
180d,best place to get a mommy makeover,/procedures/mommy-makeover-miami,0,1,1.0
180d,best plastic surgeon in florida for tummy tuck,/procedures/tummy-tuck-miami,0,1,99.0
180d,best plastic surgeon in miami,/procedures/breast-augmentation-miami,0,1,1.0
180d,best plastic surgeons in orange county,/procedures/brazilian-butt-lift-bbl-miami,0,1,10.0
180d,best skinny bbl surgeon in miami,/procedures/brazilian-butt-lift-bbl-miami,0,1,47.0
180d,best surgeon for rhinoplasty near me,/procedures/facelift-miami,0,1,1.0
180d,best tummy tuck surgeon in ontario,/procedures/tummy-tuck-miami,0,1,3.0
180d,best tummy tuck surgeon in the world,/procedures/tummy-tuck-miami,0,1,83.0
180d,best tummy tuck surgeons in the world,/procedures/tummy-tuck-miami,0,1,50.0
180d,best tummy tuck uk,/procedures/tummy-tuck-miami,0,1,5.0
180d,big breast,/procedures/breast-reduction-miami,0,1,1.0
180d,big breasts,/procedures/breast-reduction-miami,0,1,6.0
180d,big-breast,/procedures/breast-reduction-miami,0,1,4.0
180d,biggest bbl in miami,/procedures/brazilian-butt-lift-bbl-miami,0,1,64.0
180d,bilateral lift,/procedures/brazilian-butt-lift-bbl-miami,0,1,12.0
180d,blefaroplastia,/procedures/blepharoplasty-miami,0,1,1.0
180d,blepharoplasty coral gables,/procedures/blepharoplasty-miami,0,1,74.0
180d,blepharoplasty miami cost,/procedures/blepharoplasty-miami,0,1,41.0
180d,blepharplasty,/procedures/blepharoplasty-miami,0,1,1.0
180d,boob consultation,/procedures/breast-augmentation-miami,0,1,99.0
180d,boob job,/procedures/breast-augmentation-miami,0,1,60.0
180d,boob job consultation,/procedures/breast-augmentation-miami,0,1,83.0
180d,boob job cost,/procedures/breast-augmentation-miami,0,1,1.0
180d,boob job florida,/procedures/breast-augmentation-miami,0,1,88.0
180d,boob job miami,/procedures/tummy-tuck-miami,0,1,41.0
180d,boob job sydney,/procedures/breast-augmentation-miami,0,1,1.0
180d,boob jobs,/procedures/breast-augmentation-miami,0,1,89.0
180d,boob jobs in miami,/procedures/breast-augmentation-miami,0,1,59.0
180d,boob jobs miami,/procedures/breast-augmentation-miami,0,1,88.0
180d,boobjob,/procedures/breast-augmentation-miami,0,1,61.0
180d,book facelift consultation,/procedures/facelift-miami,0,1,98.0
180d,bottomed out breast implants repair south florida,/procedures/breast-augmentation-miami,0,1,48.0
180d,brachioplasty miami,/procedures/facelift-miami,0,1,4.0
180d,brachioplasty scars photos,/procedures/facelift-miami,0,1,2.0
180d,brachioplasty uk cost,/procedures/facelift-miami,0,1,2.0
180d,brazilian breast augmentation,/procedures/breast-augmentation-miami,0,1,72.0
180d,brazilian bum lift,/procedures/brazilian-butt-lift-bbl-miami,0,1,3.0
180d,brazilian butt lift,/procedures/brazilian-butt-lift-bbl-miami,0,1,34.0
180d,brazilian butt lift and liposuction,/procedures/brazilian-butt-lift-bbl-miami,0,1,1.0
180d,brazilian butt lift aventura,/procedures/brazilian-butt-lift-bbl-miami,0,1,91.0
180d,brazilian butt lift bbl surgery cost 2025 2026,/procedures/brazilian-butt-lift-bbl-miami,0,1,9.0
180d,brazilian butt lift miami recovery,/procedures/brazilian-butt-lift-bbl-miami,0,1,84.0
180d,brazilian butt lift revision in miami,/procedures/brazilian-butt-lift-bbl-miami,0,1,49.0
180d,brazilian butt lift surgery cost 2026,/procedures/brazilian-butt-lift-bbl-miami,0,1,3.0
180d,brazilian plastic surgeon in miami,/procedures/brazilian-butt-lift-bbl-miami,0,1,7.0
180d,brazilin butt lift miami,/procedures/brazilian-butt-lift-bbl-miami,0,1,16.0
180d,brazillian butt lift miami,/procedures/brazilian-butt-lift-bbl-miami,0,1,15.0
180d,breast aug in miami,/procedures/breast-augmentation-miami,0,1,49.0
180d,breast augmentation consultation,/procedures/breast-augmentation-miami,0,1,95.0
180d,breast augmentation cost florida,/procedures/breast-augmentation-miami,0,1,75.0
180d,breast augmentation cost miami 2026 average,/procedures/breast-augmentation-miami,0,1,10.0
180d,breast augmentation cuts,/procedures/breast-augmentation-miami,0,1,1.0
180d,breast augmentation in miami fl,/procedures/breast-augmentation-miami,0,1,80.0
180d,breast augmentation omaha cost,/procedures/breast-augmentation-miami,0,1,1.0
180d,breast augmentation sunny isles beach,/procedures/breast-augmentation-miami,0,1,38.0
180d,breast augmentation surgery,/procedures/breast-augmentation-miami,0,1,62.0
180d,breast augmentation?,/procedures/breast-augmentation-miami,0,1,13.0
180d,breast implant stabilization surgery south florida,/procedures/breast-augmentation-miami,0,1,33.0
180d,breast implant surgery cost miami clinics comparison 2025 2026,/procedures/breast-augmentation-miami,0,1,20.0
180d,breast implant surgery pricing comparison miami different clinics cost breakdown,/procedures/breast-augmentation-miami,0,1,1.0
180d,breast implants florida,/procedures/breast-augmentation-miami,0,1,87.0
180d,breast implants miami beach,/procedures/breast-augmentation-miami,0,1,62.0
180d,breast implants south florida,/procedures/breast-augmentation-miami,0,1,70.0
180d,breast lift augmentation miami,/procedures/breast-lift-miami,0,1,91.0
180d,breast lift cost in miami,/procedures/breast-augmentation-miami,0,1,77.0
180d,breast lift cost miami,/procedures/breast-lift-miami,0,1,86.0
180d,breast lift implants,/procedures/breast-lift-miami,0,1,77.0
180d,breast lift implants miami,/procedures/breast-lift-miami,0,1,49.0
180d,breast lift in miami florida,/procedures/breast-lift-miami,0,1,63.0
180d,breast lift miami beach,/procedures/breast-reduction-miami,0,1,83.0
180d,breast lift south miami,/procedures/breast-reduction-miami,0,1,91.0
180d,breast lift surgery,/procedures/breast-reduction-miami,0,1,3.0
180d,breast lift weston,/procedures/breast-lift-miami,0,1,72.0
180d,breast lift with augmentation miami,/procedures/breast-reduction-miami,0,1,88.0
180d,breast lift with implants miami fl,/procedures/breast-lift-miami,0,1,49.0
180d,breast reductiom,/procedures/breast-reduction-miami,0,1,1.0
180d,breast reduction before and after,/procedures/breast-reduction-miami,0,1,4.0
180d,breast reduction florida,/procedures/breast-reduction-miami,0,1,95.0
180d,breast reduction miami cost,/procedures/breast-reduction-miami,0,1,41.0
180d,breast reduction recovery week by week pictures reddit,/procedures/breast-reduction-miami,0,1,4.0
180d,breast reduction surgery before and after,/procedures/breast-reduction-miami,0,1,3.0
180d,breast reduction surgery ct,/procedures/breast-reduction-miami,0,1,3.0
180d,breast reshaping surgery,/procedures/breast-lift-miami,0,1,79.0
180d,breast revision south miami,/procedures/breast-augmentation-miami,0,1,70.0
180d,breast surgery in miami,/procedures/breast-lift-miami,0,1,64.0
180d,breat reduction,/procedures/breast-reduction-miami,0,1,1.0
180d,buccal fat removal cost miami,/procedures/liposuction-miami,0,1,81.0
180d,buffalo hump lipo before and after,/procedures/liposuction-miami,0,1,3.0
180d,buffalo hump lipo near me,/procedures/liposuction-miami,0,1,2.0
180d,butt injections before and after,/procedures/brazilian-butt-lift-bbl-miami,0,1,3.0
180d,butt injections miami,/procedures/brazilian-butt-lift-bbl-miami,0,1,7.0
180d,butt lift florida,/procedures/brazilian-butt-lift-bbl-miami,0,1,68.0
180d,butt lift surgery,/procedures/brazilian-butt-lift-bbl-miami,0,1,17.0
180d,butt lift surgery cost,/procedures/brazilian-butt-lift-bbl-miami,0,1,1.0
180d,buttock injections cost near me,/procedures/brazilian-butt-lift-bbl-miami,0,1,2.0
180d,buttock reduction miami,/procedures/brazilian-butt-lift-bbl-miami,0,1,50.0
180d,c section tummy tuck,/procedures/tummy-tuck-miami,0,1,1.0
180d,c-section after tummy tuck,/procedures/tummy-tuck-miami,0,1,3.0
180d,can you fly after a tummy tuck,/procedures/tummy-tuck-miami,0,1,2.0
180d,can you get a bbl in the us,/procedures/brazilian-butt-lift-bbl-miami,0,1,60.0
180d,can you get a facelift after fillers,/procedures/facelift-miami,0,1,2.0
180d,can you have a tummy tuck without losing weight,/procedures/tummy-tuck-miami,0,1,2.0
180d,can you recommend top-rated plastic surgeons in miami for liposuction?,/procedures/liposuction-miami,0,1,16.0
180d,ce surgery miami,/procedures/facelift-miami,0,1,2.0
180d,celulite removal,/procedures/brazilian-butt-lift-bbl-miami,0,1,17.0
180d,cheap lipo in miami,/procedures/liposuction-miami,0,1,41.0
180d,cheap liposuction packages miami,/procedures/liposuction-miami,0,1,30.0
180d,cheap liposuction packages near me,/procedures/liposuction-miami,0,1,85.0
180d,cheap tummy tuck near me,/procedures/tummy-tuck-miami,0,1,2.0
180d,cheapest place to get a bbl,/procedures/brazilian-butt-lift-bbl-miami,0,1,3.0
180d,chin lipo cost miami,/procedures/liposuction-miami,0,1,55.0
180d,circumferential tummy tuck,/procedures/tummy-tuck-miami,0,1,75.0
180d,circumferential tummy tuck before and after,/procedures/tummy-tuck-miami,0,1,6.0
180d,cirugia tummy tuck,/procedures/tummy-tuck-miami,0,1,41.0
180d,clinica de lipo,/procedures/liposuction-miami,0,1,78.0
180d,combine,/procedures/mommy-makeover-miami,0,1,9.0
180d,common problems after breast reduction surgery,/procedures/breast-reduction-miami,0,1,2.0
180d,complete tummy tuck,/procedures/tummy-tuck-miami,0,1,72.0
180d,con grasa,/procedures/breast-augmentation-miami,0,1,2.0
180d,cosmetic facelift,/procedures/facelift-miami,0,1,87.0
180d,cosmetic surgery bbl,/procedures/brazilian-butt-lift-bbl-miami,0,1,75.0
180d,cosmetic tummy tuck,/procedures/tummy-tuck-miami,0,1,97.0
180d,cost for bbl,/procedures/brazilian-butt-lift-bbl-miami,0,1,2.0
180d,cost of a bbl,/procedures/brazilian-butt-lift-bbl-miami,0,1,2.0
180d,cost of a tummy tuck after weight loss,/procedures/tummy-tuck-miami,0,1,1.0
180d,cost of a tummy tuck in south africa,/procedures/tummy-tuck-miami,0,1,2.0
180d,cost of brazilian butt lift,/procedures/brazilian-butt-lift-bbl-miami,0,1,1.0
180d,cost of breast reduction,/procedures/breast-reduction-miami,0,1,2.0
180d,cost of facelift in florida,/procedures/facelift-miami,0,1,66.0
180d,cost of facelift in south korea,/procedures/brazilian-butt-lift-bbl-miami,0,1,2.0
180d,cost of mommy make over,/procedures/mommy-makeover-miami,0,1,1.0
180d,cost of mommy makeover in florida,/procedures/mommy-makeover-miami,0,1,93.0
180d,cost of mommy makeover surgery,/procedures/mommy-makeover-miami,0,1,1.0
180d,cost of tummy tuck in south africa,/procedures/tummy-tuck-miami,0,1,2.0
180d,cost of tummy tuck in turkey,/procedures/tummy-tuck-miami,0,1,3.0
180d,costa rica plastic surgery packages,/procedures/brazilian-butt-lift-bbl-miami,0,1,5.0
180d,curvy plastic surgery miami,/procedures/liposuction-miami,0,1,77.0
180d,cutejuliavictoria breast reduction,/procedures/breast-reduction-miami,0,1,10.0
180d,cuánto cuesta hacerse los senos,/procedures/breast-augmentation-miami,0,1,4.0
180d,dark circle surgery miami,/procedures/blepharoplasty-miami,0,1,58.0
180d,deep plane facelift turkey cost,/procedures/facelift-miami,0,1,3.0
180d,dental implants miami fl,/procedures/breast-augmentation-miami,0,1,2.0
180d,do tummy tuck scars fade,/procedures/tummy-tuck-miami,0,1,2.0
180d,doctor miami net worth,/procedures/brazilian-butt-lift-bbl-miami,0,1,2.0
180d,does a tummy tuck hurt,/procedures/tummy-tuck-miami,0,1,2.0
180d,does a tummy tuck remove visceral fat,/procedures/tummy-tuck-miami,0,1,2.0
180d,does insurance cover mommy makeover,/procedures/mommy-makeover-miami,0,1,85.0
180d,does sono bello do arm lifts,/procedures/facelift-miami,0,1,2.0
180d,double bbl surgery,/procedures/brazilian-butt-lift-bbl-miami,0,1,3.0
180d,dr alfred sofer miami reviews,/procedures/brazilian-butt-lift-bbl-miami,0,1,3.0
180d,dr ary krau prices,/procedures/breast-augmentation-miami,0,1,71.0
180d,dr boulos miami,/procedures/brazilian-butt-lift-bbl-miami,0,1,5.0
180d,dr finical charlotte plastic surgery,/procedures/mommy-makeover-miami,0,1,5.0
180d,dr karlinsky alluring plastic surgery,/procedures/facelift-miami,0,1,12.0
180d,dr liakos,/procedures/tummy-tuck-miami,0,1,5.0
180d,dr miami,/procedures/brazilian-butt-lift-bbl-miami,0,1,4.0
180d,dr miami bbl cost,/procedures/brazilian-butt-lift-bbl-miami,0,1,3.0
180d,dr miami breast reduction,/procedures/breast-reduction-miami,0,1,61.0
180d,dr miami liposuction cost,/procedures/liposuction-miami,0,1,72.0
180d,dr miami plastic surgery,/procedures/mommy-makeover-miami,0,1,4.0
180d,dr miami plastic surgery prices,/procedures/mommy-makeover-miami,0,1,3.0
180d,dr miami price list 2026,/procedures/mommy-makeover-miami,0,1,2.0
180d,dr miami pricing,/procedures/blepharoplasty-miami,0,1,4.0
180d,dr miami reviews,/procedures/blepharoplasty-miami,0,1,4.0
180d,dr michael salzhauer prices,/procedures/mommy-makeover-miami,0,1,1.0
180d,dr michael stefan miami reviews,/procedures/mommy-makeover-miami,0,1,3.0
180d,dr oliver simmons miami reviews,/procedures/brazilian-butt-lift-bbl-miami,0,1,3.0
180d,dr robb facial plastic surgery,/procedures/facelift-miami,0,1,3.0
180d,dr victoria karlinsky reviews,/procedures/mommy-makeover-miami,0,1,76.0
180d,dr. meegan gruber,/procedures/brazilian-butt-lift-bbl-miami,0,1,3.0
180d,dr. miami,/procedures/blepharoplasty-miami,0,1,4.0
180d,drainless tummy tuck miami,/procedures/tummy-tuck-miami,0,1,66.0
180d,en miami,/procedures/brazilian-butt-lift-bbl-miami,0,1,2.0
180d,evaluate miami plastic surgery on blepharoplasty,/procedures/blepharoplasty-miami,0,1,6.0
180d,evaluate miami plastic surgery on rhinoplasty,/procedures/brazilian-butt-lift-bbl-miami,0,1,8.0
180d,evaluate the body sculpting company dr.miami on fat removal,/procedures/liposuction-miami,0,1,56.0
180d,evelift reviews,/procedures/brazilian-butt-lift-bbl-miami,0,1,2.0
180d,everything,/procedures/mommy-makeover-miami,0,1,3.0
180d,expected recovery time,/procedures/mommy-makeover-miami,0,1,5.0
180d,express liposuction,/procedures/liposuction-miami,0,1,69.0
180d,extended tummy tuck coral gables,/procedures/tummy-tuck-miami,0,1,54.0
180d,extreme cc breast implants south florida,/procedures/breast-lift-miami,0,1,42.0
180d,eye bag operation cost,/procedures/blepharoplasty-miami,0,1,3.0
180d,eye plastic surgery,/procedures/blepharoplasty-miami,0,1,1.0
180d,eye surgeries,/procedures/blepharoplasty-miami,0,1,1.0
180d,eyelid lift,/procedures/blepharoplasty-miami,0,1,1.0
180d,eyelid lift melbourne florida,/procedures/blepharoplasty-miami,0,1,1.0
180d,eyelid surgery miami gardens,/procedures/blepharoplasty-miami,0,1,67.0
180d,eyelid surgery specialists in miami,/procedures/blepharoplasty-miami,0,1,76.0
180d,face lift before and after,/procedures/facelift-miami,0,1,2.0
180d,face lift cost,/procedures/facelift-miami,0,1,3.0
180d,face lift north miami garden,/procedures/facelift-miami,0,1,30.0
180d,face lift recovery timeline,/procedures/facelift-miami,0,1,2.0
180d,face lift signs,/procedures/facelift-miami,0,1,1.0
180d,face liposuction,/procedures/liposuction-miami,0,1,1.0
180d,face surgery,/procedures/blepharoplasty-miami,0,1,1.0
180d,face tightening surgery,/procedures/facelift-miami,0,1,88.0
180d,face tuck surgery,/procedures/facelift-miami,0,1,93.0
180d,facelift before after,/procedures/facelift-miami,0,1,2.0
180d,facelift consultation,/procedures/facelift-miami,0,1,100.0
180d,facelift cost australia,/procedures/facelift-miami,0,1,2.0
180d,facelift cost near me,/procedures/facelift-miami,0,1,28.0
180d,facelift procedure,/procedures/facelift-miami,0,1,3.0
180d,facelift rhytidectomy,/procedures/facelift-miami,0,1,92.0
180d,facelift south florida,/procedures/facelift-miami,0,1,74.0
180d,facelift surgeons,/procedures/facelift-miami,0,1,37.0
180d,facelift surgery consultation booking optimization,/procedures/facelift-miami,0,1,99.0
180d,facelift surgery cost miami 2025 or 2026,/procedures/facelift-miami,0,1,16.0
180d,facelift surgery cost miami florida 2025 2026,/procedures/facelift-miami,0,1,13.0
180d,facelift surgery cost miami florida 2025 or 2026,/procedures/facelift-miami,0,1,18.0
180d,facial fat transfer nassau county ny,/procedures/facelift-miami,0,1,5.0
180d,facial liposuction,/procedures/liposuction-miami,0,1,1.0
180d,facial plastic surgery near me,/procedures/facelift-miami,0,1,98.0
180d,failed tummy tuck,/procedures/tummy-tuck-miami,0,1,3.0
180d,fat butt nude,/procedures/brazilian-butt-lift-bbl-miami,0,1,56.0
180d,fat removal plastic surgery,/procedures/liposuction-miami,0,1,87.0
180d,fat surgery,/procedures/liposuction-miami,0,1,85.0
180d,fat transfer,/procedures/mommy-makeover-miami,0,1,39.0
180d,fat transfer to breast miami cost,/procedures/breast-augmentation-miami,0,1,1.0
180d,fdl tummy tuck scar,/procedures/tummy-tuck-miami,0,1,3.0
180d,fleur de lis abdominoplasty,/procedures/tummy-tuck-miami,0,1,3.0
180d,fleur de lis surgery,/procedures/tummy-tuck-miami,0,1,3.0
180d,fleur de lis tummy tuck cost,/procedures/tummy-tuck-miami,0,1,3.0
180d,fleur de lis tummy tuck near me,/procedures/tummy-tuck-miami,0,1,2.0
180d,fleur-de-lis abdominoplasty,/procedures/tummy-tuck-miami,0,1,3.0
180d,florida brazilian buttock augmentation,/procedures/brazilian-butt-lift-bbl-miami,0,1,69.0
180d,florida breast lift,/procedures/breast-augmentation-miami,0,1,2.0
180d,florida facelift,/procedures/facelift-miami,0,1,90.0
180d,foto,/procedures/tummy-tuck-miami,0,1,16.0
180d,full body loose skin removal cost,/procedures/tummy-tuck-miami,0,1,3.0
180d,full body skin removal surgery cost mexico,/procedures/tummy-tuck-miami,0,1,3.0
180d,generous breasts,/procedures/breast-reduction-miami,0,1,1.0
180d,get a bbl,/procedures/brazilian-butt-lift-bbl-miami,0,1,77.0
180d,girl with bbl,/procedures/brazilian-butt-lift-bbl-miami,0,1,1.0
180d,gluteal implant miami,/procedures/brazilian-butt-lift-bbl-miami,0,1,82.0
180d,good bbl,/procedures/brazilian-butt-lift-bbl-miami,0,1,12.0
180d,half face lift,/procedures/facelift-miami,0,1,18.0
180d,hidef lipo miami beach,/procedures/liposuction-miami,0,1,85.0
180d,high bmi lipo 360 near me,/procedures/liposuction-miami,0,1,97.0
180d,high definition tummy tuck,/procedures/tummy-tuck-miami,0,1,1.0
180d,hourglass tummy tuck in miami,/procedures/mommy-makeover-miami,0,1,20.0
180d,how a tummy tuck is done,/procedures/tummy-tuck-miami,0,1,2.0
180d,how common are breast reductions,/procedures/breast-reduction-miami,0,1,3.0
180d,how dangerous is a tummy tuck,/procedures/tummy-tuck-miami,0,1,2.0
180d,how do people pay for plastic surgery,/procedures/brazilian-butt-lift-bbl-miami,0,1,3.0
180d,how does a brazilian butt lift enhance lower body curves?,/procedures/brazilian-butt-lift-bbl-miami,0,1,15.0
180d,how is muscle repair done in tummy tuck,/procedures/tummy-tuck-miami,0,1,2.0
180d,how long after mommy makeover can i drive,/procedures/mommy-makeover-miami,0,1,97.0
180d,how long after tummy tuck can i sleep on my side,/procedures/tummy-tuck-miami,0,1,3.0
180d,how long do you wear compression bra after breast reduction,/procedures/breast-reduction-miami,0,1,3.0
180d,how long does a brachioplasty take,/procedures/facelift-miami,0,1,2.0
180d,how long does a tummy tuck last,/procedures/tummy-tuck-miami,0,1,2.0
180d,how long does a tummy tuck surgery last,/procedures/tummy-tuck-miami,0,1,2.0
180d,how long does muscle repair take to heal after tummy tuck,/procedures/tummy-tuck-miami,0,1,3.0
180d,how long is a bbl procedure,/procedures/brazilian-butt-lift-bbl-miami,0,1,4.0
180d,how long is surgery,/procedures/mommy-makeover-miami,0,1,1.0
180d,how long is the tummy tuck surgery,/procedures/tummy-tuck-miami,0,1,2.0
180d,how much are bbls,/procedures/brazilian-butt-lift-bbl-miami,0,1,1.0
180d,how much are butt injections,/procedures/brazilian-butt-lift-bbl-miami,0,1,2.0
180d,how much are mini tummy tucks,/procedures/tummy-tuck-miami,0,1,3.0
180d,how much are new boobs,/procedures/breast-augmentation-miami,0,1,31.0
180d,how much are tummy tucks in florida,/procedures/tummy-tuck-miami,0,1,99.0
180d,how much can i lift,/procedures/tummy-tuck-miami,0,1,1.0
180d,how much do a bbl cost,/procedures/brazilian-butt-lift-bbl-miami,0,1,2.0
180d,how much do butt implants cost,/procedures/brazilian-butt-lift-bbl-miami,0,1,10.0
180d,how much do they cost,/procedures/breast-augmentation-miami,0,1,5.0
180d,how much does a bbl cost,/procedures/brazilian-butt-lift-bbl-miami,0,1,1.0
180d,how much does a brazilian but lift cost,/procedures/brazilian-butt-lift-bbl-miami,0,1,33.0
180d,how much does a facelift cost in australia,/procedures/facelift-miami,0,1,3.0
180d,how much does a mommy makeover cost,/procedures/mommy-makeover-miami,0,1,1.0
180d,how much does a sonobello treatment cost,/procedures/tummy-tuck-miami,0,1,2.0
180d,how much does a tummy tuck cost in florida,/procedures/tummy-tuck-miami,0,1,77.0
180d,how much does a tummy tuck cost in south africa,/procedures/tummy-tuck-miami,0,1,3.0
180d,how much does an apronectomy cost,/procedures/tummy-tuck-miami,0,1,3.0
180d,how much does dr miami charge for bbl,/procedures/brazilian-butt-lift-bbl-miami,0,1,43.0
180d,how much does it cost in florida,/procedures/brazilian-butt-lift-bbl-miami,0,1,2.0
180d,how much does it cost to get a bbl,/procedures/brazilian-butt-lift-bbl-miami,0,1,1.0
180d,how much does it cost to get a mommy makeover,/procedures/mommy-makeover-miami,0,1,1.0
180d,how much does liposuction cost,/procedures/liposuction-miami,0,1,1.0
180d,how much does liposuction cost on the stomach,/procedures/liposuction-miami,0,1,2.0
180d,how much does sono bello tummy tuck cost,/procedures/tummy-tuck-miami,0,1,3.0
180d,how much for a tummy tuck,/procedures/tummy-tuck-miami,0,1,1.0
180d,how much is a abdominoplasty,/procedures/tummy-tuck-miami,0,1,2.0
180d,how much is a boob job in kentucky,/procedures/breast-augmentation-miami,0,1,1.0
180d,how much is a boob lift and tummy tuck,/procedures/tummy-tuck-miami,0,1,2.0
180d,how much is a breast lift with implants,/procedures/breast-augmentation-miami,0,1,2.0
180d,how much is a breast reduction in miami,/procedures/breast-reduction-miami,0,1,66.0
180d,how much is a fat transfer to buttocks,/procedures/brazilian-butt-lift-bbl-miami,0,1,1.0
180d,how much is a good bbl,/procedures/brazilian-butt-lift-bbl-miami,0,1,12.0
180d,how much is a liposuction in miami,/procedures/liposuction-miami,0,1,58.0
180d,how much is a mommy makeover?,/procedures/mommy-makeover-miami,0,1,1.0
180d,how much is a natural bbl,/procedures/brazilian-butt-lift-bbl-miami,0,1,25.0
180d,how much is a tummy tuck,/procedures/tummy-tuck-miami,0,1,1.0
180d,how much is a tummy tuck in dallas texas,/procedures/tummy-tuck-miami,0,1,2.0
180d,how much is a tummy tuck in nc,/procedures/tummy-tuck-miami,0,1,48.0
180d,how much is a tummy tuck in northern ireland,/procedures/tummy-tuck-miami,0,1,3.0
180d,how much is a tummy tuck in south africa,/procedures/tummy-tuck-miami,0,1,2.0
180d,how much is bbl,/procedures/brazilian-butt-lift-bbl-miami,0,1,1.0
180d,how much is fat transfer,/procedures/brazilian-butt-lift-bbl-miami,0,1,2.0
180d,how much is mommy makeover,/procedures/mommy-makeover-miami,0,1,1.0
180d,how much is sonobello,/procedures/tummy-tuck-miami,0,1,3.0
180d,how much is stomach liposuction uk,/procedures/tummy-tuck-miami,0,1,3.0
180d,how much is the procedure?,/procedures/breast-augmentation-miami,0,1,1.0
180d,how much is tummy tuck in nigeria,/procedures/tummy-tuck-miami,0,1,2.0
180d,how much liposuction cost,/procedures/liposuction-miami,0,1,2.0
180d,how much us a tummy tuck,/procedures/tummy-tuck-miami,0,1,2.0
180d,how much will it cost,/procedures/brazilian-butt-lift-bbl-miami,0,1,5.0
180d,huge boob,/procedures/breast-reduction-miami,0,1,3.0
180d,hyaluronic acid butt lift miami,/procedures/brazilian-butt-lift-bbl-miami,0,1,56.0
180d,i want a bbl,/procedures/brazilian-butt-lift-bbl-miami,0,1,1.0
180d,i want to get breast implants done whats the pricing for surgery packages in miami,/procedures/breast-augmentation-miami,0,1,8.0
180d,images,/procedures/tummy-tuck-miami,0,1,20.0
180d,implants miami,/procedures/breast-augmentation-miami,0,1,2.0
180d,in florida,/procedures/brazilian-butt-lift-bbl-miami,0,1,4.0
180d,in miami,/procedures/brazilian-butt-lift-bbl-miami,0,1,6.0
180d,in miami,/procedures/breast-augmentation-miami,0,1,3.0
180d,inplants,/procedures/breast-augmentation-miami,0,1,7.0
180d,instant bbl miami,/procedures/brazilian-butt-lift-bbl-miami,0,1,76.0
180d,instant brazilian butt lift miami,/procedures/brazilian-butt-lift-bbl-miami,0,1,33.0
180d,is a tummy tuck major surgery,/procedures/tummy-tuck-miami,0,1,2.0
180d,is a tummy tuck painful,/procedures/tummy-tuck-miami,0,1,2.0
180d,is a tummy tuck painful recovery,/procedures/tummy-tuck-miami,0,1,2.0
180d,is a tummy tuck worth it,/procedures/tummy-tuck-miami,0,1,2.0
180d,is dr stephanie luster board certified,/procedures/brazilian-butt-lift-bbl-miami,0,1,2.0
180d,is loose skin removal covered by medicare,/procedures/tummy-tuck-miami,0,1,2.0
180d,is sonobella safe,/procedures/tummy-tuck-miami,0,1,3.0
180d,is tummy tuck safe,/procedures/tummy-tuck-miami,0,1,2.0
180d,is tummy tuck safe after c section,/procedures/tummy-tuck-miami,0,1,2.0
180d,is tummy tuck worth it,/procedures/tummy-tuck-miami,0,1,2.0
180d,jak to vypada,/procedures/breast-augmentation-miami,0,1,10.0
180d,lash brow lid,/procedures/facelift-miami,0,1,1.0
180d,latina boob drop,/procedures/breast-augmentation-miami,0,1,87.0
180d,latina mommy makeover,/procedures/mommy-makeover-miami,0,1,14.0
180d,latina natural breasts,/procedures/breast-augmentation-miami,0,1,51.0
180d,lift and augmentation,/procedures/breast-augmentation-miami,0,1,3.0
180d,liftera treatment near me,/procedures/breast-reduction-miami,0,1,1.0
180d,like a good one,/procedures/breast-augmentation-miami,0,1,7.0
180d,lipo 360 with bbl price near me,/procedures/brazilian-butt-lift-bbl-miami,0,1,1.0
180d,lipo back fat before and after,/procedures/liposuction-miami,0,1,4.0
180d,lipo cost in miami,/procedures/liposuction-miami,0,1,65.0
180d,lipo doctors in miami,/procedures/liposuction-miami,0,1,72.0
180d,lipo in miami cost,/procedures/liposuction-miami,0,1,70.0
180d,lipo in miami florida,/procedures/liposuction-miami,0,1,71.0
180d,lipo laser miami,/procedures/liposuction-miami,0,1,85.0
180d,lipo suction miami,/procedures/liposuction-miami,0,1,67.0
180d,lipo360 miami,/procedures/liposuction-miami,0,1,90.0
180d,liposculpture cost miami,/procedures/liposuction-miami,0,1,84.0
180d,liposuccion de alta definicion south miami,/procedures/liposuction-miami,0,1,75.0
180d,liposuction & bbl florida,/procedures/brazilian-butt-lift-bbl-miami,0,1,29.0
180d,liposuction buffalo hump,/procedures/liposuction-miami,0,1,3.0
180d,liposuction clinics,/procedures/liposuction-miami,0,1,21.0
180d,liposuction doctor florida,/procedures/liposuction-miami,0,1,84.0
180d,liposuction for bbl,/procedures/brazilian-butt-lift-bbl-miami,0,1,1.0
180d,liposuction hialeah,/procedures/liposuction-miami,0,1,66.0
180d,liposuction price miami,/procedures/liposuction-miami,0,1,58.0
180d,liposuction questions,/procedures/liposuction-miami,0,1,3.0
180d,liposuction surgeons miami,/procedures/liposuction-miami,0,1,86.0
180d,liposuction surgery near me,/procedures/liposuction-miami,0,1,20.0
180d,liposuction vs sono bello,/procedures/tummy-tuck-miami,0,1,3.0
180d,lipotransferencia miami,/procedures/liposuction-miami,0,1,55.0
180d,lipotransferencia south miami,/procedures/liposuction-miami,0,1,73.0
180d,lollipop incision,/procedures/breast-reduction-miami,0,1,1.0
180d,lower bleph miami,/procedures/blepharoplasty-miami,0,1,77.0
180d,lower blepharoplasty brisbane,/procedures/blepharoplasty-miami,0,1,2.0
180d,lower blepharoplasty coral gables,/procedures/blepharoplasty-miami,0,1,82.0
180d,lower blepharoplasty melbourne cost,/procedures/blepharoplasty-miami,0,1,3.0
180d,lowest price breast augmentation miami silicone implants,/procedures/breast-augmentation-miami,0,1,54.0
180d,lutz breast augmentation,/procedures/breast-lift-miami,0,1,101.0
180d,macslift,/procedures/facelift-miami,0,1,3.0
180d,male bbl miami,/procedures/brazilian-butt-lift-bbl-miami,0,1,63.0
180d,mami make cover,/procedures/mommy-makeover-miami,0,1,70.0
180d,mami make over,/procedures/mommy-makeover-miami,0,1,67.0
180d,marionette lines surgery,/procedures/facelift-miami,0,1,1.0
180d,mastopexy boca raton,/procedures/breast-lift-miami,0,1,79.0
180d,mastopexy surgery south florida,/procedures/breast-lift-miami,0,1,65.0
180d,mastopexy techniques,/procedures/breast-lift-miami,0,1,46.0
180d,meaning of bbl,/procedures/brazilian-butt-lift-bbl-miami,0,1,2.0
180d,mia aesthetic miami,/procedures/mommy-makeover-miami,0,1,2.0
180d,miami,/procedures/mommy-makeover-miami,0,1,2.0
180d,miami 360 lipo,/procedures/liposuction-miami,0,1,83.0
180d,miami bbl plastic surgeons,/procedures/brazilian-butt-lift-bbl-miami,0,1,28.0
180d,miami bbl prices,/procedures/brazilian-butt-lift-bbl-miami,0,1,1.0
180d,"miami beach, fl nonsurgical facelift",/procedures/facelift-miami,0,1,92.0
180d,miami bitch bbl,/procedures/brazilian-butt-lift-bbl-miami,0,1,1.0
180d,miami breast implant cost,/procedures/breast-augmentation-miami,0,1,30.0
180d,miami breast reduction surgeon,/procedures/breast-reduction-miami,0,1,2.0
180d,miami breast revision,/procedures/breast-augmentation-miami,0,1,92.0
180d,miami mammoplasty,/procedures/breast-lift-miami,0,1,99.0
180d,miami mommy,/procedures/mommy-makeover-miami,0,1,33.0
180d,miami mommy makeover average cost 2026,/procedures/mommy-makeover-miami,0,1,1.0
180d,miami plastic surgery breast augmentation,/procedures/breast-augmentation-miami,0,1,70.0
180d,miami price,/procedures/brazilian-butt-lift-bbl-miami,0,1,3.0
180d,miami rhytidectomy,/procedures/facelift-miami,0,1,72.0
180d,miami tummy tuck price,/procedures/tummy-tuck-miami,0,1,94.0
180d,miami tummy tuck prices,/procedures/tummy-tuck-miami,0,1,89.0
180d,miami tummy tucks,/procedures/tummy-tuck-miami,0,1,68.0
180d,mini boob job cost,/procedures/brazilian-butt-lift-bbl-miami,0,1,1.0
180d,mini face lift miami cost,/procedures/mommy-makeover-miami,0,1,1.0
180d,mini facelift cost miami florida 2025 or 2026,/procedures/facelift-miami,0,1,14.0
180d,mini facelift cost miami florida 2026,/procedures/facelift-miami,0,1,17.0
180d,mini mommy makeover cost,/procedures/mommy-makeover-miami,0,1,1.0
180d,mini tummy tuck photos,/procedures/tummy-tuck-miami,0,1,2.0
180d,mini tummy tuck recovery,/procedures/tummy-tuck-miami,0,1,3.0
180d,mini vs full tummy tuck,/procedures/tummy-tuck-miami,0,1,3.0
180d,mmo miami,/procedures/mommy-makeover-miami,0,1,47.0
180d,mommy 360,/procedures/mommy-makeover-miami,0,1,36.0
180d,mommy make over,/procedures/mommy-makeover-miami,0,1,1.0
180d,mommy make over,/procedures/tummy-tuck-miami,0,1,1.0
180d,mommy makeover 360,/procedures/mommy-makeover-miami,0,1,44.0
180d,mommy makeover before and after,/procedures/tummy-tuck-miami,0,1,3.0
180d,mommy makeover before and after miami,/procedures/mommy-makeover-miami,0,1,56.0
180d,mommy makeover bellingham,/procedures/mommy-makeover-miami,0,1,87.0
180d,mommy makeover boynton beach,/procedures/mommy-makeover-miami,0,1,76.0
180d,mommy makeover cedar heights,/procedures/mommy-makeover-miami,0,1,26.0
180d,mommy makeover consultation with personalized surgical planning,/procedures/mommy-makeover-miami,0,1,13.0
180d,mommy makeover cost,/procedures/tummy-tuck-miami,0,1,3.0
180d,mommy makeover cost miami 2026,/procedures/mommy-makeover-miami,0,1,6.0
180d,mommy makeover death rate,/procedures/tummy-tuck-miami,0,1,3.0
180d,mommy makeover dolphin cove,/procedures/mommy-makeover-miami,0,1,62.0
180d,mommy makeover dr miami,/procedures/mommy-makeover-miami,0,1,43.0
180d,mommy makeover fish islands,/procedures/mommy-makeover-miami,0,1,97.0
180d,mommy makeover great neck,/procedures/mommy-makeover-miami,0,1,99.0
180d,mommy makeover in mexico,/procedures/mommy-makeover-miami,0,1,1.0
180d,mommy makeover jacksonville beach fl,/procedures/mommy-makeover-miami,0,1,76.0
180d,mommy makeover jacksonville fl,/procedures/mommy-makeover-miami,0,1,81.0
180d,mommy makeover lithuania,/procedures/tummy-tuck-miami,0,1,4.0
180d,mommy makeover melbourne fl,/procedures/mommy-makeover-miami,0,1,75.0
180d,mommy makeover mexico,/procedures/tummy-tuck-miami,0,1,3.0
180d,mommy makeover orlando,/procedures/mommy-makeover-miami,0,1,86.0
180d,mommy makeover prices,/procedures/mommy-makeover-miami,0,1,1.0
180d,mommy makeover pricing,/procedures/mommy-makeover-miami,0,1,1.0
180d,mommy makeover providers in aventura with concierge support.,/procedures/mommy-makeover-miami,0,1,1.0
180d,mommy makeover provo,/procedures/mommy-makeover-miami,0,1,83.0
180d,mommy makeover saskatoon,/procedures/tummy-tuck-miami,0,1,3.0
180d,mommy makeover southport,/procedures/mommy-makeover-miami,0,1,1.0
180d,mommy makeover st johns fl,/procedures/mommy-makeover-miami,0,1,88.0
180d,mommy makeover surrey,/procedures/mommy-makeover-miami,0,1,82.0
180d,mommy makeover tallahassee,/procedures/mommy-makeover-miami,0,1,52.0
180d,mommy makeover usa,/procedures/mommy-makeover-miami,0,1,76.0
180d,mommy makeover winnipeg,/procedures/tummy-tuck-miami,0,1,3.0
180d,mommy makeovers salt lake city,/procedures/mommy-makeover-miami,0,1,86.0
180d,mommy package plastic surgery,/procedures/mommy-makeover-miami,0,1,83.0
180d,mommy plastic surgery package,/procedures/mommy-makeover-miami,0,1,94.0
180d,mommy surgery package,/procedures/mommy-makeover-miami,0,1,81.0
180d,more photos,/procedures/breast-augmentation-miami,0,1,6.0
180d,mummy make over surgery,/procedures/tummy-tuck-miami,0,1,4.0
180d,mummy makeover canberra,/procedures/mommy-makeover-miami,0,1,1.0
180d,mummy package surgery,/procedures/mommy-makeover-miami,0,1,94.0
180d,natural bbl cost,/procedures/brazilian-butt-lift-bbl-miami,0,1,13.0
180d,natural bbl look,/procedures/brazilian-butt-lift-bbl-miami,0,1,99.0
180d,natural bbl results florida,/procedures/brazilian-butt-lift-bbl-miami,0,1,10.0
180d,natural bbls,/procedures/brazilian-butt-lift-bbl-miami,0,1,9.0
180d,neck lift cost miami,/procedures/facelift-miami,0,1,85.0
180d,neck lift miami,/procedures/facelift-miami,0,1,48.0
180d,nhs tummy tuck criteria,/procedures/tummy-tuck-miami,0,1,2.0
180d,non surgical bbl near me,/procedures/brazilian-butt-lift-bbl-miami,0,1,4.0
180d,"nonsurgical facelift miami beach, fl",/procedures/facelift-miami,0,1,97.0
180d,one-hour facelift miami,/procedures/facelift-miami,0,1,14.0
180d,operation mommy,/procedures/mommy-makeover-miami,0,1,5.0
180d,operation: mommy,/procedures/mommy-makeover-miami,0,1,3.0
180d,ophthalmic plastic surgery miami,/procedures/blepharoplasty-miami,0,1,50.0
180d,ozempic butt bend oregon,/procedures/tummy-tuck-miami,0,1,85.0
180d,perfect tummy tuck,/procedures/tummy-tuck-miami,0,1,51.0
180d,petite bbl sculpt,/procedures/brazilian-butt-lift-bbl-miami,0,1,91.0
180d,pics,/procedures/tummy-tuck-miami,0,1,1.0
180d,picture of stages,/procedures/tummy-tuck-miami,0,1,9.0
180d,pictures of tummy tucks,/procedures/tummy-tuck-miami,0,1,8.0
180d,plastic surgeon breast implants,/procedures/breast-augmentation-miami,0,1,100.0
180d,plastic surgery after weight loss south miami,/procedures/tummy-tuck-miami,0,1,90.0
180d,plastic surgery breast,/procedures/breast-augmentation-miami,0,1,90.0
180d,plastic surgery breast augmentation,/procedures/breast-augmentation-miami,0,1,98.0
180d,plastic surgery for tummy,/procedures/tummy-tuck-miami,0,1,82.0
180d,plastic surgery in canada cost,/procedures/brazilian-butt-lift-bbl-miami,0,1,2.0
180d,plastic surgery in miami fl prices,/procedures/mommy-makeover-miami,0,1,3.0
180d,plastic surgery lipo,/procedures/liposuction-miami,0,1,75.0
180d,plastic surgery miami prices,/procedures/breast-augmentation-miami,0,1,4.0
180d,plastic surgery miami prices,/procedures/tummy-tuck-miami,0,1,6.0
180d,plus size bbl,/procedures/brazilian-butt-lift-bbl-miami,0,1,67.0
180d,plus size tummy tuck miami,/procedures/mommy-makeover-miami,0,1,69.0
180d,ponytail facelift florida,/procedures/facelift-miami,0,1,89.0
180d,ponytail facelift hialeah,/procedures/facelift-miami,0,1,25.0
180d,popular surgery procedures in miami,/procedures/mommy-makeover-miami,0,1,55.0
180d,precio aprox?,/procedures/mommy-makeover-miami,0,1,3.0
180d,precios 2026,/procedures/mommy-makeover-miami,0,1,6.0
180d,preserve breast augmentation before and after,/procedures/breast-reduction-miami,0,1,2.0
180d,preserve surgery,/procedures/breast-reduction-miami,0,1,3.0
180d,price breast augmentation,/procedures/breast-augmentation-miami,0,1,1.0
180d,price in miami,/procedures/tummy-tuck-miami,0,1,1.0
180d,price of a tummy tuck,/procedures/tummy-tuck-miami,0,1,3.0
180d,price of tummy tuck in florida,/procedures/tummy-tuck-miami,0,1,81.0
180d,pricing,/procedures/brazilian-butt-lift-bbl-miami,0,1,8.0
180d,ptosis repair miami,/procedures/blepharoplasty-miami,0,1,75.0
180d,punci plasztika,/procedures/tummy-tuck-miami,0,1,20.0
180d,pure plastic surgery reviews,/procedures/brazilian-butt-lift-bbl-miami,0,1,3.0
180d,real patient reviews the method miami mommy makeover,/procedures/mommy-makeover-miami,0,1,9.0
180d,recently had second baby need mommy makeover surgeon recommendations in miami florida area,/procedures/mommy-makeover-miami,0,1,13.0
180d,reconstructive plastic surgery,/procedures/blepharoplasty-miami,0,1,1.0
180d,recovery after brachioplasty,/procedures/facelift-miami,0,1,2.0
180d,recovery from a tummy tuck,/procedures/tummy-tuck-miami,0,1,2.0
180d,recovery time awake facelift vs general anesthesia,/procedures/facelift-miami,0,1,15.0
180d,reduction mammaplasty miami,/procedures/breast-reduction-miami,0,1,15.0
180d,remove fat from stomach surgery,/procedures/tummy-tuck-miami,0,1,3.0
180d,reverse tummy tuck scar photos,/procedures/tummy-tuck-miami,0,1,14.0
180d,revision breast augmentation miami,/procedures/breast-augmentation-miami,0,1,93.0
180d,revision liposuction miami,/procedures/liposuction-miami,0,1,82.0
180d,revisión de bbl en miami,/procedures/brazilian-butt-lift-bbl-miami,0,1,50.0
180d,rhytidectomy in four corners,/procedures/facelift-miami,0,1,46.0
180d,rhytidectomy price,/procedures/facelift-miami,0,1,76.0
180d,risks of tummy tuck,/procedures/tummy-tuck-miami,0,1,3.0
180d,rupert friend,/procedures/facelift-miami,0,1,4.0
180d,safe breast augmentation miami,/procedures/mommy-makeover-miami,0,1,49.0
180d,safe lipo miami,/procedures/liposuction-miami,0,1,96.0
180d,saline breast injections cost,/procedures/breast-augmentation-miami,0,1,1.0
180d,saline vs silicone implants before and after,/procedures/breast-augmentation-miami,0,1,3.0
180d,sally field,/procedures/facelift-miami,0,1,3.0
180d,scarring after breast lift,/procedures/breast-reduction-miami,0,1,2.0
180d,schedule liposuction,/procedures/liposuction-miami,0,1,91.0
180d,sculpted tummy tuck,/procedures/tummy-tuck-miami,0,1,73.0
180d,show me before and after photos,/procedures/tummy-tuck-miami,0,1,12.0
180d,show me pictures,/procedures/breast-augmentation-miami,0,1,1.0
180d,side effects of abdominoplasty,/procedures/tummy-tuck-miami,0,1,2.0
180d,skin tightening after liposuction miami,/procedures/liposuction-miami,0,1,98.0
180d,skinny bbl cost 2026,/procedures/brazilian-butt-lift-bbl-miami,0,1,7.0
180d,smart facelift cost,/procedures/facelift-miami,0,1,84.0
180d,smart plastic surgery,/procedures/tummy-tuck-miami,0,1,6.0
180d,smart plastic surgery miami florida,/procedures/facelift-miami,0,1,70.0
180d,smartlipo before after,/procedures/liposuction-miami,0,1,2.0
180d,sona bello,/procedures/tummy-tuck-miami,0,1,2.0
180d,sonabello,/procedures/tummy-tuck-miami,0,1,2.0
180d,sonella,/procedures/tummy-tuck-miami,0,1,2.0
180d,sono bello ab ex,/procedures/tummy-tuck-miami,0,1,3.0
180d,sono bello buffalo,/procedures/tummy-tuck-miami,0,1,2.0
180d,sono bello corpus christi reviews,/procedures/tummy-tuck-miami,0,1,3.0
180d,sono bello google reviews,/procedures/tummy-tuck-miami,0,1,5.0
180d,sono bello near me,/procedures/tummy-tuck-miami,0,1,2.0
180d,sono bello nightmare,/procedures/tummy-tuck-miami,0,1,3.0
180d,sono bello nightmare before and after,/procedures/tummy-tuck-miami,0,1,3.0
180d,sono bello real reviews,/procedures/tummy-tuck-miami,0,1,4.0
180d,sono bello reviews consumer reports,/procedures/tummy-tuck-miami,0,1,3.0
180d,sono bello reviews negative,/procedures/tummy-tuck-miami,0,1,3.0
180d,sono bello surgeons,/procedures/tummy-tuck-miami,0,1,2.0
180d,sono bello treatment,/procedures/tummy-tuck-miami,0,1,3.0
180d,start task,/procedures/brazilian-butt-lift-bbl-miami,0,1,10.0
180d,stomach lift,/procedures/tummy-tuck-miami,0,1,58.0
180d,subtle hourglass,/procedures/brazilian-butt-lift-bbl-miami,0,1,1.0
180d,surgery for eye bags,/procedures/blepharoplasty-miami,0,1,3.0
180d,surgery tuck tummy,/procedures/tummy-tuck-miami,0,1,46.0
180d,symptoms of diastasis recti,/procedures/tummy-tuck-miami,0,1,2.0
180d,tasteful bbl,/procedures/brazilian-butt-lift-bbl-miami,0,1,10.0
180d,tommy tuck cost in miami,/procedures/tummy-tuck-miami,0,1,46.0
180d,top 10 bbl surgeons in miami,/procedures/brazilian-butt-lift-bbl-miami,0,1,3.0
180d,top bbl surgeons near me,/procedures/brazilian-butt-lift-bbl-miami,0,1,2.0
180d,top cosmetic surgeon reviews,/procedures/brazilian-butt-lift-bbl-miami,0,1,7.0
180d,"top plastic surgeons in tucson, az",/procedures/facelift-miami,0,1,3.0
180d,top tummy tuck surgeons in florida,/procedures/tummy-tuck-miami,0,1,93.0
180d,top-rated mommy makeover surgeon in miami,/procedures/mommy-makeover-miami,0,1,8.0
180d,torsoplasty before and after,/procedures/tummy-tuck-miami,0,1,1.0
180d,tummy,/procedures/tummy-tuck-miami,0,1,6.0
180d,tummy liposuction cost melbourne,/procedures/liposuction-miami,0,1,3.0
180d,tummy plastic surgery,/procedures/tummy-tuck-miami,0,1,92.0
180d,tummy tuck 360,/procedures/tummy-tuck-miami,0,1,3.0
180d,tummy tuck 360 before and after,/procedures/tummy-tuck-miami,0,1,3.0
180d,tummy tuck and bbl miami,/procedures/brazilian-butt-lift-bbl-miami,0,1,72.0
180d,tummy tuck and lipo miami,/procedures/tummy-tuck-miami,0,1,30.0
180d,tummy tuck and thigh lift,/procedures/tummy-tuck-miami,0,1,3.0
180d,tummy tuck antes y después,/procedures/tummy-tuck-miami,0,1,6.0
180d,tummy tuck befor and after,/procedures/tummy-tuck-miami,0,1,1.0
180d,tummy tuck before and after pictures,/procedures/tummy-tuck-miami,0,1,3.0
180d,tummy tuck bloomfield hills mi,/procedures/tummy-tuck-miami,0,1,7.0
180d,tummy tuck boca raton,/procedures/tummy-tuck-miami,0,1,2.0
180d,tummy tuck bradenton florida,/procedures/tummy-tuck-miami,0,1,30.0
180d,tummy tuck canberra,/procedures/tummy-tuck-miami,0,1,2.0
180d,tummy tuck complications,/procedures/tummy-tuck-miami,0,1,2.0
180d,tummy tuck cons,/procedures/tummy-tuck-miami,0,1,3.0
180d,tummy tuck coral gables fl,/procedures/tummy-tuck-miami,0,1,81.0
180d,tummy tuck cost bc,/procedures/tummy-tuck-miami,0,1,2.0
180d,tummy tuck cost brisbane,/procedures/tummy-tuck-miami,0,1,3.0
180d,tummy tuck cost in kenya,/procedures/tummy-tuck-miami,0,1,3.0
180d,tummy tuck cost in miami fl,/procedures/tummy-tuck-miami,0,1,94.0
180d,tummy tuck cost miami florida,/procedures/tummy-tuck-miami,0,1,46.0
180d,tummy tuck cost overseas,/procedures/tummy-tuck-miami,0,1,3.0
180d,tummy tuck cost utah,/procedures/tummy-tuck-miami,0,1,3.0
180d,tummy tuck costa rica,/procedures/tummy-tuck-miami,0,1,1.0
180d,tummy tuck doctors near me,/procedures/tummy-tuck-miami,0,1,87.0
180d,tummy tuck during c section,/procedures/tummy-tuck-miami,0,1,2.0
180d,tummy tuck for diastasis recti cost,/procedures/tummy-tuck-miami,0,1,3.0
180d,tummy tuck for women in tampa,/procedures/tummy-tuck-miami,0,1,1.0
180d,tummy tuck fort lauderdale,/procedures/tummy-tuck-miami,0,1,2.0
180d,tummy tuck gone wrong,/procedures/tummy-tuck-miami,0,1,3.0
180d,tummy tuck images,/procedures/tummy-tuck-miami,0,1,3.0
180d,tummy tuck in the uk,/procedures/tummy-tuck-miami,0,1,3.0
180d,tummy tuck ireland,/procedures/tummy-tuck-miami,0,1,2.0
180d,tummy tuck mexico,/procedures/tummy-tuck-miami,0,1,2.0
180d,tummy tuck miami florida cost,/procedures/tummy-tuck-miami,0,1,92.0
180d,tummy tuck mortality rate,/procedures/tummy-tuck-miami,0,1,2.0
180d,tummy tuck muscle repair cost,/procedures/tummy-tuck-miami,0,1,3.0
180d,tummy tuck nj,/procedures/tummy-tuck-miami,0,1,2.0
180d,tummy tuck plastic surgeons near me,/procedures/tummy-tuck-miami,0,1,71.0
180d,tummy tuck price in miami,/procedures/tummy-tuck-miami,0,1,90.0
180d,tummy tuck price turkey,/procedures/tummy-tuck-miami,0,1,3.0
180d,tummy tuck prices,/procedures/tummy-tuck-miami,0,1,3.0
180d,tummy tuck prices uk,/procedures/tummy-tuck-miami,0,1,3.0
180d,tummy tuck recovery essentials,/procedures/tummy-tuck-miami,0,1,2.0
180d,tummy tuck recovery time photos,/procedures/tummy-tuck-miami,0,1,7.0
180d,tummy tuck recovery tips,/procedures/tummy-tuck-miami,0,1,3.0
180d,tummy tuck regrets reddit,/procedures/brazilian-butt-lift-bbl-miami,0,1,11.0
180d,tummy tuck reviews,/procedures/tummy-tuck-miami,0,1,3.0
180d,tummy tuck risks,/procedures/tummy-tuck-miami,0,1,3.0
180d,tummy tuck risks of death,/procedures/tummy-tuck-miami,0,1,3.0
180d,tummy tuck scar,/procedures/tummy-tuck-miami,0,1,3.0
180d,tummy tuck scar photos,/procedures/tummy-tuck-miami,0,1,11.0
180d,tummy tuck side effects,/procedures/tummy-tuck-miami,0,1,3.0
180d,tummy tuck south africa,/procedures/tummy-tuck-miami,0,1,1.0
180d,tummy tuck surgeries,/procedures/tummy-tuck-miami,0,1,69.0
180d,tummy tuck surgery cost in turkey,/procedures/tummy-tuck-miami,0,1,3.0
180d,tummy tuck surgery side effects,/procedures/tummy-tuck-miami,0,1,3.0
180d,tummy tuck sydney,/procedures/tummy-tuck-miami,0,1,2.0
180d,tummy tuck turkey,/procedures/tummy-tuck-miami,0,1,3.0
180d,tummy tuck uk,/procedures/tummy-tuck-miami,0,1,4.0
180d,tummy tuck vs c section recovery,/procedures/tummy-tuck-miami,0,1,2.0
180d,tummy tuck weston fl,/procedures/tummy-tuck-miami,0,1,75.0
180d,tummy tuck with lipo before and after,/procedures/tummy-tuck-miami,0,1,4.0
180d,tummy tuck without lipo,/procedures/tummy-tuck-miami,0,1,3.0
180d,tummy tuck wound healing problems,/procedures/tummy-tuck-miami,0,1,3.0
180d,tvsn,/procedures/facelift-miami,0,1,2.0
180d,uk tummy tuck cost,/procedures/tummy-tuck-miami,0,1,3.0
180d,umbilical hernia repair and tummy tuck,/procedures/tummy-tuck-miami,0,1,2.0
180d,under breasts,/procedures/breast-reduction-miami,0,1,2.0
180d,upper arm plastic surgery,/procedures/facelift-miami,0,1,3.0
180d,upper arm tuck cost,/procedures/facelift-miami,0,1,3.0
180d,upper blepharoplasty cost miami,/procedures/blepharoplasty-miami,0,1,12.0
180d,upper eyelid surgery cost,/procedures/blepharoplasty-miami,0,1,3.0
180d,what about a bbl,/procedures/brazilian-butt-lift-bbl-miami,0,1,2.0
180d,what about in miami,/procedures/brazilian-butt-lift-bbl-miami,0,1,2.0
180d,what about miami,/procedures/breast-augmentation-miami,0,1,1.0
180d,what about miami,/procedures/mommy-makeover-miami,0,1,8.0
180d,what are drains for after tummy tuck,/procedures/tummy-tuck-miami,0,1,2.0
180d,what are prosthetic breasts,/procedures/breast-augmentation-miami,0,1,2.0
180d,what are the best clinics for laser liposuction procedures?,/procedures/liposuction-miami,0,1,9.0
180d,what are the best mommy makeover options for restoring pre-pregnancy shape?,/procedures/mommy-makeover-miami,0,1,3.0
180d,what do they do for a tummy tuck,/procedures/tummy-tuck-miami,0,1,2.0
180d,what does a tummy tuck involve,/procedures/tummy-tuck-miami,0,1,2.0
180d,what does a tummy tuck scar look like,/procedures/tummy-tuck-miami,0,1,25.0
180d,what does mommy makeover include,/procedures/tummy-tuck-miami,0,1,3.0
180d,what does sono bello do,/procedures/tummy-tuck-miami,0,1,3.0
180d,what is a body lift surgery,/procedures/facelift-miami,0,1,2.0
180d,what is a circumferential body lift,/procedures/tummy-tuck-miami,0,1,1.0
180d,what is a facelift surgery,/procedures/facelift-miami,0,1,2.0
180d,what is a good age to get a facelift,/procedures/facelift-miami,0,1,1.0
180d,what is a micro facelift,/procedures/mommy-makeover-miami,0,1,2.0
180d,what is a mini tummy tuck,/procedures/tummy-tuck-miami,0,1,2.0
180d,what is a mommy makeover,/procedures/mommy-makeover-miami,0,1,17.0
180d,what is a natural bbl,/procedures/brazilian-butt-lift-bbl-miami,0,1,10.0
180d,what is a tummy tuck,/procedures/tummy-tuck-miami,0,1,3.0
180d,what is abex procedure,/procedures/tummy-tuck-miami,0,1,2.0
180d,what is an arm lift,/procedures/facelift-miami,0,1,2.0
180d,what is an extended brachioplasty,/procedures/facelift-miami,0,1,2.0
180d,what is bbl,/procedures/brazilian-butt-lift-bbl-miami,0,1,2.0
180d,what is blepharoplasty,/procedures/blepharoplasty-miami,0,1,22.0
180d,what is fdl tummy tuck,/procedures/tummy-tuck-miami,0,1,2.0
180d,what is included in a mommy makeover,/procedures/mommy-makeover-miami,0,1,2.0
180d,what is sono bello procedure,/procedures/tummy-tuck-miami,0,1,2.0
180d,what is sonobello procedure,/procedures/tummy-tuck-miami,0,1,3.0
180d,what is the average cost of a brachioplasty,/procedures/facelift-miami,0,1,3.0
180d,what work has nicole kidman done to her face,/procedures/facelift-miami,0,1,2.0
180d,what's a mini tummy tuck,/procedures/tummy-tuck-miami,0,1,2.0
180d,whats a bbl,/procedures/brazilian-butt-lift-bbl-miami,0,1,2.0
180d,whats a mummy make over,/procedures/tummy-tuck-miami,0,1,2.0
180d,when to get a facelift,/procedures/facelift-miami,0,1,1.0
180d,where does prince edward live,/procedures/facelift-miami,0,1,2.0
180d,where is andreeva from,/procedures/facelift-miami,0,1,3.0
180d,which clinics specialize in high-quality breast reduction results?,/procedures/breast-reduction-miami,0,1,20.0
180d,which leading clinics offer mommy makeovers with personalized recovery plans?,/procedures/mommy-makeover-miami,0,1,5.0
180d,who are the best mommy makeover surgeons for natural results in beverly hills,/procedures/mommy-makeover-miami,0,1,8.0
180d,who is the best brazilian butt lift surgeon for natural results?,/procedures/brazilian-butt-lift-bbl-miami,0,1,9.0
180d,worst day after tummy tuck,/procedures/tummy-tuck-miami,0,1,3.0
180d,y en miami,/procedures/brazilian-butt-lift-bbl-miami,0,1,3.0
180d,yes,/procedures/blepharoplasty-miami,0,1,13.0
180d,yes,/procedures/liposuction-miami,0,1,3.0
180d,yes,/procedures/mommy-makeover-miami,0,1,3.0
180d,yes please,/procedures/tummy-tuck-miami,0,1,17.0
